

Microchip MPLAB XC8 Assembler V2.40 build 20220703182018 
                                                                                               Fri May 31 17:35:10 2024

Microchip MPLAB XC8 C Compiler v2.40 (Free license) build 20220703182018 Og1 
     1                           	processor	18F65J50
     2                           	fnconf	rparam,??,?,0
     3                           	pagewidth 120
     4                           	opt	flic
     5                           	psect	idataCOMRAM,global,class=CODE,delta=1,noexec
     6                           	psect	idataBANK0,global,class=CODE,delta=1,noexec
     7                           	psect	smallconst,global,reloc=2,class=SMALLCONST,delta=1,noexec
     8                           	psect	cinit,global,reloc=2,class=CODE,delta=1
     9                           	psect	bssCOMRAM,global,class=COMRAM,space=1,delta=1,lowdata,noexec
    10                           	psect	dataCOMRAM,global,class=COMRAM,space=1,delta=1,lowdata,noexec
    11                           	psect	bssBANK0,global,class=BANK0,space=1,delta=1,lowdata,noexec
    12                           	psect	dataBANK0,global,class=BANK0,space=1,delta=1,lowdata,noexec
    13                           	psect	cstackBANK0,global,class=BANK0,space=1,delta=1,lowdata,noexec
    14                           	psect	cstackCOMRAM,global,class=COMRAM,space=1,delta=1,lowdata,noexec
    15                           	psect	text0,global,reloc=2,class=CODE,delta=1
    16                           	psect	text1,global,reloc=2,class=CODE,delta=1
    17                           	psect	text2,global,reloc=2,class=CODE,delta=1
    18                           	psect	text3,global,reloc=2,class=CODE,delta=1
    19                           	psect	text4,global,reloc=2,class=CODE,delta=1
    20                           	psect	text5,global,reloc=2,class=CODE,delta=1
    21                           	psect	text6,global,reloc=2,class=CODE,delta=1
    22                           	psect	text7,global,reloc=2,class=CODE,delta=1
    23                           	psect	text8,global,reloc=2,class=CODE,delta=1
    24                           	psect	text9,global,reloc=2,class=CODE,delta=1
    25                           	psect	text10,global,reloc=2,class=CODE,delta=1
    26                           	psect	text11,global,reloc=2,class=CODE,delta=1
    27                           	psect	text12,global,reloc=2,class=CODE,delta=1
    28                           	psect	text13,global,reloc=2,class=CODE,delta=1
    29                           	psect	text14,global,reloc=2,class=CODE,delta=1
    30                           	psect	text15,global,reloc=2,class=CODE,delta=1
    31                           	psect	text16,global,reloc=2,class=CODE,delta=1
    32                           	psect	text17,global,reloc=2,class=CODE,delta=1
    33                           	psect	text18,global,reloc=2,class=CODE,delta=1
    34                           	psect	text19,global,reloc=2,class=CODE,delta=1
    35                           	psect	text20,global,reloc=2,class=CODE,delta=1,group=1
    36                           	psect	text21,global,reloc=2,class=CODE,delta=1
    37                           	psect	text22,global,reloc=2,class=CODE,delta=1
    38                           	psect	text23,global,reloc=2,class=CODE,delta=1
    39                           	psect	text24,global,reloc=2,class=CODE,delta=1
    40                           	psect	text25,global,reloc=2,class=CODE,delta=1
    41                           	psect	text26,global,reloc=2,class=CODE,delta=1,group=1
    42                           	psect	text27,global,reloc=2,class=CODE,delta=1,group=1
    43                           	psect	text28,global,reloc=2,class=CODE,delta=1
    44                           	psect	text29,global,reloc=2,class=CODE,delta=1
    45                           	psect	text30,global,reloc=2,class=CODE,delta=1
    46                           	psect	text31,global,reloc=2,class=CODE,delta=1
    47                           	psect	text32,global,reloc=2,class=CODE,delta=1
    48                           	psect	text33,global,reloc=2,class=CODE,delta=1
    49                           	psect	text34,global,reloc=2,class=CODE,delta=1
    50                           	psect	text35,global,reloc=2,class=CODE,delta=1
    51                           	psect	text36,global,reloc=2,class=CODE,delta=1
    52                           	psect	text37,global,reloc=2,class=CODE,delta=1
    53                           	psect	text38,global,reloc=2,class=CODE,delta=1
    54                           	psect	text39,global,reloc=2,class=CODE,delta=1
    55                           	psect	text40,global,reloc=2,class=CODE,delta=1
    56                           	psect	text41,global,reloc=2,class=CODE,delta=1
    57                           	psect	text42,global,reloc=2,class=CODE,delta=1
    58                           	psect	text43,global,reloc=2,class=CODE,delta=1
    59                           	psect	intcode,global,reloc=2,class=CODE,delta=1
    60                           	psect	text45,global,reloc=2,class=CODE,delta=1
    61                           	psect	text46,global,reloc=2,class=CODE,delta=1
    62                           	psect	text47,global,reloc=2,class=CODE,delta=1
    63                           	psect	text48,global,reloc=2,class=CODE,delta=1
    64                           	psect	text49,global,reloc=2,class=CODE,delta=1
    65                           	psect	intsave_regs,global,class=BIGRAM,space=1,delta=1,noexec
    66                           	psect	rparam,global,class=COMRAM,space=1,delta=1,noexec
    67                           	psect	temp,global,ovrld,common,class=COMRAM,space=1,delta=1
    68                           	psect	config,global,abs,ovrld,class=CONFIG,space=4,delta=1,noexec
    69   000000                     
    70                           ; Version 2.40
    71                           ; Generated 17/11/2021 GMT
    72                           ; 
    73                           ; Copyright © 2021, Microchip Technology Inc. and its subsidiaries ("Microchip")
    74                           ; All rights reserved.
    75                           ; 
    76                           ; This software is developed by Microchip Technology Inc. and its subsidiaries ("Microch
      +                          ip").
    77                           ; 
    78                           ; Redistribution and use in source and binary forms, with or without modification, are
    79                           ; permitted provided that the following conditions are met:
    80                           ; 
    81                           ;     1. Redistributions of source code must retain the above copyright notice, this lis
      +                          t of
    82                           ;        conditions and the following disclaimer.
    83                           ; 
    84                           ;     2. Redistributions in binary form must reproduce the above copyright notice, this 
      +                          list
    85                           ;        of conditions and the following disclaimer in the documentation and/or other
    86                           ;        materials provided with the distribution. Publication is not required when
    87                           ;        this file is used in an embedded application.
    88                           ; 
    89                           ;     3. Microchip's name may not be used to endorse or promote products derived from th
      +                          is
    90                           ;        software without specific prior written permission.
    91                           ; 
    92                           ; THIS SOFTWARE IS PROVIDED BY MICROCHIP "AS IS" AND ANY EXPRESS OR IMPLIED WARRANTIES,
    93                           ; INCLUDING, BUT NOT LIMITED TO, THE IMPLIED WARRANTIES OF MERCHANTABILITY AND FITNESS F
      +                          OR
    94                           ; PURPOSE ARE DISCLAIMED.  IN NO EVENT SHALL MICROCHIP BE LIABLE FOR ANY DIRECT, INDIREC
      +                          T,
    95                           ; INCIDENTAL, SPECIAL, EXEMPLARY, OR CONSEQUENTIAL DAMAGES (INCLUDING BUT NOT LIMITED TO
    96                           ; PROCUREMENT OF SUBSTITUTE GOODS OR SERVICES; LOSS OF USE, DATA OR PROFITS; OR BUSINESS
    97                           ; INTERRUPTION) HOWSOEVER CAUSED AND ON ANY THEORY OF LIABILITY, WHETHER IN CONTRACT, ST
      +                          RICT
    98                           ; LIABILITY, OR TORT (INCLUDING NEGLIGENCE OR OTHERWISE) ARISING IN ANY WAY OUT OF THE U
      +                          SE OF
    99                           ; THIS SOFTWARE, EVEN IF ADVISED OF THE POSSIBILITY OF SUCH DAMAGE.
   100                           ; 
   101                           ; 
   102                           ; Code-generator required, PIC18F65J50 Definitions
   103                           ; 
   104                           ; SFR Addresses
   105   000000                     
   106                           	psect	idataCOMRAM
   107   004994                     __pidataCOMRAM:
   108                           	callstack 0
   109                           
   110                           ;initializer for _errorcounter
   111   004994  001E               	dw	30
   112   004996  0000               	dw	0
   113                           
   114                           ;initializer for _fwver
   115   004998  0025               	dw	37
   116                           
   117                           ;initializer for _Vmotor_Time
   118   00499A  07D0               	dw	2000
   119                           
   120                           ;initializer for _PWM_reg
   121   00499C  3F                 	db	63
   122                           
   123                           	psect	idataBANK0
   124   0049C6                     __pidataBANK0:
   125                           	callstack 0
   126                           
   127                           ;initializer for _LowPowerCounter
   128   0049C6  0014               	dw	20
   129   0049C8  0000               	dw	0
   130   000000                     _ADCON1bits	set	4033
   131   000000                     _TRISF	set	3991
   132   000000                     _TRISE	set	3990
   133   000000                     _RCREG2	set	4010
   134   000000                     _TXREG2	set	4009
   135   000000                     _RCREG1	set	4015
   136   000000                     _TXREG1	set	4014
   137   000000                     _SPBRGH2	set	3965
   138   000000                     _SPBRG2	set	4011
   139   000000                     _SPBRGH1	set	3967
   140   000000                     _SPBRG1	set	4016
   141   000000                     _TXSTA1bits	set	4013
   142   000000                     _TRISGbits	set	3992
   143   000000                     _SSP2STAT	set	3949
   144   000000                     _SSP2ADD	set	3950
   145   000000                     _ADRESL	set	4035
   146   000000                     _ADRESH	set	4036
   147   000000                     _ADCON0bits	set	4034
   148   000000                     _PIR1bits	set	3998
   149   000000                     _IPR1bits	set	3999
   150   000000                     _TRISD5	set	31917
   151   000000                     _TMR1IE	set	31976
   152   000000                     _ADRES	set	4035
   153   000000                     _T4CONbits	set	3958
   154   000000                     _ANCON0bits	set	4033
   155   000000                     _TRISG	set	3992
   156   000000                     _TRISD	set	3989
   157   000000                     _TRISC	set	3988
   158   000000                     _TRISB	set	3987
   159   000000                     _PIE1bits	set	3997
   160   000000                     _T2CON	set	4042
   161   000000                     _CCP1CON	set	4027
   162   000000                     _INTCONbits	set	4082
   163   000000                     _TX2IF	set	32036
   164   000000                     _TX1IF	set	31988
   165   000000                     _ACKEN2	set	31580
   166   000000                     _ACKDT2	set	31581
   167   000000                     _RCEN2	set	31579
   168   000000                     _PEN2	set	31578
   169   000000                     _RSEN2	set	31577
   170   000000                     _SEN2	set	31576
   171   000000                     _TRISD6	set	31918
   172   000000                     _TRISC2	set	31906
   173   000000                     _TMR1IF	set	31984
   174   000000                     _SSP2CON2	set	3947
   175   000000                     _SSP2CON1	set	3948
   176   000000                     _PORTAbits	set	3968
   177   000000                     _PORTBbits	set	3969
   178   000000                     _LATAbits	set	3977
   179   000000                     _LATCbits	set	3979
   180   000000                     _TRISBbits	set	3987
   181   000000                     _TRISCbits	set	3988
   182   000000                     _CCP1CONbits	set	4027
   183   000000                     _WDTCONbits	set	4032
   184   000000                     _T2CONbits	set	4042
   185   000000                     _OSCCONbits	set	4051
   186   000000                     _CCPR1L	set	4028
   187   000000                     _GIE	set	32663
   188   000000                     _INTCON3bits	set	4080
   189   000000                     _TMR1	set	4046
   190   000000                     _T1CON	set	4045
   191   000000                     _RCONbits	set	4048
   192   000000                     _PR2	set	4043
   193   000000                     _LATGbits	set	3983
   194   000000                     _TRISA	set	3986
   195   000000                     _LATDbits	set	3980
   196   000000                     _PIE3bits	set	4003
   197   000000                     _PIR3bits	set	4004
   198   000000                     _IPR3bits	set	4005
   199   000000                     _TXSTA2bits	set	4008
   200   000000                     _RCSTA1bits	set	4012
   201   000000                     _CCP4CON	set	3955
   202   000000                     _T4CON	set	3958
   203   000000                     _PR4	set	3959
   204   000000                     _BAUDCON2bits	set	3964
   205   000000                     _BAUDCON1bits	set	3966
   206   000000                     _SSP2BUF	set	3951
   207   000000                     _RCSTA2bits	set	3996
   208   000000                     _T3CONbits	set	3961
   209                           
   210                           	psect	smallconst
   211   001000                     __psmallconst:
   212                           	callstack 0
   213   001000  00                 	db	0
   214   001001                     STR_11:
   215                           
   216                           ; BSR set to: 0
   217   001001  45                 	db	69	;'E'
   218   001002  72                 	db	114	;'r'
   219   001003  72                 	db	114	;'r'
   220   001004  6F                 	db	111	;'o'
   221   001005  72                 	db	114	;'r'
   222   001006  3A                 	db	58	;':'
   223   001007  20                 	db	32
   224   001008  49                 	db	73	;'I'
   225   001009  6E                 	db	110	;'n'
   226   00100A  76                 	db	118	;'v'
   227   00100B  61                 	db	97	;'a'
   228   00100C  6C                 	db	108	;'l'
   229   00100D  69                 	db	105	;'i'
   230   00100E  64                 	db	100	;'d'
   231   00100F  20                 	db	32
   232   001010  55                 	db	85	;'U'
   233   001011  41                 	db	65	;'A'
   234   001012  52                 	db	82	;'R'
   235   001013  54                 	db	84	;'T'
   236   001014  20                 	db	32
   237   001015  6E                 	db	110	;'n'
   238   001016  75                 	db	117	;'u'
   239   001017  6D                 	db	109	;'m'
   240   001018  62                 	db	98	;'b'
   241   001019  65                 	db	101	;'e'
   242   00101A  72                 	db	114	;'r'
   243   00101B  2E                 	db	46
   244   00101C  0A                 	db	10
   245   00101D  00                 	db	0
   246   00101E                     STR_8:
   247                           
   248                           ; BSR set to: 0
   249   00101E  53                 	db	83	;'S'
   250   00101F  65                 	db	101	;'e'
   251   001020  6E                 	db	110	;'n'
   252   001021  74                 	db	116	;'t'
   253   001022  20                 	db	32
   254   001023  72                 	db	114	;'r'
   255   001024  65                 	db	101	;'e'
   256   001025  73                 	db	115	;'s'
   257   001026  70                 	db	112	;'p'
   258   001027  6F                 	db	111	;'o'
   259   001028  6E                 	db	110	;'n'
   260   001029  73                 	db	115	;'s'
   261   00102A  65                 	db	101	;'e'
   262   00102B  20                 	db	32
   263   00102C  28                 	db	40
   264   00102D  55                 	db	85	;'U'
   265   00102E  41                 	db	65	;'A'
   266   00102F  52                 	db	82	;'R'
   267   001030  54                 	db	84	;'T'
   268   001031  31                 	db	49	;'1'
   269   001032  29                 	db	41
   270   001033  3A                 	db	58	;':'
   271   001034  20                 	db	32
   272   001035  00                 	db	0
   273   001036                     
   274                           ; BSR set to: 0
   275   001036  52                 	db	82	;'R'
   276   001037  65                 	db	101	;'e'
   277   001038  63                 	db	99	;'c'
   278   001039  65                 	db	101	;'e'
   279   00103A  69                 	db	105	;'i'
   280   00103B  76                 	db	118	;'v'
   281   00103C  65                 	db	101	;'e'
   282   00103D  64                 	db	100	;'d'
   283   00103E  20                 	db	32
   284   00103F  64                 	db	100	;'d'
   285   001040  61                 	db	97	;'a'
   286   001041  74                 	db	116	;'t'
   287   001042  61                 	db	97	;'a'
   288   001043  20                 	db	32
   289   001044  28                 	db	40
   290   001045  55                 	db	85	;'U'
   291   001046  41                 	db	65	;'A'
   292   001047  52                 	db	82	;'R'
   293   001048  54                 	db	84	;'T'
   294   001049  00                 	db	0
   295   00104A                     
   296                           ; BSR set to: 0
   297   00104A  30                 	db	48	;'0'
   298   00104B  78                 	db	120	;'x'
   299   00104C  25                 	db	37
   300   00104D  30                 	db	48	;'0'
   301   00104E  32                 	db	50	;'2'
   302   00104F  58                 	db	88	;'X'
   303   001050  00                 	db	0
   304   001051                     STR_2:
   305                           
   306                           ; BSR set to: 0
   307   001051  0D                 	db	13
   308   001052  0A                 	db	10
   309   001053  00                 	db	0
   310   001054                     STR_6:
   311                           
   312                           ; BSR set to: 0
   313   001054  2C                 	db	44
   314   001055  20                 	db	32
   315   001056  00                 	db	0
   316   001057                     
   317                           ; BSR set to: 0
   318   001057  25                 	db	37
   319   001058  64                 	db	100	;'d'
   320   001059  00                 	db	0
   321   00105A  00                 	db	0	; dummy byte at the end
   322   000000                     
   323                           ; #config settings
   324                           
   325                           	psect	cinit
   326   00453C                     __pcinit:
   327                           	callstack 0
   328   00453C                     start_initialization:
   329                           	callstack 0
   330   00453C                     __initialization:
   331                           	callstack 0
   332                           
   333                           ; Initialize objects allocated to BANK0 (4 bytes)
   334                           ; load TBLPTR registers with __pidataBANK0
   335   00453C  0EC6               	movlw	low __pidataBANK0
   336   00453E  6EF6               	movwf	tblptrl,c
   337   004540  0E49               	movlw	high __pidataBANK0
   338   004542  6EF7               	movwf	tblptrh,c
   339   004544  0E00               	movlw	low (__pidataBANK0 shr (0+16))
   340   004546  6EF8               	movwf	tblptru,c
   341   004548  EE00  F0AB         	lfsr	0,__pdataBANK0
   342   00454C  EE10 F004          	lfsr	1,4
   343   004550                     copy_data0:
   344   004550  0009               	tblrd		*+
   345   004552  CFF5 FFEE          	movff	tablat,postinc0
   346   004556  50E5               	movf	postdec1,w,c
   347   004558  50E1               	movf	fsr1l,w,c
   348   00455A  E1FA               	bnz	copy_data0
   349                           
   350                           ; Initialize objects allocated to COMRAM (9 bytes)
   351                           ; load TBLPTR registers with __pidataCOMRAM
   352   00455C  0E94               	movlw	low __pidataCOMRAM
   353   00455E  6EF6               	movwf	tblptrl,c
   354   004560  0E49               	movlw	high __pidataCOMRAM
   355   004562  6EF7               	movwf	tblptrh,c
   356   004564  0E00               	movlw	low (__pidataCOMRAM shr (0+16))
   357   004566  6EF8               	movwf	tblptru,c
   358   004568  EE00  F04E         	lfsr	0,__pdataCOMRAM
   359   00456C  EE10 F009          	lfsr	1,9
   360   004570                     copy_data1:
   361   004570  0009               	tblrd		*+
   362   004572  CFF5 FFEE          	movff	tablat,postinc0
   363   004576  50E5               	movf	postdec1,w,c
   364   004578  50E1               	movf	fsr1l,w,c
   365   00457A  E1FA               	bnz	copy_data1
   366                           
   367                           ; Clear objects allocated to BANK0 (67 bytes)
   368   00457C  EE00  F060         	lfsr	0,__pbssBANK0
   369   004580  0E43               	movlw	67
   370   004582                     clear_0:
   371   004582  6AEE               	clrf	postinc0,c
   372   004584  06E8               	decf	wreg,f,c
   373   004586  E1FD               	bnz	clear_0
   374                           
   375                           ; Clear objects allocated to COMRAM (49 bytes)
   376   004588  EE00  F001         	lfsr	0,__pbssCOMRAM
   377   00458C  0E31               	movlw	49
   378   00458E                     clear_1:
   379   00458E  6AEE               	clrf	postinc0,c
   380   004590  06E8               	decf	wreg,f,c
   381   004592  E1FD               	bnz	clear_1
   382   004594                     end_of_initialization:
   383                           	callstack 0
   384   004594                     __end_of__initialization:
   385                           	callstack 0
   386   004594  9057               	bcf	int$flags,0,c	;clear compiler interrupt flag (level 1)
   387   004596  9257               	bcf	int$flags,1,c	;clear compiler interrupt flag (level 2)
   388   004598  0100               	movlb	0
   389   00459A  EF2E  F008         	goto	_main	;jump to C main() function
   390                           
   391                           	psect	bssCOMRAM
   392   000001                     __pbssCOMRAM:
   393                           	callstack 0
   394   000001                     _Serial_Buffer_Out:
   395                           	callstack 0
   396   000001                     	ds	16
   397   000011                     _dispense:
   398                           	callstack 0
   399   000011                     	ds	2
   400   000013                     _dutyCycle_reg:
   401                           	callstack 0
   402   000013                     	ds	2
   403   000015                     _productType:
   404                           	callstack 0
   405   000015                     	ds	2
   406   000017                     _IR_SENSORF:
   407                           	callstack 0
   408   000017                     	ds	2
   409   000019                     _i:
   410                           	callstack 0
   411   000019                     	ds	2
   412   00001B                     _NUM_REC:
   413                           	callstack 0
   414   00001B                     	ds	2
   415   00001D                     _i_RUN_ZERO:
   416                           	callstack 0
   417   00001D                     	ds	2
   418   00001F                     _NUM:
   419                           	callstack 0
   420   00001F                     	ds	2
   421   000021                     _Motor_Stop_Delay_Time:
   422                           	callstack 0
   423   000021                     	ds	2
   424   000023                     _ETemp:
   425                           	callstack 0
   426   000023                     	ds	2
   427   000025                     _Serial_Count:
   428                           	callstack 0
   429   000025                     	ds	2
   430   000027                     _TMR1IF_triggered:
   431                           	callstack 0
   432   000027                     	ds	1
   433   000028                     _delay_motor_stop_time:
   434                           	callstack 0
   435   000028                     	ds	1
   436   000029                     _vib_Time:
   437                           	callstack 0
   438   000029                     	ds	1
   439   00002A                     _pause_Time:
   440                           	callstack 0
   441   00002A                     	ds	1
   442   00002B                     _OpMode:
   443                           	callstack 0
   444   00002B                     	ds	1
   445   00002C                     _vibration_mode:
   446                           	callstack 0
   447   00002C                     	ds	1
   448   00002D                     _Busy:
   449                           	callstack 0
   450   00002D                     	ds	1
   451   00002E                     _Stop:
   452                           	callstack 0
   453   00002E                     	ds	1
   454   00002F                     _Serial_GData:
   455                           	callstack 0
   456   00002F                     	ds	1
   457   000030                     _Serial_Flag:
   458                           	callstack 0
   459   000030                     	ds	1
   460   000031                     _PWM_Duty_Cycle:
   461                           	callstack 0
   462   000031                     	ds	1
   463                           
   464                           	psect	dataCOMRAM
   465   00004E                     __pdataCOMRAM:
   466                           	callstack 0
   467   00004E                     _errorcounter:
   468                           	callstack 0
   469   00004E                     	ds	4
   470   000052                     _fwver:
   471                           	callstack 0
   472   000052                     	ds	2
   473   000054                     _Vmotor_Time:
   474                           	callstack 0
   475   000054                     	ds	2
   476   000056                     _PWM_reg:
   477                           	callstack 0
   478   000056                     	ds	1
   479                           
   480                           	psect	bssBANK0
   481   000060                     __pbssBANK0:
   482                           	callstack 0
   483   000060                     _Serial_Temp_Buffer:
   484                           	callstack 0
   485   000060                     	ds	16
   486   000070                     _Serial_Buffer:
   487                           	callstack 0
   488   000070                     	ds	16
   489   000080                     	ds	5
   490   000085                     _test_redled:
   491                           	callstack 0
   492   000085                     	ds	2
   493   000087                     _holdTimeMode:
   494                           	callstack 0
   495   000087                     	ds	2
   496   000089                     _holdTimeLeft:
   497                           	callstack 0
   498   000089                     	ds	2
   499   00008B                     _holdTimeRight:
   500                           	callstack 0
   501   00008B                     	ds	2
   502   00008D                     _temp:
   503                           	callstack 0
   504   00008D                     	ds	2
   505   00008F                     _pwm_mode:
   506                           	callstack 0
   507   00008F                     	ds	2
   508   000091                     _pwm_count:
   509                           	callstack 0
   510   000091                     	ds	2
   511   000093                     _VOLTAGE:
   512                           	callstack 0
   513   000093                     	ds	2
   514   000095                     _Motor_Pause_Time:
   515                           	callstack 0
   516   000095                     	ds	2
   517   000097                     _Device_ID:
   518                           	callstack 0
   519   000097                     	ds	2
   520   000099                     _Motor_Speed:
   521                           	callstack 0
   522   000099                     	ds	2
   523   00009B                     _EAdd_Low:
   524                           	callstack 0
   525   00009B                     	ds	2
   526   00009D                     _EAdd_High:
   527                           	callstack 0
   528   00009D                     	ds	2
   529   00009F                     _duty_cycle:
   530                           	callstack 0
   531   00009F                     	ds	2
   532   0000A1                     _data:
   533                           	callstack 0
   534   0000A1                     	ds	1
   535   0000A2                     _motor_status:
   536                           	callstack 0
   537   0000A2                     	ds	1
   538                           
   539                           	psect	dataBANK0
   540   0000AB                     __pdataBANK0:
   541                           	callstack 0
   542   0000AB                     _LowPowerCounter:
   543                           	callstack 0
   544   0000AB                     	ds	4
   545                           
   546                           	psect	cstackBANK0
   547   0000A3                     __pcstackBANK0:
   548                           	callstack 0
   549   0000A3                     ?_PWM_Selection:
   550                           	callstack 0
   551   0000A3                     PWM_Selection@msg:
   552                           	callstack 0
   553                           
   554                           ; 2 bytes @ 0x0
   555   0000A3                     	ds	2
   556   0000A5                     ??_PWM_Selection:
   557                           
   558                           ; 1 bytes @ 0x2
   559   0000A5                     	ds	2
   560   0000A7                     PWM_Selection@dcSelected:
   561                           	callstack 0
   562                           
   563                           ; 2 bytes @ 0x4
   564   0000A7                     	ds	2
   565   0000A9                     ??_main:
   566                           
   567                           ; 1 bytes @ 0x6
   568   0000A9                     	ds	2
   569                           
   570                           	psect	cstackCOMRAM
   571   000032                     __pcstackCOMRAM:
   572                           	callstack 0
   573   000032                     Read1USART@result:
   574                           	callstack 0
   575   000032                     Read2USART@result:
   576                           	callstack 0
   577   000032                     i2Write1USART@data:
   578                           	callstack 0
   579   000032                     i2Write2USART@data:
   580                           	callstack 0
   581                           
   582                           ; 1 bytes @ 0x0
   583   000032                     	ds	1
   584   000033                     ??_high_isr:
   585                           
   586                           ; 1 bytes @ 0x1
   587   000033                     	ds	4
   588   000037                     high_isr@Temp:
   589                           	callstack 0
   590                           
   591                           ; 1 bytes @ 0x5
   592   000037                     	ds	1
   593   000038                     high_isr@c:
   594                           	callstack 0
   595                           
   596                           ; 1 bytes @ 0x6
   597   000038                     	ds	1
   598   000039                     high_isr@i:
   599                           	callstack 0
   600                           
   601                           ; 1 bytes @ 0x7
   602   000039                     	ds	1
   603   00003A                     ??_STLED316s_SPI_SendData:
   604   00003A                     ??_i2c_Wait:
   605   00003A                     ?_Read_IR:
   606                           	callstack 0
   607   00003A                     ?___awdiv:
   608                           	callstack 0
   609   00003A                     ?___awmod:
   610                           	callstack 0
   611   00003A                     ?___aldiv:
   612                           	callstack 0
   613   00003A                     Write1USART@data:
   614                           	callstack 0
   615   00003A                     Write2USART@data:
   616                           	callstack 0
   617   00003A                     pwm_set@duty:
   618                           	callstack 0
   619   00003A                     delay_1ms@time:
   620                           	callstack 0
   621   00003A                     flush@i:
   622                           	callstack 0
   623   00003A                     flushOut@i:
   624                           	callstack 0
   625   00003A                     Get7Seg@Digit:
   626                           	callstack 0
   627   00003A                     delay2_1ms@time:
   628                           	callstack 0
   629   00003A                     ___awdiv@dividend:
   630                           	callstack 0
   631   00003A                     ___awmod@dividend:
   632                           	callstack 0
   633   00003A                     ___aldiv@dividend:
   634                           	callstack 0
   635                           
   636                           ; 4 bytes @ 0x8
   637   00003A                     	ds	1
   638   00003B                     ?_i2c_Read:
   639                           	callstack 0
   640   00003B                     i2c_Write@data:
   641                           	callstack 0
   642   00003B                     i2c_Address@mode:
   643                           	callstack 0
   644                           
   645                           ; 1 bytes @ 0x9
   646   00003B                     	ds	1
   647   00003C                     ??_delay2_1ms:
   648   00003C                     ??_Read_IR:
   649   00003C                     ??_pwm_set:
   650   00003C                     ??_delay_1ms:
   651   00003C                     ??_Get7Seg:
   652   00003C                     STLED316s_SPI_SendData@Data:
   653                           	callstack 0
   654   00003C                     i2c_Address@address:
   655                           	callstack 0
   656   00003C                     readWeighingData@i:
   657                           	callstack 0
   658   00003C                     ___awdiv@divisor:
   659                           	callstack 0
   660   00003C                     ___awmod@divisor:
   661                           	callstack 0
   662                           
   663                           ; 2 bytes @ 0xA
   664   00003C                     	ds	1
   665   00003D                     ??_AD_capture_BattVoltage:
   666   00003D                     STLED316s_SPI_SendData@temp:
   667                           	callstack 0
   668   00003D                     i2c_Address@l_address:
   669                           	callstack 0
   670   00003D                     i2c_Read@ack:
   671                           	callstack 0
   672                           
   673                           ; 1 bytes @ 0xB
   674   00003D                     	ds	1
   675   00003E                     STLED316s_SPI_SendData@i:
   676                           	callstack 0
   677   00003E                     Get7Seg@Data:
   678                           	callstack 0
   679   00003E                     i2c_Read@i2cReadData:
   680                           	callstack 0
   681   00003E                     ___awdiv@counter:
   682                           	callstack 0
   683   00003E                     ___awmod@counter:
   684                           	callstack 0
   685   00003E                     ___aldiv@divisor:
   686                           	callstack 0
   687                           
   688                           ; 4 bytes @ 0xC
   689   00003E                     	ds	1
   690   00003F                     STLED316s_SPI_SendData@t:
   691                           	callstack 0
   692   00003F                     ___awdiv@sign:
   693                           	callstack 0
   694   00003F                     ___awmod@sign:
   695                           	callstack 0
   696                           
   697                           ; 1 bytes @ 0xD
   698   00003F                     	ds	1
   699   000040                     ??_InitSTLED316:
   700   000040                     ??_WriteSTLED316SErr:
   701   000040                     ??_WriteSTLED316SMode:
   702   000040                     WriteSTLED316SVibMode@dc_reg:
   703                           	callstack 0
   704   000040                     ___awdiv@quotient:
   705                           	callstack 0
   706                           
   707                           ; 2 bytes @ 0xE
   708   000040                     	ds	2
   709   000042                     InitSTLED316@Brightness:
   710                           	callstack 0
   711   000042                     WriteSTLED316SMode@msg:
   712                           	callstack 0
   713   000042                     WriteSTLED316SVibMode@v_mode:
   714                           	callstack 0
   715   000042                     WriteSTLED316SErr@msg:
   716                           	callstack 0
   717   000042                     ___aldiv@counter:
   718                           	callstack 0
   719   000042                     WriteSTLED316SData@number:
   720                           	callstack 0
   721                           
   722                           ; 2 bytes @ 0x10
   723   000042                     	ds	1
   724   000043                     ??_MotorPosition_Init:
   725   000043                     ??_Homing_Again_Auto:
   726   000043                     ___aldiv@sign:
   727                           	callstack 0
   728                           
   729                           ; 1 bytes @ 0x11
   730   000043                     	ds	1
   731   000044                     WriteSTLED316SData@v_mode:
   732                           	callstack 0
   733   000044                     ___aldiv@quotient:
   734                           	callstack 0
   735                           
   736                           ; 4 bytes @ 0x12
   737   000044                     	ds	1
   738   000045                     WriteSTLED316SData@NUM_DIG0:
   739                           	callstack 0
   740                           
   741                           ; 2 bytes @ 0x13
   742   000045                     	ds	2
   743   000047                     WriteSTLED316SData@NUM_DIG1:
   744                           	callstack 0
   745                           
   746                           ; 2 bytes @ 0x15
   747   000047                     	ds	1
   748   000048                     ?_read_i2c:
   749                           	callstack 0
   750   000048                     write_i2c@address:
   751                           	callstack 0
   752   000048                     read_i2c@address:
   753                           	callstack 0
   754                           
   755                           ; 4 bytes @ 0x16
   756   000048                     	ds	1
   757   000049                     WriteSTLED316SData@data3:
   758                           	callstack 0
   759                           
   760                           ; 1 bytes @ 0x17
   761   000049                     	ds	1
   762   00004A                     WriteSTLED316SData@data4:
   763                           	callstack 0
   764                           
   765                           ; 1 bytes @ 0x18
   766   00004A                     	ds	1
   767   00004B                     ??_Homing_Again_Manual:
   768                           
   769                           ; 1 bytes @ 0x19
   770   00004B                     	ds	1
   771   00004C                     write_i2c@data:
   772                           	callstack 0
   773   00004C                     read_i2c@read_byte:
   774                           	callstack 0
   775                           
   776                           ; 2 bytes @ 0x1A
   777   00004C                     	ds	2
   778   00004E                     
   779                           ; 1 bytes @ 0x1C
   780 ;;
   781 ;;Main: autosize = 0, tempsize = 2, incstack = 0, save=0
   782 ;;
   783 ;; *************** function _main *****************
   784 ;; Defined at:
   785 ;;		line 204 in file "main.c"
   786 ;; Parameters:    Size  Location     Type
   787 ;;		None
   788 ;; Auto vars:     Size  Location     Type
   789 ;;		None
   790 ;; Return value:  Size  Location     Type
   791 ;;                  1    wreg      void 
   792 ;; Registers used:
   793 ;;		wreg, fsr2l, fsr2h, status,2, status,0, cstack
   794 ;; Tracked objects:
   795 ;;		On entry : 0/0
   796 ;;		On exit  : 0/0
   797 ;;		Unchanged: 0/0
   798 ;; Data sizes:     COMRAM   BANK0   BANK1   BANK2   BANK3   BANK4   BANK5   BANK6   BANK7   BANK8   BANK9  BANK10  BANK1
      +1  BANK12  BANK13  BANK14  BANK15
   799 ;;      Params:         0       0       0       0       0       0       0       0       0       0       0       0       
      +0       0       0       0       0
   800 ;;      Locals:         0       0       0       0       0       0       0       0       0       0       0       0       
      +0       0       0       0       0
   801 ;;      Temps:          0       2       0       0       0       0       0       0       0       0       0       0       
      +0       0       0       0       0
   802 ;;      Totals:         0       2       0       0       0       0       0       0       0       0       0       0       
      +0       0       0       0       0
   803 ;;Total ram usage:        2 bytes
   804 ;; Hardware stack levels required when called: 6
   805 ;; This function calls:
   806 ;;		_AD_capture_BattVoltage
   807 ;;		_Homing_Again_Auto
   808 ;;		_Homing_Again_Manual
   809 ;;		_InitSTLED316
   810 ;;		_InitTimer1
   811 ;;		_MotorBREAK
   812 ;;		_MotorON
   813 ;;		_MotorPosition_Init
   814 ;;		_PWM_Selection
   815 ;;		_Read_IR
   816 ;;		_ToggleVIB_Mode
   817 ;;		_Write1USART
   818 ;;		_Write2USART
   819 ;;		_WriteSTLED316SData
   820 ;;		_WriteSTLED316SVibMode
   821 ;;		_delay2_1ms
   822 ;;		_flush
   823 ;;		_flushOut
   824 ;;		_i2c_Init
   825 ;;		_init
   826 ;;		_initMotor
   827 ;;		_initUSART
   828 ;;		_pwm_set
   829 ;;		_read_i2c
   830 ;;		_write_i2c
   831 ;; This function is called by:
   832 ;;		Startup code after reset
   833 ;; This function uses a non-reentrant model
   834 ;;
   835                           
   836                           	psect	text0
   837   00105C                     __ptext0:
   838                           	callstack 0
   839   00105C                     _main:
   840                           	callstack 25
   841   00105C                     
   842                           ;main.c: 205:     GIE = 0;
   843   00105C  9EF2               	bcf	4082,7,c	;volatile
   844   00105E                     
   845                           ;main.c: 206:     init();
   846   00105E  EC31  F022         	call	_init	;wreg free
   847   001062                     
   848                           ;main.c: 207:     InitSTLED316(0x77);
   849   001062  0E77               	movlw	119
   850   001064  ECAB  F021         	call	_InitSTLED316
   851   001068                     
   852                           ;main.c: 208:     initMotor();
   853   001068  ECB3  F024         	call	_initMotor	;wreg free
   854   00106C                     
   855                           ;main.c: 209:     i2c_Init();
   856   00106C  EC67  F024         	call	_i2c_Init	;wreg free
   857   001070                     
   858                           ;main.c: 210:     initUSART();
   859   001070  ECF8  F022         	call	_initUSART	;wreg free
   860   001074                     
   861                           ;main.c: 211:     InitTimer1();
   862   001074  EC5B  F024         	call	_InitTimer1	;wreg free
   863   001078                     
   864                           ;main.c: 213:     INTCONbits.GIE = 1;
   865   001078  8EF2               	bsf	242,7,c	;volatile
   866   00107A                     
   867                           ;main.c: 221:     OSCCONbits.IRCF0 = 0;
   868   00107A  98D3               	bcf	211,4,c	;volatile
   869   00107C                     
   870                           ;main.c: 222:     OSCCONbits.IRCF1 = 0;
   871   00107C  9AD3               	bcf	211,5,c	;volatile
   872   00107E                     
   873                           ;main.c: 223:     OSCCONbits.IRCF2 = 0;
   874   00107E  9CD3               	bcf	211,6,c	;volatile
   875   001080                     
   876                           ;main.c: 224:     OSCCONbits.SCS0 = 0;
   877   001080  90D3               	bcf	211,0,c	;volatile
   878   001082                     
   879                           ;main.c: 225:     OSCCONbits.SCS1 = 0;
   880   001082  92D3               	bcf	211,1,c	;volatile
   881   001084                     
   882                           ;main.c: 229:     TRISCbits.TRISC2 = 0;
   883   001084  9494               	bcf	148,2,c	;volatile
   884   001086                     
   885                           ;main.c: 233:     TRISBbits.TRISB4 = 1;
   886   001086  8893               	bsf	147,4,c	;volatile
   887   001088                     
   888                           ;main.c: 236:     T2CONbits.T2OUTPS0 = 0;
   889   001088  96CA               	bcf	202,3,c	;volatile
   890   00108A                     
   891                           ;main.c: 237:     T2CONbits.T2OUTPS1 = 0;
   892   00108A  98CA               	bcf	202,4,c	;volatile
   893   00108C                     
   894                           ;main.c: 238:     T2CONbits.T2OUTPS2 = 0;
   895   00108C  9ACA               	bcf	202,5,c	;volatile
   896   00108E                     
   897                           ;main.c: 239:     T2CONbits.T2OUTPS3 = 0;
   898   00108E  9CCA               	bcf	202,6,c	;volatile
   899   001090                     
   900                           ;main.c: 241:     T2CONbits.T2CKPS = 0x00;
   901   001090  0EFC               	movlw	-4
   902   001092  16CA               	andwf	202,f,c	;volatile
   903   001094                     
   904                           ;main.c: 247:     PR2 = 4;
   905   001094  0E04               	movlw	4
   906   001096  6ECB               	movwf	203,c	;volatile
   907   001098                     
   908                           ;main.c: 249:     CCP1CONbits.DC1B = 0;
   909   001098  0ECF               	movlw	-49
   910   00109A  16BB               	andwf	187,f,c	;volatile
   911   00109C                     
   912                           ;main.c: 250:     CCP1CONbits.CCP1M = 0x0C;
   913   00109C  50BB               	movf	187,w,c	;volatile
   914   00109E  0BF0               	andlw	-16
   915   0010A0  090C               	iorlw	12
   916   0010A2  6EBB               	movwf	187,c	;volatile
   917   0010A4                     
   918                           ;main.c: 251:     CCPR1L = 0;
   919   0010A4  0E00               	movlw	0
   920   0010A6  6EBC               	movwf	188,c	;volatile
   921   0010A8                     
   922                           ;main.c: 253:     T2CONbits.TMR2ON = 1;
   923   0010A8  84CA               	bsf	202,2,c	;volatile
   924   0010AA                     
   925                           ;main.c: 255:     LATCbits.LATC1 = 0;
   926   0010AA  928B               	bcf	139,1,c	;volatile
   927   0010AC                     
   928                           ;main.c: 256:     LATAbits.LATA2 = 0;
   929   0010AC  9489               	bcf	137,2,c	;volatile
   930   0010AE                     
   931                           ;main.c: 257:     errorcounter = 30;
   932   0010AE  0E1E               	movlw	30
   933   0010B0  6E4E               	movwf	_errorcounter^0,c	;volatile
   934   0010B2  0E00               	movlw	0
   935   0010B4  6E4F               	movwf	(_errorcounter+1)^0,c	;volatile
   936   0010B6  0E00               	movlw	0
   937   0010B8  6E50               	movwf	(_errorcounter+2)^0,c	;volatile
   938   0010BA  0E00               	movlw	0
   939   0010BC  6E51               	movwf	(_errorcounter+3)^0,c	;volatile
   940   0010BE                     
   941                           ;main.c: 260:     RCONbits.IPEN = 1;
   942   0010BE  8ED0               	bsf	208,7,c	;volatile
   943   0010C0                     
   944                           ;main.c: 263:     IPR1bits.RC1IP = 1;
   945   0010C0  8A9F               	bsf	159,5,c	;volatile
   946   0010C2                     
   947                           ;main.c: 264:     IPR3bits.RC2IP = 1;
   948   0010C2  8AA5               	bsf	165,5,c	;volatile
   949   0010C4                     
   950                           ;main.c: 275:     WDTCONbits.SWDTEN = 0;
   951   0010C4  90C0               	bcf	192,0,c	;volatile
   952   0010C6                     
   953                           ;main.c: 276:     LATDbits.LATD0 = 1;
   954   0010C6  808C               	bsf	140,0,c	;volatile
   955   0010C8                     
   956                           ;main.c: 277:     LATDbits.LATD1 = 1;
   957   0010C8  828C               	bsf	140,1,c	;volatile
   958   0010CA                     
   959                           ;main.c: 279:     WriteSTLED316SData(37, 0xFF);
   960   0010CA  0E00               	movlw	0
   961   0010CC  6E43               	movwf	(WriteSTLED316SData@number+1)^0,c
   962   0010CE  0E25               	movlw	37
   963   0010D0  6E42               	movwf	WriteSTLED316SData@number^0,c
   964   0010D2  0EFF               	movlw	255
   965   0010D4  6E44               	movwf	WriteSTLED316SData@v_mode^0,c
   966   0010D6  EC57  F021         	call	_WriteSTLED316SData	;wreg free
   967   0010DA                     
   968                           ;main.c: 280:     _delay((unsigned long)((500)*(8000000/4000.0)));
   969   0010DA  0E06               	movlw	6
   970   0010DC  0100               	movlb	0	; () banked
   971   0010DE  6FAA               	movwf	(??_main+1)& (0+255),b
   972   0010E0  0E13               	movlw	19
   973   0010E2  6FA9               	movwf	??_main& (0+255),b
   974   0010E4  0EAD               	movlw	173
   975   0010E6                     u8287:
   976   0010E6  2EE8               	decfsz	wreg,f,c
   977   0010E8  D7FE               	bra	u8287
   978   0010EA  2FA9               	decfsz	??_main& (0+255),f,b
   979   0010EC  D7FC               	bra	u8287
   980   0010EE  2FAA               	decfsz	(??_main+1)& (0+255),f,b
   981   0010F0  D7FA               	bra	u8287
   982   0010F2  D000               	nop2	
   983   0010F4                     
   984                           ;main.c: 281:     AD_capture_BattVoltage();
   985   0010F4  EC42  F023         	call	_AD_capture_BattVoltage	;wreg free
   986   0010F8                     
   987                           ;main.c: 290:     INTCONbits.GIE = 0;
   988   0010F8  9EF2               	bcf	242,7,c	;volatile
   989   0010FA                     
   990                           ;main.c: 291:     ETemp = read_i2c(0x0010);
   991   0010FA  0E10               	movlw	16
   992   0010FC  6E48               	movwf	read_i2c@address^0,c
   993   0010FE  0E00               	movlw	0
   994   001100  6E49               	movwf	(read_i2c@address+1)^0,c
   995   001102  0E00               	movlw	0
   996   001104  6E4A               	movwf	(read_i2c@address+2)^0,c
   997   001106  0E00               	movlw	0
   998   001108  6E4B               	movwf	(read_i2c@address+3)^0,c
   999   00110A  EC6A  F022         	call	_read_i2c	;wreg free
  1000   00110E  C048  F023         	movff	?_read_i2c,_ETemp
  1001   001112  C049  F024         	movff	?_read_i2c+1,_ETemp+1
  1002   001116                     
  1003                           ;main.c: 292:     INTCONbits.GIE = 1;
  1004   001116  8EF2               	bsf	242,7,c	;volatile
  1005   001118                     
  1006                           ;main.c: 294:     vibration_mode = ETemp & 0x00FF;
  1007   001118  C023  F02C         	movff	_ETemp,_vibration_mode
  1008   00111C                     
  1009                           ;main.c: 295:     if (vibration_mode > 1) {
  1010   00111C  0E01               	movlw	1
  1011   00111E  642C               	cpfsgt	_vibration_mode^0,c
  1012   001120  EF94  F008         	goto	u6751
  1013   001124  EF96  F008         	goto	u6750
  1014   001128                     u6751:
  1015   001128  EFA7  F008         	goto	l8706
  1016   00112C                     u6750:
  1017   00112C                     
  1018                           ;main.c: 296:         vibration_mode = 1;
  1019   00112C  0E01               	movlw	1
  1020   00112E  6E2C               	movwf	_vibration_mode^0,c
  1021   001130                     
  1022                           ;main.c: 298:         INTCONbits.GIE = 0;
  1023   001130  9EF2               	bcf	242,7,c	;volatile
  1024   001132                     
  1025                           ;main.c: 299:         write_i2c(0x0010, vibration_mode);
  1026   001132  0E10               	movlw	16
  1027   001134  6E48               	movwf	write_i2c@address^0,c
  1028   001136  0E00               	movlw	0
  1029   001138  6E49               	movwf	(write_i2c@address+1)^0,c
  1030   00113A  0E00               	movlw	0
  1031   00113C  6E4A               	movwf	(write_i2c@address+2)^0,c
  1032   00113E  0E00               	movlw	0
  1033   001140  6E4B               	movwf	(write_i2c@address+3)^0,c
  1034   001142  C02C  F04C         	movff	_vibration_mode,write_i2c@data
  1035   001146  6A4D               	clrf	(write_i2c@data+1)^0,c
  1036   001148  EC1D  F023         	call	_write_i2c	;wreg free
  1037   00114C                     
  1038                           ;main.c: 300:         INTCONbits.GIE = 1;
  1039   00114C  8EF2               	bsf	242,7,c	;volatile
  1040   00114E                     l8706:
  1041                           
  1042                           ;main.c: 303:     NUM = 1;
  1043   00114E  0E00               	movlw	0
  1044   001150  6E20               	movwf	(_NUM+1)^0,c
  1045   001152  0E01               	movlw	1
  1046   001154  6E1F               	movwf	_NUM^0,c
  1047                           
  1048                           ;main.c: 304:     WriteSTLED316SData(NUM, vibration_mode);
  1049   001156  C01F  F042         	movff	_NUM,WriteSTLED316SData@number
  1050   00115A  C020  F043         	movff	_NUM+1,WriteSTLED316SData@number+1
  1051   00115E  C02C  F044         	movff	_vibration_mode,WriteSTLED316SData@v_mode
  1052   001162  EC57  F021         	call	_WriteSTLED316SData	;wreg free
  1053   001166                     
  1054                           ;main.c: 305:     NUM_REC = 1;
  1055   001166  0E00               	movlw	0
  1056   001168  6E1C               	movwf	(_NUM_REC+1)^0,c
  1057   00116A  0E01               	movlw	1
  1058   00116C  6E1B               	movwf	_NUM_REC^0,c
  1059   00116E                     
  1060                           ;main.c: 310:     INTCONbits.GIE = 0;
  1061   00116E  9EF2               	bcf	242,7,c	;volatile
  1062   001170                     
  1063                           ;main.c: 311:     ETemp = read_i2c(0x0020);
  1064   001170  0E20               	movlw	32
  1065   001172  6E48               	movwf	read_i2c@address^0,c
  1066   001174  0E00               	movlw	0
  1067   001176  6E49               	movwf	(read_i2c@address+1)^0,c
  1068   001178  0E00               	movlw	0
  1069   00117A  6E4A               	movwf	(read_i2c@address+2)^0,c
  1070   00117C  0E00               	movlw	0
  1071   00117E  6E4B               	movwf	(read_i2c@address+3)^0,c
  1072   001180  EC6A  F022         	call	_read_i2c	;wreg free
  1073   001184  C048  F023         	movff	?_read_i2c,_ETemp
  1074   001188  C049  F024         	movff	?_read_i2c+1,_ETemp+1
  1075   00118C                     
  1076                           ;main.c: 312:     INTCONbits.GIE = 1;
  1077   00118C  8EF2               	bsf	242,7,c	;volatile
  1078                           
  1079                           ;main.c: 314:     Device_ID = ETemp & 0x00FF;
  1080   00118E  5023               	movf	_ETemp^0,w,c
  1081   001190  0100               	movlb	0	; () banked
  1082   001192  6F97               	movwf	_Device_ID& (0+255),b
  1083   001194  6B98               	clrf	(_Device_ID+1)& (0+255),b
  1084   001196                     
  1085                           ; BSR set to: 0
  1086                           ;main.c: 315:     if (Device_ID < 0x31 || Device_ID > 0x3A) {
  1087   001196  5198               	movf	(_Device_ID+1)& (0+255),w,b
  1088   001198  E109               	bnz	u6760
  1089   00119A  0E31               	movlw	49
  1090   00119C  5D97               	subwf	_Device_ID& (0+255),w,b
  1091   00119E  A0D8               	btfss	status,0,c
  1092   0011A0  EFD4  F008         	goto	u6761
  1093   0011A4  EFD6  F008         	goto	u6760
  1094   0011A8                     u6761:
  1095   0011A8  EFE1  F008         	goto	l8720
  1096   0011AC                     u6760:
  1097   0011AC                     
  1098                           ; BSR set to: 0
  1099   0011AC  5198               	movf	(_Device_ID+1)& (0+255),w,b
  1100   0011AE  E109               	bnz	u6770
  1101   0011B0  0E3B               	movlw	59
  1102   0011B2  5D97               	subwf	_Device_ID& (0+255),w,b
  1103   0011B4  A0D8               	btfss	status,0,c
  1104   0011B6  EFDF  F008         	goto	u6771
  1105   0011BA  EFE1  F008         	goto	u6770
  1106   0011BE                     u6771:
  1107   0011BE  EFF5  F008         	goto	l8728
  1108   0011C2                     u6770:
  1109   0011C2                     l8720:
  1110                           
  1111                           ; BSR set to: 0
  1112                           ;main.c: 316:         Device_ID = 0x31;
  1113   0011C2  0E00               	movlw	0
  1114   0011C4  6F98               	movwf	(_Device_ID+1)& (0+255),b
  1115   0011C6  0E31               	movlw	49
  1116   0011C8  6F97               	movwf	_Device_ID& (0+255),b
  1117   0011CA                     
  1118                           ; BSR set to: 0
  1119                           ;main.c: 318:         INTCONbits.GIE = 0;
  1120   0011CA  9EF2               	bcf	242,7,c	;volatile
  1121   0011CC                     
  1122                           ; BSR set to: 0
  1123                           ;main.c: 319:         write_i2c(0x0020, Device_ID);
  1124   0011CC  0E20               	movlw	32
  1125   0011CE  6E48               	movwf	write_i2c@address^0,c
  1126   0011D0  0E00               	movlw	0
  1127   0011D2  6E49               	movwf	(write_i2c@address+1)^0,c
  1128   0011D4  0E00               	movlw	0
  1129   0011D6  6E4A               	movwf	(write_i2c@address+2)^0,c
  1130   0011D8  0E00               	movlw	0
  1131   0011DA  6E4B               	movwf	(write_i2c@address+3)^0,c
  1132   0011DC  C097  F04C         	movff	_Device_ID,write_i2c@data
  1133   0011E0  C098  F04D         	movff	_Device_ID+1,write_i2c@data+1
  1134   0011E4  EC1D  F023         	call	_write_i2c	;wreg free
  1135   0011E8                     
  1136                           ;main.c: 320:         INTCONbits.GIE = 1;
  1137   0011E8  8EF2               	bsf	242,7,c	;volatile
  1138   0011EA                     l8728:
  1139                           
  1140                           ;main.c: 326:     INTCONbits.GIE = 0;
  1141   0011EA  9EF2               	bcf	242,7,c	;volatile
  1142   0011EC                     
  1143                           ;main.c: 327:     ETemp = read_i2c(0x0060);
  1144   0011EC  0E60               	movlw	96
  1145   0011EE  6E48               	movwf	read_i2c@address^0,c
  1146   0011F0  0E00               	movlw	0
  1147   0011F2  6E49               	movwf	(read_i2c@address+1)^0,c
  1148   0011F4  0E00               	movlw	0
  1149   0011F6  6E4A               	movwf	(read_i2c@address+2)^0,c
  1150   0011F8  0E00               	movlw	0
  1151   0011FA  6E4B               	movwf	(read_i2c@address+3)^0,c
  1152   0011FC  EC6A  F022         	call	_read_i2c	;wreg free
  1153   001200  C048  F023         	movff	?_read_i2c,_ETemp
  1154   001204  C049  F024         	movff	?_read_i2c+1,_ETemp+1
  1155   001208                     
  1156                           ;main.c: 328:     INTCONbits.GIE = 1;
  1157   001208  8EF2               	bsf	242,7,c	;volatile
  1158   00120A                     
  1159                           ;main.c: 330:     pause_Time = ETemp & 0x00FF;
  1160   00120A  C023  F02A         	movff	_ETemp,_pause_Time	;volatile
  1161   00120E                     
  1162                           ;main.c: 331:     if (pause_Time < 0x30 || pause_Time > 0x35) {
  1163   00120E  0E2F               	movlw	47
  1164   001210  642A               	cpfsgt	_pause_Time^0,c	;volatile
  1165   001212  EF0D  F009         	goto	u6781
  1166   001216  EF0F  F009         	goto	u6780
  1167   00121A                     u6781:
  1168   00121A  EF17  F009         	goto	l8740
  1169   00121E                     u6780:
  1170   00121E  0E35               	movlw	53
  1171   001220  642A               	cpfsgt	_pause_Time^0,c	;volatile
  1172   001222  EF15  F009         	goto	u6791
  1173   001226  EF17  F009         	goto	u6790
  1174   00122A                     u6791:
  1175   00122A  EF55  F009         	goto	l8762
  1176   00122E                     u6790:
  1177   00122E                     l8740:
  1178                           
  1179                           ;main.c: 332:         pause_Time = 0x30;
  1180   00122E  0E30               	movlw	48
  1181   001230  6E2A               	movwf	_pause_Time^0,c	;volatile
  1182                           
  1183                           ;main.c: 333:         Motor_Pause_Time = 0;
  1184   001232  0E00               	movlw	0
  1185   001234  0100               	movlb	0	; () banked
  1186   001236  6F96               	movwf	(_Motor_Pause_Time+1)& (0+255),b
  1187   001238  0E00               	movlw	0
  1188   00123A  6F95               	movwf	_Motor_Pause_Time& (0+255),b
  1189   00123C                     
  1190                           ; BSR set to: 0
  1191                           ;main.c: 335:         INTCONbits.GIE = 0;
  1192   00123C  9EF2               	bcf	242,7,c	;volatile
  1193   00123E                     
  1194                           ; BSR set to: 0
  1195                           ;main.c: 336:         write_i2c(0x0060, pause_Time);
  1196   00123E  0E60               	movlw	96
  1197   001240  6E48               	movwf	write_i2c@address^0,c
  1198   001242  0E00               	movlw	0
  1199   001244  6E49               	movwf	(write_i2c@address+1)^0,c
  1200   001246  0E00               	movlw	0
  1201   001248  6E4A               	movwf	(write_i2c@address+2)^0,c
  1202   00124A  0E00               	movlw	0
  1203   00124C  6E4B               	movwf	(write_i2c@address+3)^0,c
  1204   00124E  C02A  F04C         	movff	_pause_Time,write_i2c@data	;volatile
  1205   001252  6A4D               	clrf	(write_i2c@data+1)^0,c
  1206   001254  EC1D  F023         	call	_write_i2c	;wreg free
  1207   001258                     
  1208                           ;main.c: 337:         INTCONbits.GIE = 1;
  1209   001258  8EF2               	bsf	242,7,c	;volatile
  1210                           
  1211                           ;main.c: 338:     } else {
  1212   00125A  EF7B  F009         	goto	l235
  1213   00125E                     l8748:
  1214                           
  1215                           ; BSR set to: 0
  1216                           ;main.c: 342:                 Motor_Pause_Time = 0;
  1217   00125E  0E00               	movlw	0
  1218   001260  6F96               	movwf	(_Motor_Pause_Time+1)& (0+255),b
  1219   001262  0E00               	movlw	0
  1220   001264  6F95               	movwf	_Motor_Pause_Time& (0+255),b
  1221                           
  1222                           ;main.c: 343:                 pause_Time = 0x30;
  1223   001266  0E30               	movlw	48
  1224   001268  6E2A               	movwf	_pause_Time^0,c	;volatile
  1225                           
  1226                           ;main.c: 344:                 break;
  1227   00126A  EF7B  F009         	goto	l235
  1228   00126E                     l8750:
  1229                           
  1230                           ; BSR set to: 0
  1231                           ;main.c: 347:                 Motor_Pause_Time = 1000;
  1232   00126E  0E03               	movlw	3
  1233   001270  6F96               	movwf	(_Motor_Pause_Time+1)& (0+255),b
  1234   001272  0EE8               	movlw	232
  1235   001274  6F95               	movwf	_Motor_Pause_Time& (0+255),b
  1236                           
  1237                           ;main.c: 348:                 break;
  1238   001276  EF7B  F009         	goto	l235
  1239   00127A                     l8752:
  1240                           
  1241                           ; BSR set to: 0
  1242                           ;main.c: 351:                 Motor_Pause_Time = 2000;
  1243   00127A  0E07               	movlw	7
  1244   00127C  6F96               	movwf	(_Motor_Pause_Time+1)& (0+255),b
  1245   00127E  0ED0               	movlw	208
  1246   001280  6F95               	movwf	_Motor_Pause_Time& (0+255),b
  1247                           
  1248                           ;main.c: 352:                 break;
  1249   001282  EF7B  F009         	goto	l235
  1250   001286                     l8754:
  1251                           
  1252                           ; BSR set to: 0
  1253                           ;main.c: 355:                 Motor_Pause_Time = 3000;
  1254   001286  0E0B               	movlw	11
  1255   001288  6F96               	movwf	(_Motor_Pause_Time+1)& (0+255),b
  1256   00128A  0EB8               	movlw	184
  1257   00128C  6F95               	movwf	_Motor_Pause_Time& (0+255),b
  1258                           
  1259                           ;main.c: 356:                 break;
  1260   00128E  EF7B  F009         	goto	l235
  1261   001292                     l8756:
  1262                           
  1263                           ; BSR set to: 0
  1264                           ;main.c: 359:                 Motor_Pause_Time = 4000;
  1265   001292  0E0F               	movlw	15
  1266   001294  6F96               	movwf	(_Motor_Pause_Time+1)& (0+255),b
  1267   001296  0EA0               	movlw	160
  1268   001298  6F95               	movwf	_Motor_Pause_Time& (0+255),b
  1269                           
  1270                           ;main.c: 360:                 break;
  1271   00129A  EF7B  F009         	goto	l235
  1272   00129E                     l8758:
  1273                           
  1274                           ; BSR set to: 0
  1275                           ;main.c: 363:                 Motor_Pause_Time = 5000;
  1276   00129E  0E13               	movlw	19
  1277   0012A0  6F96               	movwf	(_Motor_Pause_Time+1)& (0+255),b
  1278   0012A2  0E88               	movlw	136
  1279   0012A4  6F95               	movwf	_Motor_Pause_Time& (0+255),b
  1280                           
  1281                           ;main.c: 364:                 break;
  1282   0012A6  EF7B  F009         	goto	l235
  1283   0012AA                     l8762:
  1284   0012AA  502A               	movf	_pause_Time^0,w,c	;volatile
  1285   0012AC  0100               	movlb	0	; () banked
  1286   0012AE  6FA9               	movwf	??_main& (0+255),b
  1287   0012B0  6BAA               	clrf	(??_main+1)& (0+255),b
  1288                           
  1289                           ; Switch on 2 bytes has been partitioned into a top level switch of size 1, and 1 sub-sw
      +                          itches
  1290                           ; Switch size 1, requested type "simple"
  1291                           ; Number of cases is 1, Range of values is 0 to 0
  1292                           ; switch strategies available:
  1293                           ; Name         Instructions Cycles
  1294                           ; simple_byte            4     3 (average)
  1295                           ;	Chosen strategy is simple_byte
  1296   0012B2  51AA               	movf	(??_main+1)& (0+255),w,b
  1297   0012B4  0A00               	xorlw	0	; case 0
  1298   0012B6  B4D8               	btfsc	status,2,c
  1299   0012B8  EF60  F009         	goto	l10604
  1300   0012BC  EF2F  F009         	goto	l8748
  1301   0012C0                     l10604:
  1302                           
  1303                           ; BSR set to: 0
  1304                           ; Switch size 1, requested type "simple"
  1305                           ; Number of cases is 6, Range of values is 48 to 53
  1306                           ; switch strategies available:
  1307                           ; Name         Instructions Cycles
  1308                           ; simple_byte           19    10 (average)
  1309                           ;	Chosen strategy is simple_byte
  1310   0012C0  51A9               	movf	??_main& (0+255),w,b
  1311   0012C2  0A30               	xorlw	48	; case 48
  1312   0012C4  B4D8               	btfsc	status,2,c
  1313   0012C6  EF2F  F009         	goto	l8748
  1314   0012CA  0A01               	xorlw	1	; case 49
  1315   0012CC  B4D8               	btfsc	status,2,c
  1316   0012CE  EF37  F009         	goto	l8750
  1317   0012D2  0A03               	xorlw	3	; case 50
  1318   0012D4  B4D8               	btfsc	status,2,c
  1319   0012D6  EF3D  F009         	goto	l8752
  1320   0012DA  0A01               	xorlw	1	; case 51
  1321   0012DC  B4D8               	btfsc	status,2,c
  1322   0012DE  EF43  F009         	goto	l8754
  1323   0012E2  0A07               	xorlw	7	; case 52
  1324   0012E4  B4D8               	btfsc	status,2,c
  1325   0012E6  EF49  F009         	goto	l8756
  1326   0012EA  0A01               	xorlw	1	; case 53
  1327   0012EC  B4D8               	btfsc	status,2,c
  1328   0012EE  EF4F  F009         	goto	l8758
  1329   0012F2  EF2F  F009         	goto	l8748
  1330   0012F6                     l235:
  1331                           
  1332                           ;main.c: 371:     INTCONbits.GIE = 0;
  1333   0012F6  9EF2               	bcf	242,7,c	;volatile
  1334   0012F8                     
  1335                           ;main.c: 372:     ETemp = read_i2c(0x0050);
  1336   0012F8  0E50               	movlw	80
  1337   0012FA  6E48               	movwf	read_i2c@address^0,c
  1338   0012FC  0E00               	movlw	0
  1339   0012FE  6E49               	movwf	(read_i2c@address+1)^0,c
  1340   001300  0E00               	movlw	0
  1341   001302  6E4A               	movwf	(read_i2c@address+2)^0,c
  1342   001304  0E00               	movlw	0
  1343   001306  6E4B               	movwf	(read_i2c@address+3)^0,c
  1344   001308  EC6A  F022         	call	_read_i2c	;wreg free
  1345   00130C  C048  F023         	movff	?_read_i2c,_ETemp
  1346   001310  C049  F024         	movff	?_read_i2c+1,_ETemp+1
  1347   001314                     
  1348                           ;main.c: 373:     INTCONbits.GIE = 1;
  1349   001314  8EF2               	bsf	242,7,c	;volatile
  1350   001316                     
  1351                           ;main.c: 375:     delay_motor_stop_time = ETemp & 0x00FF;
  1352   001316  C023  F028         	movff	_ETemp,_delay_motor_stop_time	;volatile
  1353   00131A                     
  1354                           ;main.c: 376:     if (delay_motor_stop_time > 0x96) {
  1355   00131A  0E96               	movlw	150
  1356   00131C  6428               	cpfsgt	_delay_motor_stop_time^0,c	;volatile
  1357   00131E  EF93  F009         	goto	u6801
  1358   001322  EF95  F009         	goto	u6800
  1359   001326                     u6801:
  1360   001326  EFAC  F009         	goto	l245
  1361   00132A                     u6800:
  1362   00132A                     
  1363                           ;main.c: 377:         delay_motor_stop_time = 0x00;
  1364   00132A  0E00               	movlw	0
  1365   00132C  6E28               	movwf	_delay_motor_stop_time^0,c	;volatile
  1366   00132E                     
  1367                           ;main.c: 379:         INTCONbits.GIE = 0;
  1368   00132E  9EF2               	bcf	242,7,c	;volatile
  1369   001330                     
  1370                           ;main.c: 380:         write_i2c(0x0050, delay_motor_stop_time);
  1371   001330  0E50               	movlw	80
  1372   001332  6E48               	movwf	write_i2c@address^0,c
  1373   001334  0E00               	movlw	0
  1374   001336  6E49               	movwf	(write_i2c@address+1)^0,c
  1375   001338  0E00               	movlw	0
  1376   00133A  6E4A               	movwf	(write_i2c@address+2)^0,c
  1377   00133C  0E00               	movlw	0
  1378   00133E  6E4B               	movwf	(write_i2c@address+3)^0,c
  1379   001340  C028  F04C         	movff	_delay_motor_stop_time,write_i2c@data	;volatile
  1380   001344  6A4D               	clrf	(write_i2c@data+1)^0,c
  1381   001346  EC1D  F023         	call	_write_i2c	;wreg free
  1382   00134A                     
  1383                           ;main.c: 381:         INTCONbits.GIE = 1;
  1384   00134A  8EF2               	bsf	242,7,c	;volatile
  1385   00134C                     
  1386                           ;main.c: 383:         Motor_Stop_Delay_Time = 0;
  1387   00134C  0E00               	movlw	0
  1388   00134E  6E22               	movwf	(_Motor_Stop_Delay_Time+1)^0,c
  1389   001350  0E00               	movlw	0
  1390   001352  6E21               	movwf	_Motor_Stop_Delay_Time^0,c
  1391                           
  1392                           ;main.c: 384:     } else {
  1393   001354  EFAF  F009         	goto	l246
  1394   001358                     l245:
  1395                           
  1396                           ;main.c: 385:         Motor_Stop_Delay_Time = delay_motor_stop_time;
  1397   001358  C028  F021         	movff	_delay_motor_stop_time,_Motor_Stop_Delay_Time	;volatile
  1398   00135C  6A22               	clrf	(_Motor_Stop_Delay_Time+1)^0,c
  1399   00135E                     l246:
  1400                           
  1401                           ;main.c: 391:     INTCONbits.GIE = 0;
  1402   00135E  9EF2               	bcf	242,7,c	;volatile
  1403   001360                     
  1404                           ;main.c: 392:     ETemp = read_i2c(0x0040);
  1405   001360  0E40               	movlw	64
  1406   001362  6E48               	movwf	read_i2c@address^0,c
  1407   001364  0E00               	movlw	0
  1408   001366  6E49               	movwf	(read_i2c@address+1)^0,c
  1409   001368  0E00               	movlw	0
  1410   00136A  6E4A               	movwf	(read_i2c@address+2)^0,c
  1411   00136C  0E00               	movlw	0
  1412   00136E  6E4B               	movwf	(read_i2c@address+3)^0,c
  1413   001370  EC6A  F022         	call	_read_i2c	;wreg free
  1414   001374  C048  F023         	movff	?_read_i2c,_ETemp
  1415   001378  C049  F024         	movff	?_read_i2c+1,_ETemp+1
  1416   00137C                     
  1417                           ;main.c: 393:     INTCONbits.GIE = 1;
  1418   00137C  8EF2               	bsf	242,7,c	;volatile
  1419   00137E                     
  1420                           ;main.c: 394:     vib_Time = ETemp & 0x00FF;
  1421   00137E  C023  F029         	movff	_ETemp,_vib_Time	;volatile
  1422   001382                     
  1423                           ;main.c: 396:     if ((vib_Time != 0x81 && vib_Time != 0x82 && vib_Time != 0x83 && vib_T
      +                          ime != 0x84 && vib_Time != 0x85
  1424   001382  0E81               	movlw	129
  1425   001384  1829               	xorwf	_vib_Time^0,w,c	;volatile
  1426   001386  B4D8               	btfsc	status,2,c
  1427   001388  EFC8  F009         	goto	u6811
  1428   00138C  EFCA  F009         	goto	u6810
  1429   001390                     u6811:
  1430   001390  EF43  F00A         	goto	l8826
  1431   001394                     u6810:
  1432   001394  0E82               	movlw	130
  1433   001396  1829               	xorwf	_vib_Time^0,w,c	;volatile
  1434   001398  B4D8               	btfsc	status,2,c
  1435   00139A  EFD1  F009         	goto	u6821
  1436   00139E  EFD3  F009         	goto	u6820
  1437   0013A2                     u6821:
  1438   0013A2  EF43  F00A         	goto	l8826
  1439   0013A6                     u6820:
  1440   0013A6  0E83               	movlw	131
  1441   0013A8  1829               	xorwf	_vib_Time^0,w,c	;volatile
  1442   0013AA  B4D8               	btfsc	status,2,c
  1443   0013AC  EFDA  F009         	goto	u6831
  1444   0013B0  EFDC  F009         	goto	u6830
  1445   0013B4                     u6831:
  1446   0013B4  EF43  F00A         	goto	l8826
  1447   0013B8                     u6830:
  1448   0013B8  0E84               	movlw	132
  1449   0013BA  1829               	xorwf	_vib_Time^0,w,c	;volatile
  1450   0013BC  B4D8               	btfsc	status,2,c
  1451   0013BE  EFE3  F009         	goto	u6841
  1452   0013C2  EFE5  F009         	goto	u6840
  1453   0013C6                     u6841:
  1454   0013C6  EF43  F00A         	goto	l8826
  1455   0013CA                     u6840:
  1456   0013CA  0E85               	movlw	133
  1457   0013CC  1829               	xorwf	_vib_Time^0,w,c	;volatile
  1458   0013CE  B4D8               	btfsc	status,2,c
  1459   0013D0  EFEC  F009         	goto	u6851
  1460   0013D4  EFEE  F009         	goto	u6850
  1461   0013D8                     u6851:
  1462   0013D8  EF43  F00A         	goto	l8826
  1463   0013DC                     u6850:
  1464   0013DC  0E86               	movlw	134
  1465   0013DE  1829               	xorwf	_vib_Time^0,w,c	;volatile
  1466   0013E0  B4D8               	btfsc	status,2,c
  1467   0013E2  EFF5  F009         	goto	u6861
  1468   0013E6  EFF7  F009         	goto	u6860
  1469   0013EA                     u6861:
  1470   0013EA  EF43  F00A         	goto	l8826
  1471   0013EE                     u6860:
  1472   0013EE  0E87               	movlw	135
  1473   0013F0  1829               	xorwf	_vib_Time^0,w,c	;volatile
  1474   0013F2  B4D8               	btfsc	status,2,c
  1475   0013F4  EFFE  F009         	goto	u6871
  1476   0013F8  EF00  F00A         	goto	u6870
  1477   0013FC                     u6871:
  1478   0013FC  EF43  F00A         	goto	l8826
  1479   001400                     u6870:
  1480   001400                     
  1481                           ;main.c: 397:             && vib_Time != 0x86 && vib_Time != 0x87)) {;main.c: 398:      
      +                             Vmotor_Time = 2000;
  1482   001400  0E07               	movlw	7
  1483   001402  6E55               	movwf	(_Vmotor_Time+1)^0,c
  1484   001404  0ED0               	movlw	208
  1485   001406  6E54               	movwf	_Vmotor_Time^0,c
  1486                           
  1487                           ;main.c: 399:         vib_Time = 0x82;
  1488   001408  0E82               	movlw	130
  1489   00140A  6E29               	movwf	_vib_Time^0,c	;volatile
  1490   00140C                     
  1491                           ;main.c: 401:         INTCONbits.GIE = 0;
  1492   00140C  9EF2               	bcf	242,7,c	;volatile
  1493   00140E                     
  1494                           ;main.c: 402:         write_i2c(0x0040, vib_Time);
  1495   00140E  0E40               	movlw	64
  1496   001410  6E48               	movwf	write_i2c@address^0,c
  1497   001412  0E00               	movlw	0
  1498   001414  6E49               	movwf	(write_i2c@address+1)^0,c
  1499   001416  0E00               	movlw	0
  1500   001418  6E4A               	movwf	(write_i2c@address+2)^0,c
  1501   00141A  0E00               	movlw	0
  1502   00141C  6E4B               	movwf	(write_i2c@address+3)^0,c
  1503   00141E  C029  F04C         	movff	_vib_Time,write_i2c@data	;volatile
  1504   001422  6A4D               	clrf	(write_i2c@data+1)^0,c
  1505   001424  EC1D  F023         	call	_write_i2c	;wreg free
  1506   001428                     
  1507                           ;main.c: 403:         INTCONbits.GIE = 1;
  1508   001428  8EF2               	bsf	242,7,c	;volatile
  1509                           
  1510                           ;main.c: 404:     } else {
  1511   00142A  EF6D  F00A         	goto	l8828
  1512   00142E                     l8810:
  1513                           
  1514                           ; BSR set to: 0
  1515                           ;main.c: 407:                 Vmotor_Time = 1000;
  1516   00142E  0E03               	movlw	3
  1517   001430  6E55               	movwf	(_Vmotor_Time+1)^0,c
  1518   001432  0EE8               	movlw	232
  1519   001434  6E54               	movwf	_Vmotor_Time^0,c
  1520                           
  1521                           ;main.c: 408:                 break;
  1522   001436  EF6D  F00A         	goto	l8828
  1523   00143A                     l8812:
  1524                           
  1525                           ; BSR set to: 0
  1526                           ;main.c: 411:                 Vmotor_Time = 2000;
  1527   00143A  0E07               	movlw	7
  1528   00143C  6E55               	movwf	(_Vmotor_Time+1)^0,c
  1529   00143E  0ED0               	movlw	208
  1530   001440  6E54               	movwf	_Vmotor_Time^0,c
  1531                           
  1532                           ;main.c: 412:                 vib_Time = 0x82;
  1533   001442  0E82               	movlw	130
  1534   001444  6E29               	movwf	_vib_Time^0,c	;volatile
  1535                           
  1536                           ;main.c: 413:                 break;
  1537   001446  EF6D  F00A         	goto	l8828
  1538   00144A                     l8814:
  1539                           
  1540                           ; BSR set to: 0
  1541                           ;main.c: 415:                 Vmotor_Time = 3000;
  1542   00144A  0E0B               	movlw	11
  1543   00144C  6E55               	movwf	(_Vmotor_Time+1)^0,c
  1544   00144E  0EB8               	movlw	184
  1545   001450  6E54               	movwf	_Vmotor_Time^0,c
  1546                           
  1547                           ;main.c: 416:                 break;
  1548   001452  EF6D  F00A         	goto	l8828
  1549   001456                     l8816:
  1550                           
  1551                           ; BSR set to: 0
  1552                           ;main.c: 418:                 Vmotor_Time = 4000;
  1553   001456  0E0F               	movlw	15
  1554   001458  6E55               	movwf	(_Vmotor_Time+1)^0,c
  1555   00145A  0EA0               	movlw	160
  1556   00145C  6E54               	movwf	_Vmotor_Time^0,c
  1557                           
  1558                           ;main.c: 419:                 break;
  1559   00145E  EF6D  F00A         	goto	l8828
  1560   001462                     l8818:
  1561                           
  1562                           ; BSR set to: 0
  1563                           ;main.c: 421:                 Vmotor_Time = 5000;
  1564   001462  0E13               	movlw	19
  1565   001464  6E55               	movwf	(_Vmotor_Time+1)^0,c
  1566   001466  0E88               	movlw	136
  1567   001468  6E54               	movwf	_Vmotor_Time^0,c
  1568                           
  1569                           ;main.c: 422:                 break;
  1570   00146A  EF6D  F00A         	goto	l8828
  1571   00146E                     l8820:
  1572                           
  1573                           ; BSR set to: 0
  1574                           ;main.c: 424:                 Vmotor_Time = 800;
  1575   00146E  0E03               	movlw	3
  1576   001470  6E55               	movwf	(_Vmotor_Time+1)^0,c
  1577   001472  0E20               	movlw	32
  1578   001474  6E54               	movwf	_Vmotor_Time^0,c
  1579                           
  1580                           ;main.c: 425:                 break;
  1581   001476  EF6D  F00A         	goto	l8828
  1582   00147A                     l8822:
  1583                           
  1584                           ; BSR set to: 0
  1585                           ;main.c: 427:                 Vmotor_Time = 1500;
  1586   00147A  0E05               	movlw	5
  1587   00147C  6E55               	movwf	(_Vmotor_Time+1)^0,c
  1588   00147E  0EDC               	movlw	220
  1589   001480  6E54               	movwf	_Vmotor_Time^0,c
  1590                           
  1591                           ;main.c: 428:                 break;
  1592   001482  EF6D  F00A         	goto	l8828
  1593   001486                     l8826:
  1594   001486  5029               	movf	_vib_Time^0,w,c	;volatile
  1595   001488  0100               	movlb	0	; () banked
  1596   00148A  6FA9               	movwf	??_main& (0+255),b
  1597   00148C  6BAA               	clrf	(??_main+1)& (0+255),b
  1598                           
  1599                           ; Switch on 2 bytes has been partitioned into a top level switch of size 1, and 1 sub-sw
      +                          itches
  1600                           ; Switch size 1, requested type "simple"
  1601                           ; Number of cases is 1, Range of values is 0 to 0
  1602                           ; switch strategies available:
  1603                           ; Name         Instructions Cycles
  1604                           ; simple_byte            4     3 (average)
  1605                           ;	Chosen strategy is simple_byte
  1606   00148E  51AA               	movf	(??_main+1)& (0+255),w,b
  1607   001490  0A00               	xorlw	0	; case 0
  1608   001492  B4D8               	btfsc	status,2,c
  1609   001494  EF4E  F00A         	goto	l10606
  1610   001498  EF1D  F00A         	goto	l8812
  1611   00149C                     l10606:
  1612                           
  1613                           ; BSR set to: 0
  1614                           ; Switch size 1, requested type "simple"
  1615                           ; Number of cases is 7, Range of values is 129 to 135
  1616                           ; switch strategies available:
  1617                           ; Name         Instructions Cycles
  1618                           ; simple_byte           22    12 (average)
  1619                           ;	Chosen strategy is simple_byte
  1620   00149C  51A9               	movf	??_main& (0+255),w,b
  1621   00149E  0A81               	xorlw	129	; case 129
  1622   0014A0  B4D8               	btfsc	status,2,c
  1623   0014A2  EF17  F00A         	goto	l8810
  1624   0014A6  0A03               	xorlw	3	; case 130
  1625   0014A8  B4D8               	btfsc	status,2,c
  1626   0014AA  EF1D  F00A         	goto	l8812
  1627   0014AE  0A01               	xorlw	1	; case 131
  1628   0014B0  B4D8               	btfsc	status,2,c
  1629   0014B2  EF25  F00A         	goto	l8814
  1630   0014B6  0A07               	xorlw	7	; case 132
  1631   0014B8  B4D8               	btfsc	status,2,c
  1632   0014BA  EF2B  F00A         	goto	l8816
  1633   0014BE  0A01               	xorlw	1	; case 133
  1634   0014C0  B4D8               	btfsc	status,2,c
  1635   0014C2  EF31  F00A         	goto	l8818
  1636   0014C6  0A03               	xorlw	3	; case 134
  1637   0014C8  B4D8               	btfsc	status,2,c
  1638   0014CA  EF37  F00A         	goto	l8820
  1639   0014CE  0A01               	xorlw	1	; case 135
  1640   0014D0  B4D8               	btfsc	status,2,c
  1641   0014D2  EF3D  F00A         	goto	l8822
  1642   0014D6  EF1D  F00A         	goto	l8812
  1643   0014DA                     l8828:
  1644                           
  1645                           ;main.c: 435:         PWM_reg = 0x3F;
  1646   0014DA  0E3F               	movlw	63
  1647   0014DC  6E56               	movwf	_PWM_reg^0,c
  1648   0014DE                     
  1649                           ;main.c: 437:     INTCONbits.GIE=0;
  1650   0014DE  9EF2               	bcf	242,7,c	;volatile
  1651   0014E0                     
  1652                           ;main.c: 438:     ETemp = read_i2c(0x0030);
  1653   0014E0  0E30               	movlw	48
  1654   0014E2  6E48               	movwf	read_i2c@address^0,c
  1655   0014E4  0E00               	movlw	0
  1656   0014E6  6E49               	movwf	(read_i2c@address+1)^0,c
  1657   0014E8  0E00               	movlw	0
  1658   0014EA  6E4A               	movwf	(read_i2c@address+2)^0,c
  1659   0014EC  0E00               	movlw	0
  1660   0014EE  6E4B               	movwf	(read_i2c@address+3)^0,c
  1661   0014F0  EC6A  F022         	call	_read_i2c	;wreg free
  1662   0014F4  C048  F023         	movff	?_read_i2c,_ETemp
  1663   0014F8  C049  F024         	movff	?_read_i2c+1,_ETemp+1
  1664   0014FC                     
  1665                           ;main.c: 439:     INTCONbits.GIE=1;
  1666   0014FC  8EF2               	bsf	242,7,c	;volatile
  1667   0014FE                     
  1668                           ;main.c: 441:     PWM_reg = ETemp & 0x00FF;
  1669   0014FE  C023  F056         	movff	_ETemp,_PWM_reg
  1670   001502                     
  1671                           ;main.c: 443:     if( (PWM_reg!=0x00 && PWM_reg!=0x3F && PWM_reg!=0x7F) )
  1672   001502  5056               	movf	_PWM_reg^0,w,c
  1673   001504  B4D8               	btfsc	status,2,c
  1674   001506  EF87  F00A         	goto	u6881
  1675   00150A  EF89  F00A         	goto	u6880
  1676   00150E                     u6881:
  1677   00150E  EFAC  F00A         	goto	l8852
  1678   001512                     u6880:
  1679   001512  0E3F               	movlw	63
  1680   001514  1856               	xorwf	_PWM_reg^0,w,c
  1681   001516  B4D8               	btfsc	status,2,c
  1682   001518  EF90  F00A         	goto	u6891
  1683   00151C  EF92  F00A         	goto	u6890
  1684   001520                     u6891:
  1685   001520  EFAC  F00A         	goto	l8852
  1686   001524                     u6890:
  1687   001524  0E7F               	movlw	127
  1688   001526  1856               	xorwf	_PWM_reg^0,w,c
  1689   001528  B4D8               	btfsc	status,2,c
  1690   00152A  EF99  F00A         	goto	u6901
  1691   00152E  EF9B  F00A         	goto	u6900
  1692   001532                     u6901:
  1693   001532  EFAC  F00A         	goto	l8852
  1694   001536                     u6900:
  1695   001536                     
  1696                           ;main.c: 444:     {;main.c: 445:         PWM_reg=0x3F;
  1697   001536  0E3F               	movlw	63
  1698   001538  6E56               	movwf	_PWM_reg^0,c
  1699   00153A                     
  1700                           ;main.c: 447:         INTCONbits.GIE=0;
  1701   00153A  9EF2               	bcf	242,7,c	;volatile
  1702   00153C                     
  1703                           ;main.c: 448:         write_i2c(0x0030,PWM_reg);
  1704   00153C  0E30               	movlw	48
  1705   00153E  6E48               	movwf	write_i2c@address^0,c
  1706   001540  0E00               	movlw	0
  1707   001542  6E49               	movwf	(write_i2c@address+1)^0,c
  1708   001544  0E00               	movlw	0
  1709   001546  6E4A               	movwf	(write_i2c@address+2)^0,c
  1710   001548  0E00               	movlw	0
  1711   00154A  6E4B               	movwf	(write_i2c@address+3)^0,c
  1712   00154C  C056  F04C         	movff	_PWM_reg,write_i2c@data
  1713   001550  6A4D               	clrf	(write_i2c@data+1)^0,c
  1714   001552  EC1D  F023         	call	_write_i2c	;wreg free
  1715   001556                     
  1716                           ;main.c: 449:         INTCONbits.GIE=1;
  1717   001556  8EF2               	bsf	242,7,c	;volatile
  1718   001558                     l8852:
  1719                           
  1720                           ;main.c: 452:     errorcounter = 30;
  1721   001558  0E1E               	movlw	30
  1722   00155A  6E4E               	movwf	_errorcounter^0,c	;volatile
  1723   00155C  0E00               	movlw	0
  1724   00155E  6E4F               	movwf	(_errorcounter+1)^0,c	;volatile
  1725   001560  0E00               	movlw	0
  1726   001562  6E50               	movwf	(_errorcounter+2)^0,c	;volatile
  1727   001564  0E00               	movlw	0
  1728   001566  6E51               	movwf	(_errorcounter+3)^0,c	;volatile
  1729                           
  1730                           ;main.c: 453:     MotorPosition_Init();
  1731   001568  EC60  F01E         	call	_MotorPosition_Init	;wreg free
  1732   00156C                     
  1733                           ;main.c: 454:     LATDbits.LATD1 = 0;
  1734   00156C  928C               	bcf	140,1,c	;volatile
  1735   00156E                     
  1736                           ;main.c: 459:     INTCONbits.GIE=0;
  1737   00156E  9EF2               	bcf	242,7,c	;volatile
  1738                           
  1739                           ;main.c: 460:     ETemp = read_i2c(0x0070);
  1740   001570  0E70               	movlw	112
  1741   001572  6E48               	movwf	read_i2c@address^0,c
  1742   001574  0E00               	movlw	0
  1743   001576  6E49               	movwf	(read_i2c@address+1)^0,c
  1744   001578  0E00               	movlw	0
  1745   00157A  6E4A               	movwf	(read_i2c@address+2)^0,c
  1746   00157C  0E00               	movlw	0
  1747   00157E  6E4B               	movwf	(read_i2c@address+3)^0,c
  1748   001580  EC6A  F022         	call	_read_i2c	;wreg free
  1749   001584  C048  F023         	movff	?_read_i2c,_ETemp
  1750   001588  C049  F024         	movff	?_read_i2c+1,_ETemp+1
  1751   00158C                     
  1752                           ;main.c: 462:     INTCONbits.GIE=1;
  1753   00158C  8EF2               	bsf	242,7,c	;volatile
  1754   00158E                     
  1755                           ;main.c: 464:     dutyCycle_reg = ETemp & 0xFF;
  1756   00158E  5023               	movf	_ETemp^0,w,c
  1757   001590  6E13               	movwf	_dutyCycle_reg^0,c
  1758   001592  6A14               	clrf	(_dutyCycle_reg+1)^0,c
  1759   001594                     
  1760                           ;main.c: 466:     if(dutyCycle_reg != 0x00 && dutyCycle_reg != 0x01 && dutyCycle_reg != 
      +                          0x02 && dutyCycle_reg != 0x03 && dutyCycle_reg != 0x04)
  1761   001594  5013               	movf	_dutyCycle_reg^0,w,c
  1762   001596  1014               	iorwf	(_dutyCycle_reg+1)^0,w,c
  1763   001598  B4D8               	btfsc	status,2,c
  1764   00159A  EFD1  F00A         	goto	u6911
  1765   00159E  EFD3  F00A         	goto	u6910
  1766   0015A2                     u6911:
  1767   0015A2  EF2E  F00B         	goto	l8894
  1768   0015A6                     u6910:
  1769   0015A6  0413               	decf	_dutyCycle_reg^0,w,c
  1770   0015A8  1014               	iorwf	(_dutyCycle_reg+1)^0,w,c
  1771   0015AA  B4D8               	btfsc	status,2,c
  1772   0015AC  EFDA  F00A         	goto	u6921
  1773   0015B0  EFDC  F00A         	goto	u6920
  1774   0015B4                     u6921:
  1775   0015B4  EF2E  F00B         	goto	l8894
  1776   0015B8                     u6920:
  1777   0015B8  0E02               	movlw	2
  1778   0015BA  1813               	xorwf	_dutyCycle_reg^0,w,c
  1779   0015BC  1014               	iorwf	(_dutyCycle_reg+1)^0,w,c
  1780   0015BE  B4D8               	btfsc	status,2,c
  1781   0015C0  EFE4  F00A         	goto	u6931
  1782   0015C4  EFE6  F00A         	goto	u6930
  1783   0015C8                     u6931:
  1784   0015C8  EF2E  F00B         	goto	l8894
  1785   0015CC                     u6930:
  1786   0015CC  0E03               	movlw	3
  1787   0015CE  1813               	xorwf	_dutyCycle_reg^0,w,c
  1788   0015D0  1014               	iorwf	(_dutyCycle_reg+1)^0,w,c
  1789   0015D2  B4D8               	btfsc	status,2,c
  1790   0015D4  EFEE  F00A         	goto	u6941
  1791   0015D8  EFF0  F00A         	goto	u6940
  1792   0015DC                     u6941:
  1793   0015DC  EF2E  F00B         	goto	l8894
  1794   0015E0                     u6940:
  1795   0015E0  0E04               	movlw	4
  1796   0015E2  1813               	xorwf	_dutyCycle_reg^0,w,c
  1797   0015E4  1014               	iorwf	(_dutyCycle_reg+1)^0,w,c
  1798   0015E6  B4D8               	btfsc	status,2,c
  1799   0015E8  EFF8  F00A         	goto	u6951
  1800   0015EC  EFFA  F00A         	goto	u6950
  1801   0015F0                     u6951:
  1802   0015F0  EF2E  F00B         	goto	l8894
  1803   0015F4                     u6950:
  1804   0015F4                     
  1805                           ;main.c: 467:     {;main.c: 468:         dutyCycle_reg = 0x00;
  1806   0015F4  0E00               	movlw	0
  1807   0015F6  6E14               	movwf	(_dutyCycle_reg+1)^0,c
  1808   0015F8  0E00               	movlw	0
  1809   0015FA  6E13               	movwf	_dutyCycle_reg^0,c
  1810   0015FC                     
  1811                           ;main.c: 469:         INTCONbits.GIE=0;
  1812   0015FC  9EF2               	bcf	242,7,c	;volatile
  1813   0015FE                     
  1814                           ;main.c: 470:         write_i2c(0x0070,dutyCycle_reg);
  1815   0015FE  0E70               	movlw	112
  1816   001600  6E48               	movwf	write_i2c@address^0,c
  1817   001602  0E00               	movlw	0
  1818   001604  6E49               	movwf	(write_i2c@address+1)^0,c
  1819   001606  0E00               	movlw	0
  1820   001608  6E4A               	movwf	(write_i2c@address+2)^0,c
  1821   00160A  0E00               	movlw	0
  1822   00160C  6E4B               	movwf	(write_i2c@address+3)^0,c
  1823   00160E  C013  F04C         	movff	_dutyCycle_reg,write_i2c@data
  1824   001612  C014  F04D         	movff	_dutyCycle_reg+1,write_i2c@data+1
  1825   001616  EC1D  F023         	call	_write_i2c	;wreg free
  1826   00161A                     
  1827                           ;main.c: 471:         INTCONbits.GIE=1;
  1828   00161A  8EF2               	bsf	242,7,c	;volatile
  1829                           
  1830                           ;main.c: 472:     }
  1831   00161C  EF51  F00B         	goto	l261
  1832   001620                     l8880:
  1833                           
  1834                           ; BSR set to: 0
  1835                           ;main.c: 476:           duty_cycle = 0;
  1836   001620  0E00               	movlw	0
  1837   001622  6FA0               	movwf	(_duty_cycle+1)& (0+255),b
  1838   001624  0E00               	movlw	0
  1839   001626  6F9F               	movwf	_duty_cycle& (0+255),b
  1840                           
  1841                           ;main.c: 477:           break;
  1842   001628  EF51  F00B         	goto	l261
  1843   00162C                     l8882:
  1844                           
  1845                           ; BSR set to: 0
  1846                           ;main.c: 479:           duty_cycle = 7;
  1847   00162C  0E00               	movlw	0
  1848   00162E  6FA0               	movwf	(_duty_cycle+1)& (0+255),b
  1849   001630  0E07               	movlw	7
  1850   001632  6F9F               	movwf	_duty_cycle& (0+255),b
  1851                           
  1852                           ;main.c: 480:           break;
  1853   001634  EF51  F00B         	goto	l261
  1854   001638                     l8884:
  1855                           
  1856                           ; BSR set to: 0
  1857                           ;main.c: 483:           duty_cycle = 9;
  1858   001638  0E00               	movlw	0
  1859   00163A  6FA0               	movwf	(_duty_cycle+1)& (0+255),b
  1860   00163C  0E09               	movlw	9
  1861   00163E  6F9F               	movwf	_duty_cycle& (0+255),b
  1862                           
  1863                           ;main.c: 484:           break;
  1864   001640  EF51  F00B         	goto	l261
  1865   001644                     l8886:
  1866                           
  1867                           ; BSR set to: 0
  1868                           ;main.c: 486:           duty_cycle = 12;
  1869   001644  0E00               	movlw	0
  1870   001646  6FA0               	movwf	(_duty_cycle+1)& (0+255),b
  1871   001648  0E0C               	movlw	12
  1872   00164A  6F9F               	movwf	_duty_cycle& (0+255),b
  1873                           
  1874                           ;main.c: 487:           break;
  1875   00164C  EF51  F00B         	goto	l261
  1876   001650                     l8888:
  1877                           
  1878                           ; BSR set to: 0
  1879                           ;main.c: 489:           duty_cycle = 20;
  1880   001650  0E00               	movlw	0
  1881   001652  6FA0               	movwf	(_duty_cycle+1)& (0+255),b
  1882   001654  0E14               	movlw	20
  1883   001656  6F9F               	movwf	_duty_cycle& (0+255),b
  1884                           
  1885                           ;main.c: 490:           break;
  1886   001658  EF51  F00B         	goto	l261
  1887   00165C                     l8894:
  1888   00165C  C013  F0A9         	movff	_dutyCycle_reg,??_main
  1889   001660  C014  F0AA         	movff	_dutyCycle_reg+1,??_main+1
  1890                           
  1891                           ; Switch on 2 bytes has been partitioned into a top level switch of size 1, and 1 sub-sw
      +                          itches
  1892                           ; Switch size 1, requested type "simple"
  1893                           ; Number of cases is 1, Range of values is 0 to 0
  1894                           ; switch strategies available:
  1895                           ; Name         Instructions Cycles
  1896                           ; simple_byte            4     3 (average)
  1897                           ;	Chosen strategy is simple_byte
  1898   001664  0100               	movlb	0	; () banked
  1899   001666  51AA               	movf	(??_main+1)& (0+255),w,b
  1900   001668  0A00               	xorlw	0	; case 0
  1901   00166A  B4D8               	btfsc	status,2,c
  1902   00166C  EF3A  F00B         	goto	l10608
  1903   001670  EF10  F00B         	goto	l8880
  1904   001674                     l10608:
  1905                           
  1906                           ; BSR set to: 0
  1907                           ; Switch size 1, requested type "simple"
  1908                           ; Number of cases is 5, Range of values is 0 to 4
  1909                           ; switch strategies available:
  1910                           ; Name         Instructions Cycles
  1911                           ; simple_byte           16     9 (average)
  1912                           ;	Chosen strategy is simple_byte
  1913   001674  51A9               	movf	??_main& (0+255),w,b
  1914   001676  0A00               	xorlw	0	; case 0
  1915   001678  B4D8               	btfsc	status,2,c
  1916   00167A  EF10  F00B         	goto	l8880
  1917   00167E  0A01               	xorlw	1	; case 1
  1918   001680  B4D8               	btfsc	status,2,c
  1919   001682  EF16  F00B         	goto	l8882
  1920   001686  0A03               	xorlw	3	; case 2
  1921   001688  B4D8               	btfsc	status,2,c
  1922   00168A  EF1C  F00B         	goto	l8884
  1923   00168E  0A01               	xorlw	1	; case 3
  1924   001690  B4D8               	btfsc	status,2,c
  1925   001692  EF22  F00B         	goto	l8886
  1926   001696  0A07               	xorlw	7	; case 4
  1927   001698  B4D8               	btfsc	status,2,c
  1928   00169A  EF28  F00B         	goto	l8888
  1929   00169E  EF10  F00B         	goto	l8880
  1930   0016A2                     l261:
  1931                           
  1932                           ;main.c: 499:     INTCONbits.GIE=0;
  1933   0016A2  9EF2               	bcf	242,7,c	;volatile
  1934   0016A4                     
  1935                           ;main.c: 500:     ETemp = read_i2c(0x0080);
  1936   0016A4  0E80               	movlw	128
  1937   0016A6  6E48               	movwf	read_i2c@address^0,c
  1938   0016A8  0E00               	movlw	0
  1939   0016AA  6E49               	movwf	(read_i2c@address+1)^0,c
  1940   0016AC  0E00               	movlw	0
  1941   0016AE  6E4A               	movwf	(read_i2c@address+2)^0,c
  1942   0016B0  0E00               	movlw	0
  1943   0016B2  6E4B               	movwf	(read_i2c@address+3)^0,c
  1944   0016B4  EC6A  F022         	call	_read_i2c	;wreg free
  1945   0016B8  C048  F023         	movff	?_read_i2c,_ETemp
  1946   0016BC  C049  F024         	movff	?_read_i2c+1,_ETemp+1
  1947   0016C0                     
  1948                           ;main.c: 501:     INTCONbits.GIE=1;
  1949   0016C0  8EF2               	bsf	242,7,c	;volatile
  1950   0016C2                     
  1951                           ;main.c: 502:     fwver = ETemp & 0xFF;
  1952   0016C2  5023               	movf	_ETemp^0,w,c
  1953   0016C4  6E52               	movwf	_fwver^0,c
  1954   0016C6  6A53               	clrf	(_fwver+1)^0,c
  1955   0016C8                     
  1956                           ;main.c: 503:     if(fwver != 37)
  1957   0016C8  0E25               	movlw	37
  1958   0016CA  1852               	xorwf	_fwver^0,w,c
  1959   0016CC  1053               	iorwf	(_fwver+1)^0,w,c
  1960   0016CE  B4D8               	btfsc	status,2,c
  1961   0016D0  EF6C  F00B         	goto	u6961
  1962   0016D4  EF6E  F00B         	goto	u6960
  1963   0016D8                     u6961:
  1964   0016D8  EF82  F00B         	goto	l8912
  1965   0016DC                     u6960:
  1966   0016DC                     
  1967                           ;main.c: 504:     {;main.c: 505:         fwver = 37;
  1968   0016DC  0E00               	movlw	0
  1969   0016DE  6E53               	movwf	(_fwver+1)^0,c
  1970   0016E0  0E25               	movlw	37
  1971   0016E2  6E52               	movwf	_fwver^0,c
  1972   0016E4                     
  1973                           ;main.c: 507:         INTCONbits.GIE=0;
  1974   0016E4  9EF2               	bcf	242,7,c	;volatile
  1975   0016E6                     
  1976                           ;main.c: 508:         write_i2c(0x0080,fwver);
  1977   0016E6  0E80               	movlw	128
  1978   0016E8  6E48               	movwf	write_i2c@address^0,c
  1979   0016EA  0E00               	movlw	0
  1980   0016EC  6E49               	movwf	(write_i2c@address+1)^0,c
  1981   0016EE  0E00               	movlw	0
  1982   0016F0  6E4A               	movwf	(write_i2c@address+2)^0,c
  1983   0016F2  0E00               	movlw	0
  1984   0016F4  6E4B               	movwf	(write_i2c@address+3)^0,c
  1985   0016F6  C052  F04C         	movff	_fwver,write_i2c@data
  1986   0016FA  C053  F04D         	movff	_fwver+1,write_i2c@data+1
  1987   0016FE  EC1D  F023         	call	_write_i2c	;wreg free
  1988   001702                     
  1989                           ;main.c: 509:         INTCONbits.GIE=1;
  1990   001702  8EF2               	bsf	242,7,c	;volatile
  1991   001704                     l8912:
  1992                           
  1993                           ;main.c: 514:     INTCONbits.GIE=0;
  1994   001704  9EF2               	bcf	242,7,c	;volatile
  1995   001706                     
  1996                           ;main.c: 515:     ETemp = read_i2c(0x0090);
  1997   001706  0E90               	movlw	144
  1998   001708  6E48               	movwf	read_i2c@address^0,c
  1999   00170A  0E00               	movlw	0
  2000   00170C  6E49               	movwf	(read_i2c@address+1)^0,c
  2001   00170E  0E00               	movlw	0
  2002   001710  6E4A               	movwf	(read_i2c@address+2)^0,c
  2003   001712  0E00               	movlw	0
  2004   001714  6E4B               	movwf	(read_i2c@address+3)^0,c
  2005   001716  EC6A  F022         	call	_read_i2c	;wreg free
  2006   00171A  C048  F023         	movff	?_read_i2c,_ETemp
  2007   00171E  C049  F024         	movff	?_read_i2c+1,_ETemp+1
  2008   001722                     
  2009                           ;main.c: 516:     INTCONbits.GIE=1;
  2010   001722  8EF2               	bsf	242,7,c	;volatile
  2011                           
  2012                           ;main.c: 517:     productType = ETemp & 0xFF;
  2013   001724  5023               	movf	_ETemp^0,w,c
  2014   001726  6E15               	movwf	_productType^0,c
  2015   001728  6A16               	clrf	(_productType+1)^0,c
  2016   00172A                     
  2017                           ;main.c: 518:     if(productType != 1 && productType != 0)
  2018   00172A  0415               	decf	_productType^0,w,c
  2019   00172C  1016               	iorwf	(_productType+1)^0,w,c
  2020   00172E  B4D8               	btfsc	status,2,c
  2021   001730  EF9C  F00B         	goto	u6971
  2022   001734  EF9E  F00B         	goto	u6970
  2023   001738                     u6971:
  2024   001738  EFBB  F00B         	goto	l8930
  2025   00173C                     u6970:
  2026   00173C  5015               	movf	_productType^0,w,c
  2027   00173E  1016               	iorwf	(_productType+1)^0,w,c
  2028   001740  B4D8               	btfsc	status,2,c
  2029   001742  EFA5  F00B         	goto	u6981
  2030   001746  EFA7  F00B         	goto	u6980
  2031   00174A                     u6981:
  2032   00174A  EFBB  F00B         	goto	l8930
  2033   00174E                     u6980:
  2034   00174E                     
  2035                           ;main.c: 519:     {;main.c: 520:         productType = 1;
  2036   00174E  0E00               	movlw	0
  2037   001750  6E16               	movwf	(_productType+1)^0,c
  2038   001752  0E01               	movlw	1
  2039   001754  6E15               	movwf	_productType^0,c
  2040   001756                     
  2041                           ;main.c: 522:         INTCONbits.GIE=0;
  2042   001756  9EF2               	bcf	242,7,c	;volatile
  2043   001758                     
  2044                           ;main.c: 523:         write_i2c(0x0090,productType);
  2045   001758  0E90               	movlw	144
  2046   00175A  6E48               	movwf	write_i2c@address^0,c
  2047   00175C  0E00               	movlw	0
  2048   00175E  6E49               	movwf	(write_i2c@address+1)^0,c
  2049   001760  0E00               	movlw	0
  2050   001762  6E4A               	movwf	(write_i2c@address+2)^0,c
  2051   001764  0E00               	movlw	0
  2052   001766  6E4B               	movwf	(write_i2c@address+3)^0,c
  2053   001768  C015  F04C         	movff	_productType,write_i2c@data
  2054   00176C  C016  F04D         	movff	_productType+1,write_i2c@data+1
  2055   001770  EC1D  F023         	call	_write_i2c	;wreg free
  2056   001774                     
  2057                           ;main.c: 524:         INTCONbits.GIE=1;
  2058   001774  8EF2               	bsf	242,7,c	;volatile
  2059   001776                     l8930:
  2060                           
  2061                           ;main.c: 543:         pwm_set(duty_cycle);
  2062   001776  C09F  F03A         	movff	_duty_cycle,pwm_set@duty
  2063   00177A  C0A0  F03B         	movff	_duty_cycle+1,pwm_set@duty+1
  2064   00177E  ECF2  F023         	call	_pwm_set	;wreg free
  2065   001782  0004               	clrwdt		;# 
  2066                           
  2067                           ;main.c: 546:         errorcounter = 30;
  2068   001784  0E1E               	movlw	30
  2069   001786  6E4E               	movwf	_errorcounter^0,c	;volatile
  2070   001788  0E00               	movlw	0
  2071   00178A  6E4F               	movwf	(_errorcounter+1)^0,c	;volatile
  2072   00178C  0E00               	movlw	0
  2073   00178E  6E50               	movwf	(_errorcounter+2)^0,c	;volatile
  2074   001790  0E00               	movlw	0
  2075   001792  6E51               	movwf	(_errorcounter+3)^0,c	;volatile
  2076   001794                     
  2077                           ;main.c: 547:         AD_capture_BattVoltage();
  2078   001794  EC42  F023         	call	_AD_capture_BattVoltage	;wreg free
  2079                           
  2080                           ;main.c: 549:         switch (OpMode) {
  2081   001798  EF67  F019         	goto	l9990
  2082   00179C                     l274:
  2083                           
  2084                           ; BSR set to: 0
  2085                           ;main.c: 555:                 NUM = NUM_REC;
  2086   00179C  C01B  F01F         	movff	_NUM_REC,_NUM
  2087   0017A0  C01C  F020         	movff	_NUM_REC+1,_NUM+1
  2088                           
  2089                           ;main.c: 556:                 if (PORTBbits.RB4 == 0) {
  2090   0017A4  B881               	btfsc	129,4,c	;volatile
  2091   0017A6  EFD7  F00B         	goto	u6991
  2092   0017AA  EFD9  F00B         	goto	u6990
  2093   0017AE                     u6991:
  2094   0017AE  EF78  F00C         	goto	l8958
  2095   0017B2                     u6990:
  2096   0017B2                     l8934:
  2097                           
  2098                           ; BSR set to: 0
  2099                           ;main.c: 558:                       WriteSTLED316SVibMode(dutyCycle_reg, vibration_mode)
      +                          ;
  2100   0017B2  C013  F040         	movff	_dutyCycle_reg,WriteSTLED316SVibMode@dc_reg
  2101   0017B6  C014  F041         	movff	_dutyCycle_reg+1,WriteSTLED316SVibMode@dc_reg+1
  2102   0017BA  C02C  F042         	movff	_vibration_mode,WriteSTLED316SVibMode@v_mode
  2103   0017BE  EC4A  F01D         	call	_WriteSTLED316SVibMode	;wreg free
  2104   0017C2                     
  2105                           ;main.c: 561:                       if (holdTimeMode >= 1000)
  2106   0017C2  0100               	movlb	0	; () banked
  2107   0017C4  BF88               	btfsc	(_holdTimeMode+1)& (0+255),7,b
  2108   0017C6  EFEE  F00B         	goto	u7001
  2109   0017CA  0EE8               	movlw	232
  2110   0017CC  5D87               	subwf	_holdTimeMode& (0+255),w,b
  2111   0017CE  0E03               	movlw	3
  2112   0017D0  5988               	subwfb	(_holdTimeMode+1)& (0+255),w,b
  2113   0017D2  A0D8               	btfss	status,0,c
  2114   0017D4  EFEE  F00B         	goto	u7001
  2115   0017D8  EFF0  F00B         	goto	u7000
  2116   0017DC                     u7001:
  2117   0017DC  EF21  F00C         	goto	l8942
  2118   0017E0                     u7000:
  2119   0017E0                     
  2120                           ; BSR set to: 0
  2121                           ;main.c: 562:                       {;main.c: 563:                         duty_cycle = 
      +                          PWM_Selection(dutyCycle_reg);
  2122   0017E0  C013  F0A3         	movff	_dutyCycle_reg,PWM_Selection@msg
  2123   0017E4  C014  F0A4         	movff	_dutyCycle_reg+1,PWM_Selection@msg+1
  2124   0017E8  ECB2  F01C         	call	_PWM_Selection	;wreg free
  2125   0017EC  C0A3  F09F         	movff	?_PWM_Selection,_duty_cycle
  2126   0017F0  C0A4  F0A0         	movff	?_PWM_Selection+1,_duty_cycle+1
  2127                           
  2128                           ;main.c: 564:                         dutyCycle_reg = read_i2c(0x0070);
  2129   0017F4  0E70               	movlw	112
  2130   0017F6  6E48               	movwf	read_i2c@address^0,c
  2131   0017F8  0E00               	movlw	0
  2132   0017FA  6E49               	movwf	(read_i2c@address+1)^0,c
  2133   0017FC  0E00               	movlw	0
  2134   0017FE  6E4A               	movwf	(read_i2c@address+2)^0,c
  2135   001800  0E00               	movlw	0
  2136   001802  6E4B               	movwf	(read_i2c@address+3)^0,c
  2137   001804  EC6A  F022         	call	_read_i2c	;wreg free
  2138   001808  C048  F013         	movff	?_read_i2c,_dutyCycle_reg
  2139   00180C  C049  F014         	movff	?_read_i2c+1,_dutyCycle_reg+1
  2140                           
  2141                           ;main.c: 565:                         ToggleVIB_Mode();
  2142   001810  EC62  F023         	call	_ToggleVIB_Mode	;wreg free
  2143                           
  2144                           ;main.c: 566:                         WriteSTLED316SVibMode(dutyCycle_reg, vibration_mod
      +                          e);
  2145   001814  C013  F040         	movff	_dutyCycle_reg,WriteSTLED316SVibMode@dc_reg
  2146   001818  C014  F041         	movff	_dutyCycle_reg+1,WriteSTLED316SVibMode@dc_reg+1
  2147   00181C  C02C  F042         	movff	_vibration_mode,WriteSTLED316SVibMode@v_mode
  2148   001820  EC4A  F01D         	call	_WriteSTLED316SVibMode	;wreg free
  2149   001824                     
  2150                           ;main.c: 567:                         _delay((unsigned long)((500)*(8000000/4000.0)));
  2151   001824  0E06               	movlw	6
  2152   001826  0100               	movlb	0	; () banked
  2153   001828  6FAA               	movwf	(??_main+1)& (0+255),b
  2154   00182A  0E13               	movlw	19
  2155   00182C  6FA9               	movwf	??_main& (0+255),b
  2156   00182E  0EAD               	movlw	173
  2157   001830                     u8297:
  2158   001830  2EE8               	decfsz	wreg,f,c
  2159   001832  D7FE               	bra	u8297
  2160   001834  2FA9               	decfsz	??_main& (0+255),f,b
  2161   001836  D7FC               	bra	u8297
  2162   001838  2FAA               	decfsz	(??_main+1)& (0+255),f,b
  2163   00183A  D7FA               	bra	u8297
  2164   00183C  D000               	nop2	
  2165                           
  2166                           ;main.c: 568:                       }
  2167   00183E  EF60  F00C         	goto	l8956
  2168   001842                     l8942:
  2169                           
  2170                           ; BSR set to: 0
  2171   001842  BF88               	btfsc	(_holdTimeMode+1)& (0+255),7,b
  2172   001844  EF2F  F00C         	goto	u7010
  2173   001848  0EE8               	movlw	232
  2174   00184A  5D87               	subwf	_holdTimeMode& (0+255),w,b
  2175   00184C  0E03               	movlw	3
  2176   00184E  5988               	subwfb	(_holdTimeMode+1)& (0+255),w,b
  2177   001850  B0D8               	btfsc	status,0,c
  2178   001852  EF2D  F00C         	goto	u7011
  2179   001856  EF2F  F00C         	goto	u7010
  2180   00185A                     u7011:
  2181   00185A  EF60  F00C         	goto	l8956
  2182   00185E                     u7010:
  2183   00185E                     
  2184                           ; BSR set to: 0
  2185                           ;main.c: 570:                       {;main.c: 571:                         WriteSTLED316
      +                          SVibMode(dutyCycle_reg, vibration_mode);
  2186   00185E  C013  F040         	movff	_dutyCycle_reg,WriteSTLED316SVibMode@dc_reg
  2187   001862  C014  F041         	movff	_dutyCycle_reg+1,WriteSTLED316SVibMode@dc_reg+1
  2188   001866  C02C  F042         	movff	_vibration_mode,WriteSTLED316SVibMode@v_mode
  2189   00186A  EC4A  F01D         	call	_WriteSTLED316SVibMode	;wreg free
  2190   00186E                     
  2191                           ;main.c: 572:                         _delay((unsigned long)((150)*(8000000/4000.0)));
  2192   00186E  0E02               	movlw	2
  2193   001870  0100               	movlb	0	; () banked
  2194   001872  6FAA               	movwf	(??_main+1)& (0+255),b
  2195   001874  0E86               	movlw	134
  2196   001876  6FA9               	movwf	??_main& (0+255),b
  2197   001878  0E99               	movlw	153
  2198   00187A                     u8307:
  2199   00187A  2EE8               	decfsz	wreg,f,c
  2200   00187C  D7FE               	bra	u8307
  2201   00187E  2FA9               	decfsz	??_main& (0+255),f,b
  2202   001880  D7FC               	bra	u8307
  2203   001882  2FAA               	decfsz	(??_main+1)& (0+255),f,b
  2204   001884  D7FA               	bra	u8307
  2205   001886                     
  2206                           ;main.c: 573:                         holdTimeMode = 0;
  2207   001886  0E00               	movlw	0
  2208   001888  0100               	movlb	0	; () banked
  2209   00188A  6F88               	movwf	(_holdTimeMode+1)& (0+255),b
  2210   00188C  0E00               	movlw	0
  2211   00188E  6F87               	movwf	_holdTimeMode& (0+255),b
  2212   001890  EF60  F00C         	goto	l8956
  2213   001894                     l8950:
  2214                           
  2215                           ; BSR set to: 0
  2216                           ;main.c: 576:                       {;main.c: 577:                         WriteSTLED316
      +                          SVibMode(dutyCycle_reg, vibration_mode);
  2217   001894  C013  F040         	movff	_dutyCycle_reg,WriteSTLED316SVibMode@dc_reg
  2218   001898  C014  F041         	movff	_dutyCycle_reg+1,WriteSTLED316SVibMode@dc_reg+1
  2219   00189C  C02C  F042         	movff	_vibration_mode,WriteSTLED316SVibMode@v_mode
  2220   0018A0  EC4A  F01D         	call	_WriteSTLED316SVibMode	;wreg free
  2221   0018A4                     
  2222                           ;main.c: 578:                         _delay((unsigned long)((10)*(8000000/4000.0)));
  2223   0018A4  0E1A               	movlw	26
  2224   0018A6  0100               	movlb	0	; () banked
  2225   0018A8  6FA9               	movwf	??_main& (0+255),b
  2226   0018AA  0EF8               	movlw	248
  2227   0018AC                     u8317:
  2228   0018AC  2EE8               	decfsz	wreg,f,c
  2229   0018AE  D7FE               	bra	u8317
  2230   0018B0  2FA9               	decfsz	??_main& (0+255),f,b
  2231   0018B2  D7FC               	bra	u8317
  2232   0018B4  F000               	nop	
  2233   0018B6                     
  2234                           ;main.c: 579:                         holdTimeMode += 10;
  2235   0018B6  0E0A               	movlw	10
  2236   0018B8  0100               	movlb	0	; () banked
  2237   0018BA  2787               	addwf	_holdTimeMode& (0+255),f,b
  2238   0018BC  0E00               	movlw	0
  2239   0018BE  2388               	addwfc	(_holdTimeMode+1)& (0+255),f,b
  2240   0018C0                     l8956:
  2241                           
  2242                           ;main.c: 575:                       while(holdTimeMode < 1000)
  2243   0018C0  0100               	movlb	0	; () banked
  2244   0018C2  BF88               	btfsc	(_holdTimeMode+1)& (0+255),7,b
  2245   0018C4  EF6D  F00C         	goto	u7021
  2246   0018C8  0EE8               	movlw	232
  2247   0018CA  5D87               	subwf	_holdTimeMode& (0+255),w,b
  2248   0018CC  0E03               	movlw	3
  2249   0018CE  5988               	subwfb	(_holdTimeMode+1)& (0+255),w,b
  2250   0018D0  A0D8               	btfss	status,0,c
  2251   0018D2  EF6D  F00C         	goto	u7021
  2252   0018D6  EF6F  F00C         	goto	u7020
  2253   0018DA                     u7021:
  2254   0018DA  EF4A  F00C         	goto	l8950
  2255   0018DE                     u7020:
  2256   0018DE                     
  2257                           ; BSR set to: 0
  2258                           ;main.c: 581:                     } while (PORTBbits.RB4 == 0);
  2259   0018DE  A881               	btfss	129,4,c	;volatile
  2260   0018E0  EF74  F00C         	goto	u7031
  2261   0018E4  EF76  F00C         	goto	u7030
  2262   0018E8                     u7031:
  2263   0018E8  EFD9  F00B         	goto	l8934
  2264   0018EC                     u7030:
  2265   0018EC  EF7C  F00C         	goto	l8960
  2266   0018F0                     l8958:
  2267                           
  2268                           ; BSR set to: 0
  2269                           ;main.c: 584:                   holdTimeMode = 0;
  2270   0018F0  0E00               	movlw	0
  2271   0018F2  6F88               	movwf	(_holdTimeMode+1)& (0+255),b
  2272   0018F4  0E00               	movlw	0
  2273   0018F6  6F87               	movwf	_holdTimeMode& (0+255),b
  2274   0018F8                     l8960:
  2275                           
  2276                           ; BSR set to: 0
  2277                           ;main.c: 587:                 if ((PORTBbits.RB3 == 0) && NUM != 99) {
  2278   0018F8  B681               	btfsc	129,3,c	;volatile
  2279   0018FA  EF81  F00C         	goto	u7041
  2280   0018FE  EF83  F00C         	goto	u7040
  2281   001902                     u7041:
  2282   001902  EF3B  F00D         	goto	l9002
  2283   001906                     u7040:
  2284   001906                     
  2285                           ; BSR set to: 0
  2286   001906  0E63               	movlw	99
  2287   001908  181F               	xorwf	_NUM^0,w,c
  2288   00190A  1020               	iorwf	(_NUM+1)^0,w,c
  2289   00190C  B4D8               	btfsc	status,2,c
  2290   00190E  EF8B  F00C         	goto	u7051
  2291   001912  EF8D  F00C         	goto	u7050
  2292   001916                     u7051:
  2293   001916  EF3B  F00D         	goto	l9002
  2294   00191A                     u7050:
  2295   00191A                     
  2296                           ; BSR set to: 0
  2297                           ;main.c: 588:                     if(PORTBbits.RB3 == 0){
  2298   00191A  B681               	btfsc	129,3,c	;volatile
  2299   00191C  EF92  F00C         	goto	u7061
  2300   001920  EF94  F00C         	goto	u7060
  2301   001924                     u7061:
  2302   001924  EF3F  F00D         	goto	l9004
  2303   001928                     u7060:
  2304   001928                     
  2305                           ; BSR set to: 0
  2306                           ;main.c: 590:                       if (holdTimeRight >= 1000 && NUM <= 89)
  2307   001928  BF8C               	btfsc	(_holdTimeRight+1)& (0+255),7,b
  2308   00192A  EFA0  F00C         	goto	u7071
  2309   00192E  0EE8               	movlw	232
  2310   001930  5D8B               	subwf	_holdTimeRight& (0+255),w,b
  2311   001932  0E03               	movlw	3
  2312   001934  598C               	subwfb	(_holdTimeRight+1)& (0+255),w,b
  2313   001936  A0D8               	btfss	status,0,c
  2314   001938  EFA0  F00C         	goto	u7071
  2315   00193C  EFA2  F00C         	goto	u7070
  2316   001940                     u7071:
  2317   001940  EFCA  F00C         	goto	l8976
  2318   001944                     u7070:
  2319   001944                     
  2320                           ; BSR set to: 0
  2321   001944  5020               	movf	(_NUM+1)^0,w,c
  2322   001946  E107               	bnz	u7081
  2323   001948  0E5A               	movlw	90
  2324   00194A  5C1F               	subwf	_NUM^0,w,c
  2325   00194C  B0D8               	btfsc	status,0,c
  2326   00194E  EFAB  F00C         	goto	u7081
  2327   001952  EFAD  F00C         	goto	u7080
  2328   001956                     u7081:
  2329   001956  EFCA  F00C         	goto	l8976
  2330   00195A                     u7080:
  2331   00195A                     
  2332                           ; BSR set to: 0
  2333                           ;main.c: 591:                       {;main.c: 594:                         NUM = NUM + 1
      +                          0;
  2334   00195A  0E0A               	movlw	10
  2335   00195C  241F               	addwf	_NUM^0,w,c
  2336   00195E  6E1F               	movwf	_NUM^0,c
  2337   001960  0E00               	movlw	0
  2338   001962  2020               	addwfc	(_NUM+1)^0,w,c
  2339   001964  6E20               	movwf	(_NUM+1)^0,c
  2340   001966                     
  2341                           ; BSR set to: 0
  2342                           ;main.c: 595:                         WriteSTLED316SData(NUM, vibration_mode);
  2343   001966  C01F  F042         	movff	_NUM,WriteSTLED316SData@number
  2344   00196A  C020  F043         	movff	_NUM+1,WriteSTLED316SData@number+1
  2345   00196E  C02C  F044         	movff	_vibration_mode,WriteSTLED316SData@v_mode
  2346   001972  EC57  F021         	call	_WriteSTLED316SData	;wreg free
  2347   001976                     
  2348                           ;main.c: 597:                         _delay((unsigned long)((1000)*(8000000/4000.0)));
  2349   001976  0E0B               	movlw	11
  2350   001978  0100               	movlb	0	; () banked
  2351   00197A  6FAA               	movwf	(??_main+1)& (0+255),b
  2352   00197C  0E26               	movlw	38
  2353   00197E  6FA9               	movwf	??_main& (0+255),b
  2354   001980  0E5D               	movlw	93
  2355   001982                     u8327:
  2356   001982  2EE8               	decfsz	wreg,f,c
  2357   001984  D7FE               	bra	u8327
  2358   001986  2FA9               	decfsz	??_main& (0+255),f,b
  2359   001988  D7FC               	bra	u8327
  2360   00198A  2FAA               	decfsz	(??_main+1)& (0+255),f,b
  2361   00198C  D7FA               	bra	u8327
  2362   00198E  D000               	nop2	
  2363                           
  2364                           ;main.c: 598:                       }
  2365   001990  EFF7  F00C         	goto	l8986
  2366   001994                     l8976:
  2367                           
  2368                           ; BSR set to: 0
  2369   001994  BF8C               	btfsc	(_holdTimeRight+1)& (0+255),7,b
  2370   001996  EFD8  F00C         	goto	u7090
  2371   00199A  0EE8               	movlw	232
  2372   00199C  5D8B               	subwf	_holdTimeRight& (0+255),w,b
  2373   00199E  0E03               	movlw	3
  2374   0019A0  598C               	subwfb	(_holdTimeRight+1)& (0+255),w,b
  2375   0019A2  B0D8               	btfsc	status,0,c
  2376   0019A4  EFD6  F00C         	goto	u7091
  2377   0019A8  EFD8  F00C         	goto	u7090
  2378   0019AC                     u7091:
  2379   0019AC  EFF7  F00C         	goto	l8986
  2380   0019B0                     u7090:
  2381   0019B0                     
  2382                           ; BSR set to: 0
  2383                           ;main.c: 600:                       {;main.c: 601:                         NUM = NUM + 1
      +                          ;
  2384   0019B0  0E01               	movlw	1
  2385   0019B2  241F               	addwf	_NUM^0,w,c
  2386   0019B4  6E1F               	movwf	_NUM^0,c
  2387   0019B6  0E00               	movlw	0
  2388   0019B8  2020               	addwfc	(_NUM+1)^0,w,c
  2389   0019BA  6E20               	movwf	(_NUM+1)^0,c
  2390   0019BC                     
  2391                           ; BSR set to: 0
  2392                           ;main.c: 602:                         WriteSTLED316SData(NUM, vibration_mode);
  2393   0019BC  C01F  F042         	movff	_NUM,WriteSTLED316SData@number
  2394   0019C0  C020  F043         	movff	_NUM+1,WriteSTLED316SData@number+1
  2395   0019C4  C02C  F044         	movff	_vibration_mode,WriteSTLED316SData@v_mode
  2396   0019C8  EC57  F021         	call	_WriteSTLED316SData	;wreg free
  2397   0019CC                     
  2398                           ;main.c: 604:                         _delay((unsigned long)((150)*(8000000/4000.0)));
  2399   0019CC  0E02               	movlw	2
  2400   0019CE  0100               	movlb	0	; () banked
  2401   0019D0  6FAA               	movwf	(??_main+1)& (0+255),b
  2402   0019D2  0E86               	movlw	134
  2403   0019D4  6FA9               	movwf	??_main& (0+255),b
  2404   0019D6  0E99               	movlw	153
  2405   0019D8                     u8337:
  2406   0019D8  2EE8               	decfsz	wreg,f,c
  2407   0019DA  D7FE               	bra	u8337
  2408   0019DC  2FA9               	decfsz	??_main& (0+255),f,b
  2409   0019DE  D7FC               	bra	u8337
  2410   0019E0  2FAA               	decfsz	(??_main+1)& (0+255),f,b
  2411   0019E2  D7FA               	bra	u8337
  2412   0019E4                     
  2413                           ;main.c: 605:                         holdTimeRight = 0;
  2414   0019E4  0E00               	movlw	0
  2415   0019E6  0100               	movlb	0	; () banked
  2416   0019E8  6F8C               	movwf	(_holdTimeRight+1)& (0+255),b
  2417   0019EA  0E00               	movlw	0
  2418   0019EC  6F8B               	movwf	_holdTimeRight& (0+255),b
  2419   0019EE                     l8986:
  2420                           
  2421                           ;main.c: 609:                       if(PORTBbits.RB3 == 0 && PORTAbits.RA5 == 0)
  2422   0019EE  B681               	btfsc	129,3,c	;volatile
  2423   0019F0  EFFC  F00C         	goto	u7101
  2424   0019F4  EFFE  F00C         	goto	u7100
  2425   0019F8                     u7101:
  2426   0019F8  EF21  F00D         	goto	l8998
  2427   0019FC                     u7100:
  2428   0019FC  BA80               	btfsc	128,5,c	;volatile
  2429   0019FE  EF03  F00D         	goto	u7111
  2430   001A02  EF05  F00D         	goto	u7110
  2431   001A06                     u7111:
  2432   001A06  EF21  F00D         	goto	l8998
  2433   001A0A                     u7110:
  2434   001A0A                     
  2435                           ;main.c: 610:                       {;main.c: 611:                           NUM = 0;
  2436   001A0A  0E00               	movlw	0
  2437   001A0C  6E20               	movwf	(_NUM+1)^0,c
  2438   001A0E  0E00               	movlw	0
  2439   001A10  6E1F               	movwf	_NUM^0,c
  2440   001A12                     
  2441                           ;main.c: 612:                           WriteSTLED316SData(NUM, vibration_mode);
  2442   001A12  C01F  F042         	movff	_NUM,WriteSTLED316SData@number
  2443   001A16  C020  F043         	movff	_NUM+1,WriteSTLED316SData@number+1
  2444   001A1A  C02C  F044         	movff	_vibration_mode,WriteSTLED316SData@v_mode
  2445   001A1E  EC57  F021         	call	_WriteSTLED316SData	;wreg free
  2446   001A22  EF21  F00D         	goto	l8998
  2447   001A26                     l8994:
  2448                           
  2449                           ; BSR set to: 0
  2450                           ;main.c: 616:                       {;main.c: 617:                         _delay((unsig
      +                          ned long)((10)*(8000000/4000.0)));
  2451   001A26  0E1A               	movlw	26
  2452   001A28  0100               	movlb	0	; () banked
  2453   001A2A  6FA9               	movwf	??_main& (0+255),b
  2454   001A2C  0EF8               	movlw	248
  2455   001A2E                     u8347:
  2456   001A2E  2EE8               	decfsz	wreg,f,c
  2457   001A30  D7FE               	bra	u8347
  2458   001A32  2FA9               	decfsz	??_main& (0+255),f,b
  2459   001A34  D7FC               	bra	u8347
  2460   001A36  F000               	nop	
  2461   001A38                     
  2462                           ;main.c: 618:                         holdTimeRight += 10;
  2463   001A38  0E0A               	movlw	10
  2464   001A3A  0100               	movlb	0	; () banked
  2465   001A3C  278B               	addwf	_holdTimeRight& (0+255),f,b
  2466   001A3E  0E00               	movlw	0
  2467   001A40  238C               	addwfc	(_holdTimeRight+1)& (0+255),f,b
  2468   001A42                     l8998:
  2469                           
  2470                           ;main.c: 615:                       while(PORTBbits.RB3 == 0 && holdTimeRight < 1000)
  2471   001A42  B681               	btfsc	129,3,c	;volatile
  2472   001A44  EF26  F00D         	goto	u7121
  2473   001A48  EF28  F00D         	goto	u7120
  2474   001A4C                     u7121:
  2475   001A4C  EF39  F00D         	goto	l286
  2476   001A50                     u7120:
  2477   001A50  0100               	movlb	0	; () banked
  2478   001A52  BF8C               	btfsc	(_holdTimeRight+1)& (0+255),7,b
  2479   001A54  EF35  F00D         	goto	u7131
  2480   001A58  0EE8               	movlw	232
  2481   001A5A  5D8B               	subwf	_holdTimeRight& (0+255),w,b
  2482   001A5C  0E03               	movlw	3
  2483   001A5E  598C               	subwfb	(_holdTimeRight+1)& (0+255),w,b
  2484   001A60  A0D8               	btfss	status,0,c
  2485   001A62  EF35  F00D         	goto	u7131
  2486   001A66  EF37  F00D         	goto	u7130
  2487   001A6A                     u7131:
  2488   001A6A  EF13  F00D         	goto	l8994
  2489   001A6E                     u7130:
  2490   001A6E  EF3F  F00D         	goto	l9004
  2491   001A72                     l286:
  2492                           
  2493                           ;main.c: 621:                 }
  2494   001A72  EF3F  F00D         	goto	l9004
  2495   001A76                     l9002:
  2496                           
  2497                           ; BSR set to: 0
  2498                           ;main.c: 623:                   holdTimeRight = 0;
  2499   001A76  0E00               	movlw	0
  2500   001A78  6F8C               	movwf	(_holdTimeRight+1)& (0+255),b
  2501   001A7A  0E00               	movlw	0
  2502   001A7C  6F8B               	movwf	_holdTimeRight& (0+255),b
  2503   001A7E                     l9004:
  2504                           
  2505                           ;main.c: 626:                 if (PORTAbits.RA5 == 0 && NUM != 0) {
  2506   001A7E  BA80               	btfsc	128,5,c	;volatile
  2507   001A80  EF44  F00D         	goto	u7141
  2508   001A84  EF46  F00D         	goto	u7140
  2509   001A88                     u7141:
  2510   001A88  EFFE  F00D         	goto	l9046
  2511   001A8C                     u7140:
  2512   001A8C  501F               	movf	_NUM^0,w,c
  2513   001A8E  1020               	iorwf	(_NUM+1)^0,w,c
  2514   001A90  B4D8               	btfsc	status,2,c
  2515   001A92  EF4D  F00D         	goto	u7151
  2516   001A96  EF4F  F00D         	goto	u7150
  2517   001A9A                     u7151:
  2518   001A9A  EFFE  F00D         	goto	l9046
  2519   001A9E                     u7150:
  2520   001A9E                     
  2521                           ;main.c: 627:                     if(PORTAbits.RA5 == 0){
  2522   001A9E  BA80               	btfsc	128,5,c	;volatile
  2523   001AA0  EF54  F00D         	goto	u7161
  2524   001AA4  EF56  F00D         	goto	u7160
  2525   001AA8                     u7161:
  2526   001AA8  EF03  F00E         	goto	l9048
  2527   001AAC                     u7160:
  2528   001AAC                     
  2529                           ;main.c: 629:                       if (holdTimeLeft >= 1000 && NUM >= 10)
  2530   001AAC  0100               	movlb	0	; () banked
  2531   001AAE  BF8A               	btfsc	(_holdTimeLeft+1)& (0+255),7,b
  2532   001AB0  EF63  F00D         	goto	u7171
  2533   001AB4  0EE8               	movlw	232
  2534   001AB6  5D89               	subwf	_holdTimeLeft& (0+255),w,b
  2535   001AB8  0E03               	movlw	3
  2536   001ABA  598A               	subwfb	(_holdTimeLeft+1)& (0+255),w,b
  2537   001ABC  A0D8               	btfss	status,0,c
  2538   001ABE  EF63  F00D         	goto	u7171
  2539   001AC2  EF65  F00D         	goto	u7170
  2540   001AC6                     u7171:
  2541   001AC6  EF8D  F00D         	goto	l9020
  2542   001ACA                     u7170:
  2543   001ACA                     
  2544                           ; BSR set to: 0
  2545   001ACA  5020               	movf	(_NUM+1)^0,w,c
  2546   001ACC  E109               	bnz	u7180
  2547   001ACE  0E0A               	movlw	10
  2548   001AD0  5C1F               	subwf	_NUM^0,w,c
  2549   001AD2  A0D8               	btfss	status,0,c
  2550   001AD4  EF6E  F00D         	goto	u7181
  2551   001AD8  EF70  F00D         	goto	u7180
  2552   001ADC                     u7181:
  2553   001ADC  EF8D  F00D         	goto	l9020
  2554   001AE0                     u7180:
  2555   001AE0                     
  2556                           ; BSR set to: 0
  2557                           ;main.c: 630:                       {;main.c: 633:                         NUM = NUM - 1
      +                          0;
  2558   001AE0  0EF6               	movlw	246
  2559   001AE2  241F               	addwf	_NUM^0,w,c
  2560   001AE4  6E1F               	movwf	_NUM^0,c
  2561   001AE6  0EFF               	movlw	255
  2562   001AE8  2020               	addwfc	(_NUM+1)^0,w,c
  2563   001AEA  6E20               	movwf	(_NUM+1)^0,c
  2564   001AEC                     
  2565                           ; BSR set to: 0
  2566                           ;main.c: 634:                         WriteSTLED316SData(NUM, vibration_mode);
  2567   001AEC  C01F  F042         	movff	_NUM,WriteSTLED316SData@number
  2568   001AF0  C020  F043         	movff	_NUM+1,WriteSTLED316SData@number+1
  2569   001AF4  C02C  F044         	movff	_vibration_mode,WriteSTLED316SData@v_mode
  2570   001AF8  EC57  F021         	call	_WriteSTLED316SData	;wreg free
  2571   001AFC                     
  2572                           ;main.c: 636:                         _delay((unsigned long)((1000)*(8000000/4000.0)));
  2573   001AFC  0E0B               	movlw	11
  2574   001AFE  0100               	movlb	0	; () banked
  2575   001B00  6FAA               	movwf	(??_main+1)& (0+255),b
  2576   001B02  0E26               	movlw	38
  2577   001B04  6FA9               	movwf	??_main& (0+255),b
  2578   001B06  0E5D               	movlw	93
  2579   001B08                     u8357:
  2580   001B08  2EE8               	decfsz	wreg,f,c
  2581   001B0A  D7FE               	bra	u8357
  2582   001B0C  2FA9               	decfsz	??_main& (0+255),f,b
  2583   001B0E  D7FC               	bra	u8357
  2584   001B10  2FAA               	decfsz	(??_main+1)& (0+255),f,b
  2585   001B12  D7FA               	bra	u8357
  2586   001B14  D000               	nop2	
  2587                           
  2588                           ;main.c: 637:                       }
  2589   001B16  EFBA  F00D         	goto	l9030
  2590   001B1A                     l9020:
  2591                           
  2592                           ; BSR set to: 0
  2593   001B1A  BF8A               	btfsc	(_holdTimeLeft+1)& (0+255),7,b
  2594   001B1C  EF9B  F00D         	goto	u7190
  2595   001B20  0EE8               	movlw	232
  2596   001B22  5D89               	subwf	_holdTimeLeft& (0+255),w,b
  2597   001B24  0E03               	movlw	3
  2598   001B26  598A               	subwfb	(_holdTimeLeft+1)& (0+255),w,b
  2599   001B28  B0D8               	btfsc	status,0,c
  2600   001B2A  EF99  F00D         	goto	u7191
  2601   001B2E  EF9B  F00D         	goto	u7190
  2602   001B32                     u7191:
  2603   001B32  EFBA  F00D         	goto	l9030
  2604   001B36                     u7190:
  2605   001B36                     
  2606                           ; BSR set to: 0
  2607                           ;main.c: 639:                       {;main.c: 640:                         NUM = NUM - 1
      +                          ;
  2608   001B36  0EFF               	movlw	255
  2609   001B38  241F               	addwf	_NUM^0,w,c
  2610   001B3A  6E1F               	movwf	_NUM^0,c
  2611   001B3C  0EFF               	movlw	255
  2612   001B3E  2020               	addwfc	(_NUM+1)^0,w,c
  2613   001B40  6E20               	movwf	(_NUM+1)^0,c
  2614   001B42                     
  2615                           ; BSR set to: 0
  2616                           ;main.c: 641:                         WriteSTLED316SData(NUM, vibration_mode);
  2617   001B42  C01F  F042         	movff	_NUM,WriteSTLED316SData@number
  2618   001B46  C020  F043         	movff	_NUM+1,WriteSTLED316SData@number+1
  2619   001B4A  C02C  F044         	movff	_vibration_mode,WriteSTLED316SData@v_mode
  2620   001B4E  EC57  F021         	call	_WriteSTLED316SData	;wreg free
  2621   001B52                     
  2622                           ;main.c: 643:                         _delay((unsigned long)((150)*(8000000/4000.0)));
  2623   001B52  0E02               	movlw	2
  2624   001B54  0100               	movlb	0	; () banked
  2625   001B56  6FAA               	movwf	(??_main+1)& (0+255),b
  2626   001B58  0E86               	movlw	134
  2627   001B5A  6FA9               	movwf	??_main& (0+255),b
  2628   001B5C  0E99               	movlw	153
  2629   001B5E                     u8367:
  2630   001B5E  2EE8               	decfsz	wreg,f,c
  2631   001B60  D7FE               	bra	u8367
  2632   001B62  2FA9               	decfsz	??_main& (0+255),f,b
  2633   001B64  D7FC               	bra	u8367
  2634   001B66  2FAA               	decfsz	(??_main+1)& (0+255),f,b
  2635   001B68  D7FA               	bra	u8367
  2636   001B6A                     
  2637                           ;main.c: 644:                         holdTimeLeft = 0;
  2638   001B6A  0E00               	movlw	0
  2639   001B6C  0100               	movlb	0	; () banked
  2640   001B6E  6F8A               	movwf	(_holdTimeLeft+1)& (0+255),b
  2641   001B70  0E00               	movlw	0
  2642   001B72  6F89               	movwf	_holdTimeLeft& (0+255),b
  2643   001B74                     l9030:
  2644                           
  2645                           ;main.c: 648:                       if(PORTAbits.RA5 == 0 && PORTBbits.RB3 == 0)
  2646   001B74  BA80               	btfsc	128,5,c	;volatile
  2647   001B76  EFBF  F00D         	goto	u7201
  2648   001B7A  EFC1  F00D         	goto	u7200
  2649   001B7E                     u7201:
  2650   001B7E  EFE4  F00D         	goto	l9042
  2651   001B82                     u7200:
  2652   001B82  B681               	btfsc	129,3,c	;volatile
  2653   001B84  EFC6  F00D         	goto	u7211
  2654   001B88  EFC8  F00D         	goto	u7210
  2655   001B8C                     u7211:
  2656   001B8C  EFE4  F00D         	goto	l9042
  2657   001B90                     u7210:
  2658   001B90                     
  2659                           ;main.c: 649:                       {;main.c: 650:                           NUM = 0;
  2660   001B90  0E00               	movlw	0
  2661   001B92  6E20               	movwf	(_NUM+1)^0,c
  2662   001B94  0E00               	movlw	0
  2663   001B96  6E1F               	movwf	_NUM^0,c
  2664   001B98                     
  2665                           ;main.c: 651:                           WriteSTLED316SData(NUM, vibration_mode);
  2666   001B98  C01F  F042         	movff	_NUM,WriteSTLED316SData@number
  2667   001B9C  C020  F043         	movff	_NUM+1,WriteSTLED316SData@number+1
  2668   001BA0  C02C  F044         	movff	_vibration_mode,WriteSTLED316SData@v_mode
  2669   001BA4  EC57  F021         	call	_WriteSTLED316SData	;wreg free
  2670   001BA8  EFE4  F00D         	goto	l9042
  2671   001BAC                     l9038:
  2672                           
  2673                           ; BSR set to: 0
  2674                           ;main.c: 654:                       {;main.c: 655:                         _delay((unsig
      +                          ned long)((10)*(8000000/4000.0)));
  2675   001BAC  0E1A               	movlw	26
  2676   001BAE  0100               	movlb	0	; () banked
  2677   001BB0  6FA9               	movwf	??_main& (0+255),b
  2678   001BB2  0EF8               	movlw	248
  2679   001BB4                     u8377:
  2680   001BB4  2EE8               	decfsz	wreg,f,c
  2681   001BB6  D7FE               	bra	u8377
  2682   001BB8  2FA9               	decfsz	??_main& (0+255),f,b
  2683   001BBA  D7FC               	bra	u8377
  2684   001BBC  F000               	nop	
  2685   001BBE                     
  2686                           ;main.c: 656:                         holdTimeLeft += 10;
  2687   001BBE  0E0A               	movlw	10
  2688   001BC0  0100               	movlb	0	; () banked
  2689   001BC2  2789               	addwf	_holdTimeLeft& (0+255),f,b
  2690   001BC4  0E00               	movlw	0
  2691   001BC6  238A               	addwfc	(_holdTimeLeft+1)& (0+255),f,b
  2692   001BC8                     l9042:
  2693                           
  2694                           ;main.c: 653:                       while(PORTAbits.RA5 == 0 && holdTimeLeft < 1000)
  2695   001BC8  BA80               	btfsc	128,5,c	;volatile
  2696   001BCA  EFE9  F00D         	goto	u7221
  2697   001BCE  EFEB  F00D         	goto	u7220
  2698   001BD2                     u7221:
  2699   001BD2  EFFC  F00D         	goto	l298
  2700   001BD6                     u7220:
  2701   001BD6  0100               	movlb	0	; () banked
  2702   001BD8  BF8A               	btfsc	(_holdTimeLeft+1)& (0+255),7,b
  2703   001BDA  EFF8  F00D         	goto	u7231
  2704   001BDE  0EE8               	movlw	232
  2705   001BE0  5D89               	subwf	_holdTimeLeft& (0+255),w,b
  2706   001BE2  0E03               	movlw	3
  2707   001BE4  598A               	subwfb	(_holdTimeLeft+1)& (0+255),w,b
  2708   001BE6  A0D8               	btfss	status,0,c
  2709   001BE8  EFF8  F00D         	goto	u7231
  2710   001BEC  EFFA  F00D         	goto	u7230
  2711   001BF0                     u7231:
  2712   001BF0  EFD6  F00D         	goto	l9038
  2713   001BF4                     u7230:
  2714   001BF4  EF03  F00E         	goto	l9048
  2715   001BF8                     l298:
  2716                           
  2717                           ;main.c: 659:                 }
  2718   001BF8  EF03  F00E         	goto	l9048
  2719   001BFC                     l9046:
  2720                           
  2721                           ;main.c: 661:                   holdTimeLeft = 0;
  2722   001BFC  0E00               	movlw	0
  2723   001BFE  0100               	movlb	0	; () banked
  2724   001C00  6F8A               	movwf	(_holdTimeLeft+1)& (0+255),b
  2725   001C02  0E00               	movlw	0
  2726   001C04  6F89               	movwf	_holdTimeLeft& (0+255),b
  2727   001C06                     l9048:
  2728                           
  2729                           ;main.c: 674:                 NUM_REC = NUM;
  2730   001C06  C01F  F01B         	movff	_NUM,_NUM_REC
  2731   001C0A  C020  F01C         	movff	_NUM+1,_NUM_REC+1
  2732   001C0E                     
  2733                           ;main.c: 675:                 WriteSTLED316SData(NUM, vibration_mode);
  2734   001C0E  C01F  F042         	movff	_NUM,WriteSTLED316SData@number
  2735   001C12  C020  F043         	movff	_NUM+1,WriteSTLED316SData@number+1
  2736   001C16  C02C  F044         	movff	_vibration_mode,WriteSTLED316SData@v_mode
  2737   001C1A  EC57  F021         	call	_WriteSTLED316SData	;wreg free
  2738   001C1E                     
  2739                           ;main.c: 678:                 if(dispense == 1)
  2740   001C1E  0411               	decf	_dispense^0,w,c
  2741   001C20  1012               	iorwf	(_dispense+1)^0,w,c
  2742   001C22  A4D8               	btfss	status,2,c
  2743   001C24  EF16  F00E         	goto	u7241
  2744   001C28  EF18  F00E         	goto	u7240
  2745   001C2C                     u7241:
  2746   001C2C  EF28  F00E         	goto	l9062
  2747   001C30                     u7240:
  2748   001C30                     
  2749                           ;main.c: 679:                 {;main.c: 680:                     Busy = 1;
  2750   001C30  0E01               	movlw	1
  2751   001C32  6E2D               	movwf	_Busy^0,c
  2752                           
  2753                           ;main.c: 681:                     errorcounter = 30;
  2754   001C34  0E1E               	movlw	30
  2755   001C36  6E4E               	movwf	_errorcounter^0,c	;volatile
  2756   001C38  0E00               	movlw	0
  2757   001C3A  6E4F               	movwf	(_errorcounter+1)^0,c	;volatile
  2758   001C3C  0E00               	movlw	0
  2759   001C3E  6E50               	movwf	(_errorcounter+2)^0,c	;volatile
  2760   001C40  0E00               	movlw	0
  2761   001C42  6E51               	movwf	(_errorcounter+3)^0,c	;volatile
  2762   001C44                     
  2763                           ;main.c: 682:                     Homing_Again_Manual();
  2764   001C44  EC83  F019         	call	_Homing_Again_Manual	;wreg free
  2765   001C48                     
  2766                           ;main.c: 683:                     Stop = 0;
  2767   001C48  0E00               	movlw	0
  2768   001C4A  6E2E               	movwf	_Stop^0,c
  2769   001C4C                     
  2770                           ;main.c: 684:                     Busy = 0;
  2771   001C4C  0E00               	movlw	0
  2772   001C4E  6E2D               	movwf	_Busy^0,c
  2773   001C50                     l9062:
  2774                           
  2775                           ;main.c: 698:                 if (Serial_Flag == 1) {
  2776   001C50  0430               	decf	_Serial_Flag^0,w,c
  2777   001C52  A4D8               	btfss	status,2,c
  2778   001C54  EF2E  F00E         	goto	u7251
  2779   001C58  EF30  F00E         	goto	u7250
  2780   001C5C                     u7251:
  2781   001C5C  EF64  F014         	goto	l9590
  2782   001C60                     u7250:
  2783   001C60  EF26  F014         	goto	l9586
  2784   001C64                     l9066:
  2785                           
  2786                           ; BSR set to: 0
  2787                           ;main.c: 703:                             if (Serial_Buffer[2] == 0xF1 && Busy == 0)
  2788   001C64  0EF1               	movlw	241
  2789   001C66  1972               	xorwf	(_Serial_Buffer+2)& (0+255),w,b
  2790   001C68  A4D8               	btfss	status,2,c
  2791   001C6A  EF39  F00E         	goto	u7261
  2792   001C6E  EF3B  F00E         	goto	u7260
  2793   001C72                     u7261:
  2794   001C72  EF57  F00E         	goto	l9076
  2795   001C76                     u7260:
  2796   001C76                     
  2797                           ; BSR set to: 0
  2798   001C76  502D               	movf	_Busy^0,w,c
  2799   001C78  A4D8               	btfss	status,2,c
  2800   001C7A  EF41  F00E         	goto	u7271
  2801   001C7E  EF43  F00E         	goto	u7270
  2802   001C82                     u7271:
  2803   001C82  EF57  F00E         	goto	l9076
  2804   001C86                     u7270:
  2805   001C86                     
  2806                           ; BSR set to: 0
  2807                           ;main.c: 704:                             {;main.c: 705:                                
      +                           Stop = 0;
  2808   001C86  0E00               	movlw	0
  2809   001C88  6E2E               	movwf	_Stop^0,c
  2810                           
  2811                           ;main.c: 706:                                 Busy = 1;
  2812   001C8A  0E01               	movlw	1
  2813   001C8C  6E2D               	movwf	_Busy^0,c
  2814   001C8E                     
  2815                           ; BSR set to: 0
  2816                           ;main.c: 707:                                 NUM = NUM_REC;
  2817   001C8E  C01B  F01F         	movff	_NUM_REC,_NUM
  2818   001C92  C01C  F020         	movff	_NUM_REC+1,_NUM+1
  2819                           
  2820                           ;main.c: 709:                                 errorcounter = 30;
  2821   001C96  0E1E               	movlw	30
  2822   001C98  6E4E               	movwf	_errorcounter^0,c	;volatile
  2823   001C9A  0E00               	movlw	0
  2824   001C9C  6E4F               	movwf	(_errorcounter+1)^0,c	;volatile
  2825   001C9E  0E00               	movlw	0
  2826   001CA0  6E50               	movwf	(_errorcounter+2)^0,c	;volatile
  2827   001CA2  0E00               	movlw	0
  2828   001CA4  6E51               	movwf	(_errorcounter+3)^0,c	;volatile
  2829   001CA6                     
  2830                           ; BSR set to: 0
  2831                           ;main.c: 710:                                 Homing_Again_Auto();
  2832   001CA6  EC93  F01B         	call	_Homing_Again_Auto	;wreg free
  2833                           
  2834                           ;main.c: 712:                             } else if (Serial_Buffer[2] == 0xF2 && Busy ==
      +                           0)
  2835   001CAA  EFCC  F00F         	goto	l9220
  2836   001CAE                     l9076:
  2837                           
  2838                           ; BSR set to: 0
  2839   001CAE  0EF2               	movlw	242
  2840   001CB0  1972               	xorwf	(_Serial_Buffer+2)& (0+255),w,b
  2841   001CB2  A4D8               	btfss	status,2,c
  2842   001CB4  EF5E  F00E         	goto	u7281
  2843   001CB8  EF60  F00E         	goto	u7280
  2844   001CBC                     u7281:
  2845   001CBC  EFB7  F00F         	goto	l9214
  2846   001CC0                     u7280:
  2847   001CC0                     
  2848                           ; BSR set to: 0
  2849   001CC0  502D               	movf	_Busy^0,w,c
  2850   001CC2  A4D8               	btfss	status,2,c
  2851   001CC4  EF66  F00E         	goto	u7291
  2852   001CC8  EF68  F00E         	goto	u7290
  2853   001CCC                     u7291:
  2854   001CCC  EFB7  F00F         	goto	l9214
  2855   001CD0                     u7290:
  2856   001CD0                     
  2857                           ; BSR set to: 0
  2858                           ;main.c: 713:                             {;main.c: 715:                               d
      +                          ispense = 1;
  2859   001CD0  0E00               	movlw	0
  2860   001CD2  6E12               	movwf	(_dispense+1)^0,c
  2861   001CD4  0E01               	movlw	1
  2862   001CD6  6E11               	movwf	_dispense^0,c
  2863                           
  2864                           ;main.c: 716:                               Busy = 1;
  2865   001CD8  0E01               	movlw	1
  2866   001CDA  6E2D               	movwf	_Busy^0,c
  2867   001CDC                     
  2868                           ; BSR set to: 0
  2869                           ;main.c: 717:                               NUM = Serial_Buffer[3];
  2870   001CDC  C073  F01F         	movff	_Serial_Buffer+3,_NUM
  2871   001CE0  6A20               	clrf	(_NUM+1)^0,c
  2872   001CE2                     
  2873                           ; BSR set to: 0
  2874                           ;main.c: 718:                               WriteSTLED316SData(NUM, vibration_mode);
  2875   001CE2  C01F  F042         	movff	_NUM,WriteSTLED316SData@number
  2876   001CE6  C020  F043         	movff	_NUM+1,WriteSTLED316SData@number+1
  2877   001CEA  C02C  F044         	movff	_vibration_mode,WriteSTLED316SData@v_mode
  2878   001CEE  EC57  F021         	call	_WriteSTLED316SData	;wreg free
  2879   001CF2                     
  2880                           ;main.c: 720:                               errorcounter = 30;
  2881   001CF2  0E1E               	movlw	30
  2882   001CF4  6E4E               	movwf	_errorcounter^0,c	;volatile
  2883   001CF6  0E00               	movlw	0
  2884   001CF8  6E4F               	movwf	(_errorcounter+1)^0,c	;volatile
  2885   001CFA  0E00               	movlw	0
  2886   001CFC  6E50               	movwf	(_errorcounter+2)^0,c	;volatile
  2887   001CFE  0E00               	movlw	0
  2888   001D00  6E51               	movwf	(_errorcounter+3)^0,c	;volatile
  2889   001D02                     
  2890                           ;main.c: 724:                               if (vibration_mode == 1) {
  2891   001D02  042C               	decf	_vibration_mode^0,w,c
  2892   001D04  A4D8               	btfss	status,2,c
  2893   001D06  EF87  F00E         	goto	u7301
  2894   001D0A  EF89  F00E         	goto	u7300
  2895   001D0E                     u7301:
  2896   001D0E  EFA0  F00E         	goto	l317
  2897   001D12                     u7300:
  2898   001D12                     
  2899                           ;main.c: 725:                                 LATCbits.LATC1 = 1;
  2900   001D12  828B               	bsf	139,1,c	;volatile
  2901   001D14                     
  2902                           ;main.c: 726:                                 delay2_1ms(Vmotor_Time);
  2903   001D14  C054  F03A         	movff	_Vmotor_Time,delay2_1ms@time
  2904   001D18  C055  F03B         	movff	_Vmotor_Time+1,delay2_1ms@time+1
  2905   001D1C  EC09  F024         	call	_delay2_1ms	;wreg free
  2906   001D20                     
  2907                           ;main.c: 727:                                 LATCbits.LATC1 = 0;
  2908   001D20  928B               	bcf	139,1,c	;volatile
  2909   001D22                     l9096:
  2910                           
  2911                           ;main.c: 728:                                 _delay((unsigned long)((300)*(8000000/4000
      +                          .0)));
  2912   001D22  0E04               	movlw	4
  2913   001D24  0100               	movlb	0	; () banked
  2914   001D26  6FAA               	movwf	(??_main+1)& (0+255),b
  2915   001D28  0E0C               	movlw	12
  2916   001D2A  6FA9               	movwf	??_main& (0+255),b
  2917   001D2C  0E33               	movlw	51
  2918   001D2E                     u8387:
  2919   001D2E  2EE8               	decfsz	wreg,f,c
  2920   001D30  D7FE               	bra	u8387
  2921   001D32  2FA9               	decfsz	??_main& (0+255),f,b
  2922   001D34  D7FC               	bra	u8387
  2923   001D36  2FAA               	decfsz	(??_main+1)& (0+255),f,b
  2924   001D38  D7FA               	bra	u8387
  2925   001D3A  D000               	nop2	
  2926                           
  2927                           ;main.c: 729:                               }
  2928   001D3C  EFA3  F00E         	goto	l9100
  2929   001D40                     l317:
  2930                           
  2931                           ;main.c: 731:                                 LATCbits.LATC1 = 0;
  2932   001D40  928B               	bcf	139,1,c	;volatile
  2933   001D42  EF91  F00E         	goto	l9096
  2934   001D46                     l9100:
  2935                           
  2936                           ;main.c: 735:                               LATAbits.LATA2 = 1;
  2937   001D46  8489               	bsf	137,2,c	;volatile
  2938   001D48                     
  2939                           ;main.c: 736:                               MotorON();
  2940   001D48  ECC0  F024         	call	_MotorON	;wreg free
  2941   001D4C                     
  2942                           ;main.c: 737:                               _delay((unsigned long)((150)*(8000000/4000.0
      +                          )));
  2943   001D4C  0E02               	movlw	2
  2944   001D4E  0100               	movlb	0	; () banked
  2945   001D50  6FAA               	movwf	(??_main+1)& (0+255),b
  2946   001D52  0E86               	movlw	134
  2947   001D54  6FA9               	movwf	??_main& (0+255),b
  2948   001D56  0E99               	movlw	153
  2949   001D58                     u8397:
  2950   001D58  2EE8               	decfsz	wreg,f,c
  2951   001D5A  D7FE               	bra	u8397
  2952   001D5C  2FA9               	decfsz	??_main& (0+255),f,b
  2953   001D5E  D7FC               	bra	u8397
  2954   001D60  2FAA               	decfsz	(??_main+1)& (0+255),f,b
  2955   001D62  D7FA               	bra	u8397
  2956   001D64                     
  2957                           ;main.c: 738:                               errorcounter = 30;
  2958   001D64  0E1E               	movlw	30
  2959   001D66  6E4E               	movwf	_errorcounter^0,c	;volatile
  2960   001D68  0E00               	movlw	0
  2961   001D6A  6E4F               	movwf	(_errorcounter+1)^0,c	;volatile
  2962   001D6C  0E00               	movlw	0
  2963   001D6E  6E50               	movwf	(_errorcounter+2)^0,c	;volatile
  2964   001D70  0E00               	movlw	0
  2965   001D72  6E51               	movwf	(_errorcounter+3)^0,c	;volatile
  2966   001D74                     l9108:
  2967                           
  2968                           ;main.c: 740:                                 IR_SENSORF = Read_IR();
  2969   001D74  ECCF  F022         	call	_Read_IR	;wreg free
  2970   001D78  C03A  F017         	movff	?_Read_IR,_IR_SENSORF
  2971   001D7C  C03B  F018         	movff	?_Read_IR+1,_IR_SENSORF+1
  2972                           
  2973                           ;main.c: 741:                                 if (errorcounter == 0) {
  2974   001D80  504E               	movf	_errorcounter^0,w,c	;volatile
  2975   001D82  104F               	iorwf	(_errorcounter+1)^0,w,c	;volatile
  2976   001D84  1050               	iorwf	(_errorcounter+2)^0,w,c	;volatile
  2977   001D86  1051               	iorwf	(_errorcounter+3)^0,w,c	;volatile
  2978   001D88  A4D8               	btfss	status,2,c
  2979   001D8A  EFC9  F00E         	goto	u7311
  2980   001D8E  EFCB  F00E         	goto	u7310
  2981   001D92                     u7311:
  2982   001D92  EFF8  F00E         	goto	l9136
  2983   001D96                     u7310:
  2984   001D96                     
  2985                           ;main.c: 742:                                   MotorBREAK();
  2986   001D96  ECC5  F024         	call	_MotorBREAK	;wreg free
  2987   001D9A                     
  2988                           ;main.c: 743:                                   Serial_Buffer_Out[0] = 0xA5;
  2989   001D9A  0EA5               	movlw	165
  2990   001D9C  6E01               	movwf	_Serial_Buffer_Out^0,c
  2991   001D9E                     
  2992                           ;main.c: 744:                                   Serial_Buffer_Out[1] = 0xE1;
  2993   001D9E  0EE1               	movlw	225
  2994   001DA0  6E02               	movwf	(_Serial_Buffer_Out+1)^0,c
  2995   001DA2                     
  2996                           ;main.c: 745:                                   Serial_Buffer_Out[2] = 0x00;
  2997   001DA2  0E00               	movlw	0
  2998   001DA4  6E03               	movwf	(_Serial_Buffer_Out+2)^0,c
  2999   001DA6                     
  3000                           ;main.c: 746:                                   Serial_Buffer_Out[3] = Serial_Buffer_Out
      +                          [1] + Serial_Buffer_Out[2];
  3001   001DA6  5002               	movf	(_Serial_Buffer_Out+1)^0,w,c
  3002   001DA8  2403               	addwf	(_Serial_Buffer_Out+2)^0,w,c
  3003   001DAA  6E04               	movwf	(_Serial_Buffer_Out+3)^0,c
  3004   001DAC                     
  3005                           ;main.c: 747:                                   Serial_Buffer_Out[4] = 0x5A;
  3006   001DAC  0E5A               	movlw	90
  3007   001DAE  6E05               	movwf	(_Serial_Buffer_Out+4)^0,c
  3008   001DB0                     
  3009                           ;main.c: 749:                                   INTCONbits.GIE = 0;
  3010   001DB0  9EF2               	bcf	242,7,c	;volatile
  3011   001DB2                     
  3012                           ;main.c: 750:                                   for (i = 0; i < 5; i++) {
  3013   001DB2  0E00               	movlw	0
  3014   001DB4  6E1A               	movwf	(_i+1)^0,c
  3015   001DB6  0E00               	movlw	0
  3016   001DB8  6E19               	movwf	_i^0,c
  3017   001DBA                     l9126:
  3018   001DBA  501A               	movf	(_i+1)^0,w,c
  3019   001DBC  E109               	bnz	u7320
  3020   001DBE  0E05               	movlw	5
  3021   001DC0  5C19               	subwf	_i^0,w,c
  3022   001DC2  A0D8               	btfss	status,0,c
  3023   001DC4  EFE6  F00E         	goto	u7321
  3024   001DC8  EFE8  F00E         	goto	u7320
  3025   001DCC                     u7321:
  3026   001DCC  EFEA  F00E         	goto	l9130
  3027   001DD0                     u7320:
  3028   001DD0  EFF7  F00E         	goto	l322
  3029   001DD4                     l9130:
  3030                           
  3031                           ;main.c: 751:                                     Write1USART(Serial_Buffer_Out[i]);
  3032   001DD4  0E01               	movlw	low _Serial_Buffer_Out
  3033   001DD6  2419               	addwf	_i^0,w,c
  3034   001DD8  6ED9               	movwf	fsr2l,c
  3035   001DDA  0E00               	movlw	high _Serial_Buffer_Out
  3036   001DDC  201A               	addwfc	(_i+1)^0,w,c
  3037   001DDE  6EDA               	movwf	fsr2h,c
  3038   001DE0  50DF               	movf	indf2,w,c
  3039   001DE2  EC7D  F024         	call	_Write1USART
  3040   001DE6                     
  3041                           ;main.c: 752:                                   }
  3042   001DE6  4A19               	infsnz	_i^0,f,c
  3043   001DE8  2A1A               	incf	(_i+1)^0,f,c
  3044   001DEA  EFDD  F00E         	goto	l9126
  3045   001DEE                     l322:
  3046                           
  3047                           ;main.c: 753:                                   INTCONbits.GIE = 1;
  3048   001DEE  8EF2               	bsf	242,7,c	;volatile
  3049   001DF0                     l9136:
  3050                           
  3051                           ;main.c: 755:                               } while (IR_SENSORF != 0);
  3052   001DF0  5017               	movf	_IR_SENSORF^0,w,c
  3053   001DF2  1018               	iorwf	(_IR_SENSORF+1)^0,w,c
  3054   001DF4  A4D8               	btfss	status,2,c
  3055   001DF6  EFFF  F00E         	goto	u7331
  3056   001DFA  EF01  F00F         	goto	u7330
  3057   001DFE                     u7331:
  3058   001DFE  EFBA  F00E         	goto	l9108
  3059   001E02                     u7330:
  3060   001E02                     
  3061                           ;main.c: 756:                               _delay((unsigned long)((30)*(8000000/4000.0)
      +                          ));
  3062   001E02  0E4E               	movlw	78
  3063   001E04  0100               	movlb	0	; () banked
  3064   001E06  6FA9               	movwf	??_main& (0+255),b
  3065   001E08  0EEB               	movlw	235
  3066   001E0A                     u8407:
  3067   001E0A  2EE8               	decfsz	wreg,f,c
  3068   001E0C  D7FE               	bra	u8407
  3069   001E0E  2FA9               	decfsz	??_main& (0+255),f,b
  3070   001E10  D7FC               	bra	u8407
  3071   001E12                     
  3072                           ;main.c: 757:                               errorcounter = 30;
  3073   001E12  0E1E               	movlw	30
  3074   001E14  6E4E               	movwf	_errorcounter^0,c	;volatile
  3075   001E16  0E00               	movlw	0
  3076   001E18  6E4F               	movwf	(_errorcounter+1)^0,c	;volatile
  3077   001E1A  0E00               	movlw	0
  3078   001E1C  6E50               	movwf	(_errorcounter+2)^0,c	;volatile
  3079   001E1E  0E00               	movlw	0
  3080   001E20  6E51               	movwf	(_errorcounter+3)^0,c	;volatile
  3081   001E22                     l9142:
  3082                           
  3083                           ;main.c: 760:                                 IR_SENSORF = Read_IR();
  3084   001E22  ECCF  F022         	call	_Read_IR	;wreg free
  3085   001E26  C03A  F017         	movff	?_Read_IR,_IR_SENSORF
  3086   001E2A  C03B  F018         	movff	?_Read_IR+1,_IR_SENSORF+1
  3087   001E2E                     
  3088                           ;main.c: 761:                                 if (errorcounter == 0) {
  3089   001E2E  504E               	movf	_errorcounter^0,w,c	;volatile
  3090   001E30  104F               	iorwf	(_errorcounter+1)^0,w,c	;volatile
  3091   001E32  1050               	iorwf	(_errorcounter+2)^0,w,c	;volatile
  3092   001E34  1051               	iorwf	(_errorcounter+3)^0,w,c	;volatile
  3093   001E36  A4D8               	btfss	status,2,c
  3094   001E38  EF20  F00F         	goto	u7341
  3095   001E3C  EF22  F00F         	goto	u7340
  3096   001E40                     u7341:
  3097   001E40  EF4F  F00F         	goto	l9172
  3098   001E44                     u7340:
  3099   001E44                     
  3100                           ;main.c: 762:                                   MotorBREAK();
  3101   001E44  ECC5  F024         	call	_MotorBREAK	;wreg free
  3102   001E48                     
  3103                           ;main.c: 763:                                   Serial_Buffer_Out[0] = 0xA5;
  3104   001E48  0EA5               	movlw	165
  3105   001E4A  6E01               	movwf	_Serial_Buffer_Out^0,c
  3106   001E4C                     
  3107                           ;main.c: 764:                                   Serial_Buffer_Out[1] = 0xE2;
  3108   001E4C  0EE2               	movlw	226
  3109   001E4E  6E02               	movwf	(_Serial_Buffer_Out+1)^0,c
  3110   001E50                     
  3111                           ;main.c: 765:                                   Serial_Buffer_Out[2] = 0x00;
  3112   001E50  0E00               	movlw	0
  3113   001E52  6E03               	movwf	(_Serial_Buffer_Out+2)^0,c
  3114   001E54                     
  3115                           ;main.c: 766:                                   Serial_Buffer_Out[3] = Serial_Buffer_Out
      +                          [1] + Serial_Buffer_Out[2];
  3116   001E54  5002               	movf	(_Serial_Buffer_Out+1)^0,w,c
  3117   001E56  2403               	addwf	(_Serial_Buffer_Out+2)^0,w,c
  3118   001E58  6E04               	movwf	(_Serial_Buffer_Out+3)^0,c
  3119   001E5A                     
  3120                           ;main.c: 767:                                   Serial_Buffer_Out[4] = 0x5A;
  3121   001E5A  0E5A               	movlw	90
  3122   001E5C  6E05               	movwf	(_Serial_Buffer_Out+4)^0,c
  3123   001E5E                     
  3124                           ;main.c: 769:                                   INTCONbits.GIE = 0;
  3125   001E5E  9EF2               	bcf	242,7,c	;volatile
  3126   001E60                     
  3127                           ;main.c: 770:                                   for (i = 0; i < 5; i++) {
  3128   001E60  0E00               	movlw	0
  3129   001E62  6E1A               	movwf	(_i+1)^0,c
  3130   001E64  0E00               	movlw	0
  3131   001E66  6E19               	movwf	_i^0,c
  3132   001E68                     l9162:
  3133   001E68  501A               	movf	(_i+1)^0,w,c
  3134   001E6A  E109               	bnz	u7350
  3135   001E6C  0E05               	movlw	5
  3136   001E6E  5C19               	subwf	_i^0,w,c
  3137   001E70  A0D8               	btfss	status,0,c
  3138   001E72  EF3D  F00F         	goto	u7351
  3139   001E76  EF3F  F00F         	goto	u7350
  3140   001E7A                     u7351:
  3141   001E7A  EF41  F00F         	goto	l9166
  3142   001E7E                     u7350:
  3143   001E7E  EF4E  F00F         	goto	l327
  3144   001E82                     l9166:
  3145                           
  3146                           ;main.c: 771:                                     Write1USART(Serial_Buffer_Out[i]);
  3147   001E82  0E01               	movlw	low _Serial_Buffer_Out
  3148   001E84  2419               	addwf	_i^0,w,c
  3149   001E86  6ED9               	movwf	fsr2l,c
  3150   001E88  0E00               	movlw	high _Serial_Buffer_Out
  3151   001E8A  201A               	addwfc	(_i+1)^0,w,c
  3152   001E8C  6EDA               	movwf	fsr2h,c
  3153   001E8E  50DF               	movf	indf2,w,c
  3154   001E90  EC7D  F024         	call	_Write1USART
  3155   001E94                     
  3156                           ;main.c: 772:                                   }
  3157   001E94  4A19               	infsnz	_i^0,f,c
  3158   001E96  2A1A               	incf	(_i+1)^0,f,c
  3159   001E98  EF34  F00F         	goto	l9162
  3160   001E9C                     l327:
  3161                           
  3162                           ;main.c: 773:                                   INTCONbits.GIE = 1;
  3163   001E9C  8EF2               	bsf	242,7,c	;volatile
  3164   001E9E                     l9172:
  3165                           
  3166                           ;main.c: 775:                               } while (IR_SENSORF != 1);
  3167   001E9E  0417               	decf	_IR_SENSORF^0,w,c
  3168   001EA0  1018               	iorwf	(_IR_SENSORF+1)^0,w,c
  3169   001EA2  A4D8               	btfss	status,2,c
  3170   001EA4  EF56  F00F         	goto	u7361
  3171   001EA8  EF58  F00F         	goto	u7360
  3172   001EAC                     u7361:
  3173   001EAC  EF11  F00F         	goto	l9142
  3174   001EB0                     u7360:
  3175   001EB0                     
  3176                           ;main.c: 776:                               errorcounter = 30;
  3177   001EB0  0E1E               	movlw	30
  3178   001EB2  6E4E               	movwf	_errorcounter^0,c	;volatile
  3179   001EB4  0E00               	movlw	0
  3180   001EB6  6E4F               	movwf	(_errorcounter+1)^0,c	;volatile
  3181   001EB8  0E00               	movlw	0
  3182   001EBA  6E50               	movwf	(_errorcounter+2)^0,c	;volatile
  3183   001EBC  0E00               	movlw	0
  3184   001EBE  6E51               	movwf	(_errorcounter+3)^0,c	;volatile
  3185   001EC0                     
  3186                           ;main.c: 777:                               delay2_1ms(Motor_Stop_Delay_Time);
  3187   001EC0  C021  F03A         	movff	_Motor_Stop_Delay_Time,delay2_1ms@time
  3188   001EC4  C022  F03B         	movff	_Motor_Stop_Delay_Time+1,delay2_1ms@time+1
  3189   001EC8  EC09  F024         	call	_delay2_1ms	;wreg free
  3190   001ECC                     
  3191                           ;main.c: 779:                               MotorBREAK();
  3192   001ECC  ECC5  F024         	call	_MotorBREAK	;wreg free
  3193                           
  3194                           ;main.c: 781:                               if (vibration_mode == 1) {
  3195   001ED0  042C               	decf	_vibration_mode^0,w,c
  3196   001ED2  A4D8               	btfss	status,2,c
  3197   001ED4  EF6E  F00F         	goto	u7371
  3198   001ED8  EF70  F00F         	goto	u7370
  3199   001EDC                     u7371:
  3200   001EDC  EF87  F00F         	goto	l329
  3201   001EE0                     u7370:
  3202   001EE0                     
  3203                           ;main.c: 782:                                 LATCbits.LATC1 = 1;
  3204   001EE0  828B               	bsf	139,1,c	;volatile
  3205   001EE2                     
  3206                           ;main.c: 783:                                 delay2_1ms(Vmotor_Time);
  3207   001EE2  C054  F03A         	movff	_Vmotor_Time,delay2_1ms@time
  3208   001EE6  C055  F03B         	movff	_Vmotor_Time+1,delay2_1ms@time+1
  3209   001EEA  EC09  F024         	call	_delay2_1ms	;wreg free
  3210   001EEE                     
  3211                           ;main.c: 784:                                 LATCbits.LATC1 = 0;
  3212   001EEE  928B               	bcf	139,1,c	;volatile
  3213   001EF0                     l9186:
  3214                           
  3215                           ;main.c: 785:                                 _delay((unsigned long)((300)*(8000000/4000
      +                          .0)));
  3216   001EF0  0E04               	movlw	4
  3217   001EF2  0100               	movlb	0	; () banked
  3218   001EF4  6FAA               	movwf	(??_main+1)& (0+255),b
  3219   001EF6  0E0C               	movlw	12
  3220   001EF8  6FA9               	movwf	??_main& (0+255),b
  3221   001EFA  0E33               	movlw	51
  3222   001EFC                     u8417:
  3223   001EFC  2EE8               	decfsz	wreg,f,c
  3224   001EFE  D7FE               	bra	u8417
  3225   001F00  2FA9               	decfsz	??_main& (0+255),f,b
  3226   001F02  D7FC               	bra	u8417
  3227   001F04  2FAA               	decfsz	(??_main+1)& (0+255),f,b
  3228   001F06  D7FA               	bra	u8417
  3229   001F08  D000               	nop2	
  3230                           
  3231                           ;main.c: 786:                               }
  3232   001F0A  EF8A  F00F         	goto	l9190
  3233   001F0E                     l329:
  3234                           
  3235                           ;main.c: 788:                                 LATCbits.LATC1 = 0;
  3236   001F0E  928B               	bcf	139,1,c	;volatile
  3237   001F10  EF78  F00F         	goto	l9186
  3238   001F14                     l9190:
  3239                           
  3240                           ;main.c: 791:                               Serial_Buffer_Out[0] = 0xA5;
  3241   001F14  0EA5               	movlw	165
  3242   001F16  6E01               	movwf	_Serial_Buffer_Out^0,c
  3243   001F18                     
  3244                           ;main.c: 792:                               Serial_Buffer_Out[1] = 0xF9;
  3245   001F18  0EF9               	movlw	249
  3246   001F1A  6E02               	movwf	(_Serial_Buffer_Out+1)^0,c
  3247   001F1C                     
  3248                           ;main.c: 793:                               Serial_Buffer_Out[2] = 0x00;
  3249   001F1C  0E00               	movlw	0
  3250   001F1E  6E03               	movwf	(_Serial_Buffer_Out+2)^0,c
  3251   001F20                     
  3252                           ;main.c: 794:                               Serial_Buffer_Out[3] = Serial_Buffer_Out[1] 
      +                          + Serial_Buffer_Out[2];
  3253   001F20  5002               	movf	(_Serial_Buffer_Out+1)^0,w,c
  3254   001F22  2403               	addwf	(_Serial_Buffer_Out+2)^0,w,c
  3255   001F24  6E04               	movwf	(_Serial_Buffer_Out+3)^0,c
  3256   001F26                     
  3257                           ;main.c: 795:                               Serial_Buffer_Out[4] = 0x5A;
  3258   001F26  0E5A               	movlw	90
  3259   001F28  6E05               	movwf	(_Serial_Buffer_Out+4)^0,c
  3260   001F2A                     
  3261                           ;main.c: 797:                               INTCONbits.GIE = 0;
  3262   001F2A  9EF2               	bcf	242,7,c	;volatile
  3263   001F2C                     
  3264                           ;main.c: 798:                               for (i = 0; i < 5; i++) {
  3265   001F2C  0E00               	movlw	0
  3266   001F2E  6E1A               	movwf	(_i+1)^0,c
  3267   001F30  0E00               	movlw	0
  3268   001F32  6E19               	movwf	_i^0,c
  3269   001F34                     l9204:
  3270   001F34  501A               	movf	(_i+1)^0,w,c
  3271   001F36  E109               	bnz	u7380
  3272   001F38  0E05               	movlw	5
  3273   001F3A  5C19               	subwf	_i^0,w,c
  3274   001F3C  A0D8               	btfss	status,0,c
  3275   001F3E  EFA3  F00F         	goto	u7381
  3276   001F42  EFA5  F00F         	goto	u7380
  3277   001F46                     u7381:
  3278   001F46  EFA7  F00F         	goto	l9208
  3279   001F4A                     u7380:
  3280   001F4A  EFB4  F00F         	goto	l332
  3281   001F4E                     l9208:
  3282                           
  3283                           ;main.c: 799:                                 Write1USART(Serial_Buffer_Out[i]);
  3284   001F4E  0E01               	movlw	low _Serial_Buffer_Out
  3285   001F50  2419               	addwf	_i^0,w,c
  3286   001F52  6ED9               	movwf	fsr2l,c
  3287   001F54  0E00               	movlw	high _Serial_Buffer_Out
  3288   001F56  201A               	addwfc	(_i+1)^0,w,c
  3289   001F58  6EDA               	movwf	fsr2h,c
  3290   001F5A  50DF               	movf	indf2,w,c
  3291   001F5C  EC7D  F024         	call	_Write1USART
  3292   001F60                     
  3293                           ;main.c: 800:                               }
  3294   001F60  4A19               	infsnz	_i^0,f,c
  3295   001F62  2A1A               	incf	(_i+1)^0,f,c
  3296   001F64  EF9A  F00F         	goto	l9204
  3297   001F68                     l332:
  3298                           
  3299                           ;main.c: 801:                               INTCONbits.GIE = 1;
  3300   001F68  8EF2               	bsf	242,7,c	;volatile
  3301                           
  3302                           ;main.c: 833:                             } else if (Serial_Buffer[2] == 0xF5 && Busy ==
      +                           0)
  3303   001F6A  EFCC  F00F         	goto	l9220
  3304   001F6E                     l9214:
  3305                           
  3306                           ; BSR set to: 0
  3307   001F6E  0EF5               	movlw	245
  3308   001F70  1972               	xorwf	(_Serial_Buffer+2)& (0+255),w,b
  3309   001F72  A4D8               	btfss	status,2,c
  3310   001F74  EFBE  F00F         	goto	u7391
  3311   001F78  EFC0  F00F         	goto	u7390
  3312   001F7C                     u7391:
  3313   001F7C  EFCC  F00F         	goto	l9220
  3314   001F80                     u7390:
  3315   001F80                     
  3316                           ; BSR set to: 0
  3317   001F80  502D               	movf	_Busy^0,w,c
  3318   001F82  A4D8               	btfss	status,2,c
  3319   001F84  EFC6  F00F         	goto	u7401
  3320   001F88  EFC8  F00F         	goto	u7400
  3321   001F8C                     u7401:
  3322   001F8C  EFCC  F00F         	goto	l9220
  3323   001F90                     u7400:
  3324   001F90                     
  3325                           ; BSR set to: 0
  3326                           ;main.c: 834:                             {;main.c: 835:                                
      +                           dispense = 0;
  3327   001F90  0E00               	movlw	0
  3328   001F92  6E12               	movwf	(_dispense+1)^0,c
  3329   001F94  0E00               	movlw	0
  3330   001F96  6E11               	movwf	_dispense^0,c
  3331   001F98                     l9220:
  3332                           
  3333                           ;main.c: 837:                             flush();
  3334   001F98  EC81  F023         	call	_flush	;wreg free
  3335   001F9C                     
  3336                           ;main.c: 838:                             flushOut();
  3337   001F9C  EC9E  F023         	call	_flushOut	;wreg free
  3338                           
  3339                           ;main.c: 839:                             Stop = 0;
  3340   001FA0  0E00               	movlw	0
  3341   001FA2  6E2E               	movwf	_Stop^0,c
  3342                           
  3343                           ;main.c: 840:                             Busy = 0;
  3344   001FA4  0E00               	movlw	0
  3345   001FA6  6E2D               	movwf	_Busy^0,c
  3346                           
  3347                           ;main.c: 841:                             break;
  3348   001FA8  EF5C  F014         	goto	l9588
  3349   001FAC                     l9224:
  3350                           
  3351                           ; BSR set to: 0
  3352                           ;main.c: 844:                           if (Serial_Buffer[2] != 0x00 && Busy == 0)
  3353   001FAC  5172               	movf	(_Serial_Buffer+2)& (0+255),w,b
  3354   001FAE  B4D8               	btfsc	status,2,c
  3355   001FB0  EFDC  F00F         	goto	u7411
  3356   001FB4  EFDE  F00F         	goto	u7410
  3357   001FB8                     u7411:
  3358   001FB8  EF39  F011         	goto	l9364
  3359   001FBC                     u7410:
  3360   001FBC                     
  3361                           ; BSR set to: 0
  3362   001FBC  502D               	movf	_Busy^0,w,c
  3363   001FBE  A4D8               	btfss	status,2,c
  3364   001FC0  EFE4  F00F         	goto	u7421
  3365   001FC4  EFE6  F00F         	goto	u7420
  3366   001FC8                     u7421:
  3367   001FC8  EF39  F011         	goto	l9364
  3368   001FCC                     u7420:
  3369   001FCC                     
  3370                           ; BSR set to: 0
  3371                           ;main.c: 845:                             {;main.c: 847:                               d
      +                          ispense = 1;
  3372   001FCC  0E00               	movlw	0
  3373   001FCE  6E12               	movwf	(_dispense+1)^0,c
  3374   001FD0  0E01               	movlw	1
  3375   001FD2  6E11               	movwf	_dispense^0,c
  3376                           
  3377                           ;main.c: 848:                               Busy = 1;
  3378   001FD4  0E01               	movlw	1
  3379   001FD6  6E2D               	movwf	_Busy^0,c
  3380   001FD8                     
  3381                           ; BSR set to: 0
  3382                           ;main.c: 849:                               NUM = (unsigned int)Serial_Buffer[2];
  3383   001FD8  C072  F01F         	movff	_Serial_Buffer+2,_NUM
  3384   001FDC  6A20               	clrf	(_NUM+1)^0,c
  3385   001FDE                     
  3386                           ; BSR set to: 0
  3387                           ;main.c: 850:                               WriteSTLED316SData(NUM, vibration_mode);
  3388   001FDE  C01F  F042         	movff	_NUM,WriteSTLED316SData@number
  3389   001FE2  C020  F043         	movff	_NUM+1,WriteSTLED316SData@number+1
  3390   001FE6  C02C  F044         	movff	_vibration_mode,WriteSTLED316SData@v_mode
  3391   001FEA  EC57  F021         	call	_WriteSTLED316SData	;wreg free
  3392   001FEE                     
  3393                           ;main.c: 851:                               NUM_REC = NUM;
  3394   001FEE  C01F  F01B         	movff	_NUM,_NUM_REC
  3395   001FF2  C020  F01C         	movff	_NUM+1,_NUM_REC+1
  3396   001FF6                     
  3397                           ;main.c: 853:                               errorcounter = 30;
  3398   001FF6  0E1E               	movlw	30
  3399   001FF8  6E4E               	movwf	_errorcounter^0,c	;volatile
  3400   001FFA  0E00               	movlw	0
  3401   001FFC  6E4F               	movwf	(_errorcounter+1)^0,c	;volatile
  3402   001FFE  0E00               	movlw	0
  3403   002000  6E50               	movwf	(_errorcounter+2)^0,c	;volatile
  3404   002002  0E00               	movlw	0
  3405   002004  6E51               	movwf	(_errorcounter+3)^0,c	;volatile
  3406   002006                     
  3407                           ;main.c: 857:                               if (vibration_mode == 1) {
  3408   002006  042C               	decf	_vibration_mode^0,w,c
  3409   002008  A4D8               	btfss	status,2,c
  3410   00200A  EF09  F010         	goto	u7431
  3411   00200E  EF0B  F010         	goto	u7430
  3412   002012                     u7431:
  3413   002012  EF22  F010         	goto	l338
  3414   002016                     u7430:
  3415   002016                     
  3416                           ;main.c: 858:                                 LATCbits.LATC1 = 1;
  3417   002016  828B               	bsf	139,1,c	;volatile
  3418   002018                     
  3419                           ;main.c: 859:                                 delay2_1ms(Vmotor_Time);
  3420   002018  C054  F03A         	movff	_Vmotor_Time,delay2_1ms@time
  3421   00201C  C055  F03B         	movff	_Vmotor_Time+1,delay2_1ms@time+1
  3422   002020  EC09  F024         	call	_delay2_1ms	;wreg free
  3423   002024                     
  3424                           ;main.c: 860:                                 LATCbits.LATC1 = 0;
  3425   002024  928B               	bcf	139,1,c	;volatile
  3426   002026                     l9246:
  3427                           
  3428                           ;main.c: 861:                                 _delay((unsigned long)((300)*(8000000/4000
      +                          .0)));
  3429   002026  0E04               	movlw	4
  3430   002028  0100               	movlb	0	; () banked
  3431   00202A  6FAA               	movwf	(??_main+1)& (0+255),b
  3432   00202C  0E0C               	movlw	12
  3433   00202E  6FA9               	movwf	??_main& (0+255),b
  3434   002030  0E33               	movlw	51
  3435   002032                     u8427:
  3436   002032  2EE8               	decfsz	wreg,f,c
  3437   002034  D7FE               	bra	u8427
  3438   002036  2FA9               	decfsz	??_main& (0+255),f,b
  3439   002038  D7FC               	bra	u8427
  3440   00203A  2FAA               	decfsz	(??_main+1)& (0+255),f,b
  3441   00203C  D7FA               	bra	u8427
  3442   00203E  D000               	nop2	
  3443                           
  3444                           ;main.c: 862:                               }
  3445   002040  EF25  F010         	goto	l9250
  3446   002044                     l338:
  3447                           
  3448                           ;main.c: 864:                                 LATCbits.LATC1 = 0;
  3449   002044  928B               	bcf	139,1,c	;volatile
  3450   002046  EF13  F010         	goto	l9246
  3451   00204A                     l9250:
  3452                           
  3453                           ;main.c: 868:                               LATAbits.LATA2 = 1;
  3454   00204A  8489               	bsf	137,2,c	;volatile
  3455   00204C                     
  3456                           ;main.c: 869:                               MotorON();
  3457   00204C  ECC0  F024         	call	_MotorON	;wreg free
  3458   002050                     
  3459                           ;main.c: 870:                               _delay((unsigned long)((150)*(8000000/4000.0
      +                          )));
  3460   002050  0E02               	movlw	2
  3461   002052  0100               	movlb	0	; () banked
  3462   002054  6FAA               	movwf	(??_main+1)& (0+255),b
  3463   002056  0E86               	movlw	134
  3464   002058  6FA9               	movwf	??_main& (0+255),b
  3465   00205A  0E99               	movlw	153
  3466   00205C                     u8437:
  3467   00205C  2EE8               	decfsz	wreg,f,c
  3468   00205E  D7FE               	bra	u8437
  3469   002060  2FA9               	decfsz	??_main& (0+255),f,b
  3470   002062  D7FC               	bra	u8437
  3471   002064  2FAA               	decfsz	(??_main+1)& (0+255),f,b
  3472   002066  D7FA               	bra	u8437
  3473   002068                     
  3474                           ;main.c: 871:                               errorcounter = 30;
  3475   002068  0E1E               	movlw	30
  3476   00206A  6E4E               	movwf	_errorcounter^0,c	;volatile
  3477   00206C  0E00               	movlw	0
  3478   00206E  6E4F               	movwf	(_errorcounter+1)^0,c	;volatile
  3479   002070  0E00               	movlw	0
  3480   002072  6E50               	movwf	(_errorcounter+2)^0,c	;volatile
  3481   002074  0E00               	movlw	0
  3482   002076  6E51               	movwf	(_errorcounter+3)^0,c	;volatile
  3483   002078                     l9258:
  3484                           
  3485                           ;main.c: 873:                                 IR_SENSORF = Read_IR();
  3486   002078  ECCF  F022         	call	_Read_IR	;wreg free
  3487   00207C  C03A  F017         	movff	?_Read_IR,_IR_SENSORF
  3488   002080  C03B  F018         	movff	?_Read_IR+1,_IR_SENSORF+1
  3489                           
  3490                           ;main.c: 874:                                 if (errorcounter == 0) {
  3491   002084  504E               	movf	_errorcounter^0,w,c	;volatile
  3492   002086  104F               	iorwf	(_errorcounter+1)^0,w,c	;volatile
  3493   002088  1050               	iorwf	(_errorcounter+2)^0,w,c	;volatile
  3494   00208A  1051               	iorwf	(_errorcounter+3)^0,w,c	;volatile
  3495   00208C  A4D8               	btfss	status,2,c
  3496   00208E  EF4B  F010         	goto	u7441
  3497   002092  EF4D  F010         	goto	u7440
  3498   002096                     u7441:
  3499   002096  EF7A  F010         	goto	l9286
  3500   00209A                     u7440:
  3501   00209A                     
  3502                           ;main.c: 875:                                   MotorBREAK();
  3503   00209A  ECC5  F024         	call	_MotorBREAK	;wreg free
  3504   00209E                     
  3505                           ;main.c: 876:                                   Serial_Buffer_Out[0] = 0xA5;
  3506   00209E  0EA5               	movlw	165
  3507   0020A0  6E01               	movwf	_Serial_Buffer_Out^0,c
  3508   0020A2                     
  3509                           ;main.c: 877:                                   Serial_Buffer_Out[1] = 0xE1;
  3510   0020A2  0EE1               	movlw	225
  3511   0020A4  6E02               	movwf	(_Serial_Buffer_Out+1)^0,c
  3512   0020A6                     
  3513                           ;main.c: 878:                                   Serial_Buffer_Out[2] = 0x00;
  3514   0020A6  0E00               	movlw	0
  3515   0020A8  6E03               	movwf	(_Serial_Buffer_Out+2)^0,c
  3516   0020AA                     
  3517                           ;main.c: 879:                                   Serial_Buffer_Out[3] = Serial_Buffer_Out
      +                          [1] + Serial_Buffer_Out[2];
  3518   0020AA  5002               	movf	(_Serial_Buffer_Out+1)^0,w,c
  3519   0020AC  2403               	addwf	(_Serial_Buffer_Out+2)^0,w,c
  3520   0020AE  6E04               	movwf	(_Serial_Buffer_Out+3)^0,c
  3521   0020B0                     
  3522                           ;main.c: 880:                                   Serial_Buffer_Out[4] = 0x5A;
  3523   0020B0  0E5A               	movlw	90
  3524   0020B2  6E05               	movwf	(_Serial_Buffer_Out+4)^0,c
  3525   0020B4                     
  3526                           ;main.c: 882:                                   INTCONbits.GIE = 0;
  3527   0020B4  9EF2               	bcf	242,7,c	;volatile
  3528   0020B6                     
  3529                           ;main.c: 883:                                   for (i = 0; i < 5; i++) {
  3530   0020B6  0E00               	movlw	0
  3531   0020B8  6E1A               	movwf	(_i+1)^0,c
  3532   0020BA  0E00               	movlw	0
  3533   0020BC  6E19               	movwf	_i^0,c
  3534   0020BE                     l9276:
  3535   0020BE  501A               	movf	(_i+1)^0,w,c
  3536   0020C0  E109               	bnz	u7450
  3537   0020C2  0E05               	movlw	5
  3538   0020C4  5C19               	subwf	_i^0,w,c
  3539   0020C6  A0D8               	btfss	status,0,c
  3540   0020C8  EF68  F010         	goto	u7451
  3541   0020CC  EF6A  F010         	goto	u7450
  3542   0020D0                     u7451:
  3543   0020D0  EF6C  F010         	goto	l9280
  3544   0020D4                     u7450:
  3545   0020D4  EF79  F010         	goto	l343
  3546   0020D8                     l9280:
  3547                           
  3548                           ;main.c: 884:                                     Write1USART(Serial_Buffer_Out[i]);
  3549   0020D8  0E01               	movlw	low _Serial_Buffer_Out
  3550   0020DA  2419               	addwf	_i^0,w,c
  3551   0020DC  6ED9               	movwf	fsr2l,c
  3552   0020DE  0E00               	movlw	high _Serial_Buffer_Out
  3553   0020E0  201A               	addwfc	(_i+1)^0,w,c
  3554   0020E2  6EDA               	movwf	fsr2h,c
  3555   0020E4  50DF               	movf	indf2,w,c
  3556   0020E6  EC7D  F024         	call	_Write1USART
  3557   0020EA                     
  3558                           ;main.c: 885:                                   }
  3559   0020EA  4A19               	infsnz	_i^0,f,c
  3560   0020EC  2A1A               	incf	(_i+1)^0,f,c
  3561   0020EE  EF5F  F010         	goto	l9276
  3562   0020F2                     l343:
  3563                           
  3564                           ;main.c: 886:                                   INTCONbits.GIE = 1;
  3565   0020F2  8EF2               	bsf	242,7,c	;volatile
  3566   0020F4                     l9286:
  3567                           
  3568                           ;main.c: 888:                               } while (IR_SENSORF != 0);
  3569   0020F4  5017               	movf	_IR_SENSORF^0,w,c
  3570   0020F6  1018               	iorwf	(_IR_SENSORF+1)^0,w,c
  3571   0020F8  A4D8               	btfss	status,2,c
  3572   0020FA  EF81  F010         	goto	u7461
  3573   0020FE  EF83  F010         	goto	u7460
  3574   002102                     u7461:
  3575   002102  EF3C  F010         	goto	l9258
  3576   002106                     u7460:
  3577   002106                     
  3578                           ;main.c: 889:                               _delay((unsigned long)((30)*(8000000/4000.0)
      +                          ));
  3579   002106  0E4E               	movlw	78
  3580   002108  0100               	movlb	0	; () banked
  3581   00210A  6FA9               	movwf	??_main& (0+255),b
  3582   00210C  0EEB               	movlw	235
  3583   00210E                     u8447:
  3584   00210E  2EE8               	decfsz	wreg,f,c
  3585   002110  D7FE               	bra	u8447
  3586   002112  2FA9               	decfsz	??_main& (0+255),f,b
  3587   002114  D7FC               	bra	u8447
  3588   002116                     
  3589                           ;main.c: 890:                               errorcounter = 30;
  3590   002116  0E1E               	movlw	30
  3591   002118  6E4E               	movwf	_errorcounter^0,c	;volatile
  3592   00211A  0E00               	movlw	0
  3593   00211C  6E4F               	movwf	(_errorcounter+1)^0,c	;volatile
  3594   00211E  0E00               	movlw	0
  3595   002120  6E50               	movwf	(_errorcounter+2)^0,c	;volatile
  3596   002122  0E00               	movlw	0
  3597   002124  6E51               	movwf	(_errorcounter+3)^0,c	;volatile
  3598   002126                     l9292:
  3599                           
  3600                           ;main.c: 893:                                 IR_SENSORF = Read_IR();
  3601   002126  ECCF  F022         	call	_Read_IR	;wreg free
  3602   00212A  C03A  F017         	movff	?_Read_IR,_IR_SENSORF
  3603   00212E  C03B  F018         	movff	?_Read_IR+1,_IR_SENSORF+1
  3604   002132                     
  3605                           ;main.c: 894:                                 if (errorcounter == 0) {
  3606   002132  504E               	movf	_errorcounter^0,w,c	;volatile
  3607   002134  104F               	iorwf	(_errorcounter+1)^0,w,c	;volatile
  3608   002136  1050               	iorwf	(_errorcounter+2)^0,w,c	;volatile
  3609   002138  1051               	iorwf	(_errorcounter+3)^0,w,c	;volatile
  3610   00213A  A4D8               	btfss	status,2,c
  3611   00213C  EFA2  F010         	goto	u7471
  3612   002140  EFA4  F010         	goto	u7470
  3613   002144                     u7471:
  3614   002144  EFD1  F010         	goto	l9322
  3615   002148                     u7470:
  3616   002148                     
  3617                           ;main.c: 895:                                   MotorBREAK();
  3618   002148  ECC5  F024         	call	_MotorBREAK	;wreg free
  3619   00214C                     
  3620                           ;main.c: 896:                                   Serial_Buffer_Out[0] = 0xA5;
  3621   00214C  0EA5               	movlw	165
  3622   00214E  6E01               	movwf	_Serial_Buffer_Out^0,c
  3623   002150                     
  3624                           ;main.c: 897:                                   Serial_Buffer_Out[1] = 0xE2;
  3625   002150  0EE2               	movlw	226
  3626   002152  6E02               	movwf	(_Serial_Buffer_Out+1)^0,c
  3627   002154                     
  3628                           ;main.c: 898:                                   Serial_Buffer_Out[2] = 0x00;
  3629   002154  0E00               	movlw	0
  3630   002156  6E03               	movwf	(_Serial_Buffer_Out+2)^0,c
  3631   002158                     
  3632                           ;main.c: 899:                                   Serial_Buffer_Out[3] = Serial_Buffer_Out
      +                          [1] + Serial_Buffer_Out[2];
  3633   002158  5002               	movf	(_Serial_Buffer_Out+1)^0,w,c
  3634   00215A  2403               	addwf	(_Serial_Buffer_Out+2)^0,w,c
  3635   00215C  6E04               	movwf	(_Serial_Buffer_Out+3)^0,c
  3636   00215E                     
  3637                           ;main.c: 900:                                   Serial_Buffer_Out[4] = 0x5A;
  3638   00215E  0E5A               	movlw	90
  3639   002160  6E05               	movwf	(_Serial_Buffer_Out+4)^0,c
  3640   002162                     
  3641                           ;main.c: 902:                                   INTCONbits.GIE = 0;
  3642   002162  9EF2               	bcf	242,7,c	;volatile
  3643   002164                     
  3644                           ;main.c: 903:                                   for (i = 0; i < 5; i++) {
  3645   002164  0E00               	movlw	0
  3646   002166  6E1A               	movwf	(_i+1)^0,c
  3647   002168  0E00               	movlw	0
  3648   00216A  6E19               	movwf	_i^0,c
  3649   00216C                     l9312:
  3650   00216C  501A               	movf	(_i+1)^0,w,c
  3651   00216E  E109               	bnz	u7480
  3652   002170  0E05               	movlw	5
  3653   002172  5C19               	subwf	_i^0,w,c
  3654   002174  A0D8               	btfss	status,0,c
  3655   002176  EFBF  F010         	goto	u7481
  3656   00217A  EFC1  F010         	goto	u7480
  3657   00217E                     u7481:
  3658   00217E  EFC3  F010         	goto	l9316
  3659   002182                     u7480:
  3660   002182  EFD0  F010         	goto	l348
  3661   002186                     l9316:
  3662                           
  3663                           ;main.c: 904:                                     Write1USART(Serial_Buffer_Out[i]);
  3664   002186  0E01               	movlw	low _Serial_Buffer_Out
  3665   002188  2419               	addwf	_i^0,w,c
  3666   00218A  6ED9               	movwf	fsr2l,c
  3667   00218C  0E00               	movlw	high _Serial_Buffer_Out
  3668   00218E  201A               	addwfc	(_i+1)^0,w,c
  3669   002190  6EDA               	movwf	fsr2h,c
  3670   002192  50DF               	movf	indf2,w,c
  3671   002194  EC7D  F024         	call	_Write1USART
  3672   002198                     
  3673                           ;main.c: 905:                                   }
  3674   002198  4A19               	infsnz	_i^0,f,c
  3675   00219A  2A1A               	incf	(_i+1)^0,f,c
  3676   00219C  EFB6  F010         	goto	l9312
  3677   0021A0                     l348:
  3678                           
  3679                           ;main.c: 906:                                   INTCONbits.GIE = 1;
  3680   0021A0  8EF2               	bsf	242,7,c	;volatile
  3681   0021A2                     l9322:
  3682                           
  3683                           ;main.c: 908:                               } while (IR_SENSORF != 1);
  3684   0021A2  0417               	decf	_IR_SENSORF^0,w,c
  3685   0021A4  1018               	iorwf	(_IR_SENSORF+1)^0,w,c
  3686   0021A6  A4D8               	btfss	status,2,c
  3687   0021A8  EFD8  F010         	goto	u7491
  3688   0021AC  EFDA  F010         	goto	u7490
  3689   0021B0                     u7491:
  3690   0021B0  EF93  F010         	goto	l9292
  3691   0021B4                     u7490:
  3692   0021B4                     
  3693                           ;main.c: 909:                               errorcounter = 30;
  3694   0021B4  0E1E               	movlw	30
  3695   0021B6  6E4E               	movwf	_errorcounter^0,c	;volatile
  3696   0021B8  0E00               	movlw	0
  3697   0021BA  6E4F               	movwf	(_errorcounter+1)^0,c	;volatile
  3698   0021BC  0E00               	movlw	0
  3699   0021BE  6E50               	movwf	(_errorcounter+2)^0,c	;volatile
  3700   0021C0  0E00               	movlw	0
  3701   0021C2  6E51               	movwf	(_errorcounter+3)^0,c	;volatile
  3702   0021C4                     
  3703                           ;main.c: 910:                               delay2_1ms(Motor_Stop_Delay_Time);
  3704   0021C4  C021  F03A         	movff	_Motor_Stop_Delay_Time,delay2_1ms@time
  3705   0021C8  C022  F03B         	movff	_Motor_Stop_Delay_Time+1,delay2_1ms@time+1
  3706   0021CC  EC09  F024         	call	_delay2_1ms	;wreg free
  3707   0021D0                     
  3708                           ;main.c: 912:                               MotorBREAK();
  3709   0021D0  ECC5  F024         	call	_MotorBREAK	;wreg free
  3710                           
  3711                           ;main.c: 914:                               if (vibration_mode == 1) {
  3712   0021D4  042C               	decf	_vibration_mode^0,w,c
  3713   0021D6  A4D8               	btfss	status,2,c
  3714   0021D8  EFF0  F010         	goto	u7501
  3715   0021DC  EFF2  F010         	goto	u7500
  3716   0021E0                     u7501:
  3717   0021E0  EF09  F011         	goto	l350
  3718   0021E4                     u7500:
  3719   0021E4                     
  3720                           ;main.c: 915:                                 LATCbits.LATC1 = 1;
  3721   0021E4  828B               	bsf	139,1,c	;volatile
  3722   0021E6                     
  3723                           ;main.c: 916:                                 delay2_1ms(Vmotor_Time);
  3724   0021E6  C054  F03A         	movff	_Vmotor_Time,delay2_1ms@time
  3725   0021EA  C055  F03B         	movff	_Vmotor_Time+1,delay2_1ms@time+1
  3726   0021EE  EC09  F024         	call	_delay2_1ms	;wreg free
  3727   0021F2                     
  3728                           ;main.c: 917:                                 LATCbits.LATC1 = 0;
  3729   0021F2  928B               	bcf	139,1,c	;volatile
  3730   0021F4                     l9336:
  3731                           
  3732                           ;main.c: 918:                                 _delay((unsigned long)((300)*(8000000/4000
      +                          .0)));
  3733   0021F4  0E04               	movlw	4
  3734   0021F6  0100               	movlb	0	; () banked
  3735   0021F8  6FAA               	movwf	(??_main+1)& (0+255),b
  3736   0021FA  0E0C               	movlw	12
  3737   0021FC  6FA9               	movwf	??_main& (0+255),b
  3738   0021FE  0E33               	movlw	51
  3739   002200                     u8457:
  3740   002200  2EE8               	decfsz	wreg,f,c
  3741   002202  D7FE               	bra	u8457
  3742   002204  2FA9               	decfsz	??_main& (0+255),f,b
  3743   002206  D7FC               	bra	u8457
  3744   002208  2FAA               	decfsz	(??_main+1)& (0+255),f,b
  3745   00220A  D7FA               	bra	u8457
  3746   00220C  D000               	nop2	
  3747                           
  3748                           ;main.c: 919:                               }
  3749   00220E  EF0C  F011         	goto	l9340
  3750   002212                     l350:
  3751                           
  3752                           ;main.c: 921:                                 LATCbits.LATC1 = 0;
  3753   002212  928B               	bcf	139,1,c	;volatile
  3754   002214  EFFA  F010         	goto	l9336
  3755   002218                     l9340:
  3756                           
  3757                           ;main.c: 924:                               Serial_Buffer_Out[0] = 0xA5;
  3758   002218  0EA5               	movlw	165
  3759   00221A  6E01               	movwf	_Serial_Buffer_Out^0,c
  3760   00221C                     
  3761                           ;main.c: 925:                               Serial_Buffer_Out[1] = 0xF9;
  3762   00221C  0EF9               	movlw	249
  3763   00221E  6E02               	movwf	(_Serial_Buffer_Out+1)^0,c
  3764   002220                     
  3765                           ;main.c: 926:                               Serial_Buffer_Out[2] = 0x00;
  3766   002220  0E00               	movlw	0
  3767   002222  6E03               	movwf	(_Serial_Buffer_Out+2)^0,c
  3768   002224                     
  3769                           ;main.c: 927:                               Serial_Buffer_Out[3] = Serial_Buffer_Out[1] 
      +                          + Serial_Buffer_Out[2];
  3770   002224  5002               	movf	(_Serial_Buffer_Out+1)^0,w,c
  3771   002226  2403               	addwf	(_Serial_Buffer_Out+2)^0,w,c
  3772   002228  6E04               	movwf	(_Serial_Buffer_Out+3)^0,c
  3773   00222A                     
  3774                           ;main.c: 928:                               Serial_Buffer_Out[4] = 0x5A;
  3775   00222A  0E5A               	movlw	90
  3776   00222C  6E05               	movwf	(_Serial_Buffer_Out+4)^0,c
  3777   00222E                     
  3778                           ;main.c: 930:                               INTCONbits.GIE = 0;
  3779   00222E  9EF2               	bcf	242,7,c	;volatile
  3780   002230                     
  3781                           ;main.c: 931:                               for (i = 0; i < 5; i++) {
  3782   002230  0E00               	movlw	0
  3783   002232  6E1A               	movwf	(_i+1)^0,c
  3784   002234  0E00               	movlw	0
  3785   002236  6E19               	movwf	_i^0,c
  3786   002238                     l9354:
  3787   002238  501A               	movf	(_i+1)^0,w,c
  3788   00223A  E109               	bnz	u7510
  3789   00223C  0E05               	movlw	5
  3790   00223E  5C19               	subwf	_i^0,w,c
  3791   002240  A0D8               	btfss	status,0,c
  3792   002242  EF25  F011         	goto	u7511
  3793   002246  EF27  F011         	goto	u7510
  3794   00224A                     u7511:
  3795   00224A  EF29  F011         	goto	l9358
  3796   00224E                     u7510:
  3797   00224E  EF36  F011         	goto	l353
  3798   002252                     l9358:
  3799                           
  3800                           ;main.c: 932:                                 Write1USART(Serial_Buffer_Out[i]);
  3801   002252  0E01               	movlw	low _Serial_Buffer_Out
  3802   002254  2419               	addwf	_i^0,w,c
  3803   002256  6ED9               	movwf	fsr2l,c
  3804   002258  0E00               	movlw	high _Serial_Buffer_Out
  3805   00225A  201A               	addwfc	(_i+1)^0,w,c
  3806   00225C  6EDA               	movwf	fsr2h,c
  3807   00225E  50DF               	movf	indf2,w,c
  3808   002260  EC7D  F024         	call	_Write1USART
  3809   002264                     
  3810                           ;main.c: 933:                               }
  3811   002264  4A19               	infsnz	_i^0,f,c
  3812   002266  2A1A               	incf	(_i+1)^0,f,c
  3813   002268  EF1C  F011         	goto	l9354
  3814   00226C                     l353:
  3815                           
  3816                           ;main.c: 934:                               INTCONbits.GIE = 1;
  3817   00226C  8EF2               	bsf	242,7,c	;volatile
  3818                           
  3819                           ;main.c: 966:                             } else if (Serial_Buffer[2] == 0xF5 && Busy ==
      +                           0)
  3820   00226E  EF4E  F011         	goto	l9370
  3821   002272                     l9364:
  3822                           
  3823                           ; BSR set to: 0
  3824   002272  0EF5               	movlw	245
  3825   002274  1972               	xorwf	(_Serial_Buffer+2)& (0+255),w,b
  3826   002276  A4D8               	btfss	status,2,c
  3827   002278  EF40  F011         	goto	u7521
  3828   00227C  EF42  F011         	goto	u7520
  3829   002280                     u7521:
  3830   002280  EF4E  F011         	goto	l9370
  3831   002284                     u7520:
  3832   002284                     
  3833                           ; BSR set to: 0
  3834   002284  502D               	movf	_Busy^0,w,c
  3835   002286  A4D8               	btfss	status,2,c
  3836   002288  EF48  F011         	goto	u7531
  3837   00228C  EF4A  F011         	goto	u7530
  3838   002290                     u7531:
  3839   002290  EF4E  F011         	goto	l9370
  3840   002294                     u7530:
  3841   002294                     
  3842                           ; BSR set to: 0
  3843                           ;main.c: 967:                             {;main.c: 968:                                
      +                           dispense = 0;
  3844   002294  0E00               	movlw	0
  3845   002296  6E12               	movwf	(_dispense+1)^0,c
  3846   002298  0E00               	movlw	0
  3847   00229A  6E11               	movwf	_dispense^0,c
  3848   00229C                     l9370:
  3849                           
  3850                           ;main.c: 970:                             flush();
  3851   00229C  EC81  F023         	call	_flush	;wreg free
  3852   0022A0                     
  3853                           ;main.c: 971:                             flushOut();
  3854   0022A0  EC9E  F023         	call	_flushOut	;wreg free
  3855                           
  3856                           ;main.c: 972:                             dispense = 0;
  3857   0022A4  0E00               	movlw	0
  3858   0022A6  6E12               	movwf	(_dispense+1)^0,c
  3859   0022A8  0E00               	movlw	0
  3860   0022AA  6E11               	movwf	_dispense^0,c
  3861                           
  3862                           ;main.c: 973:                             Stop = 0;
  3863   0022AC  0E00               	movlw	0
  3864   0022AE  6E2E               	movwf	_Stop^0,c
  3865                           
  3866                           ;main.c: 974:                             Busy = 0;
  3867   0022B0  0E00               	movlw	0
  3868   0022B2  6E2D               	movwf	_Busy^0,c
  3869                           
  3870                           ;main.c: 975:                             break;
  3871   0022B4  EF5C  F014         	goto	l9588
  3872   0022B8                     l9374:
  3873                           
  3874                           ; BSR set to: 0
  3875                           ;main.c: 979:                             if (Busy == 0) {
  3876   0022B8  502D               	movf	_Busy^0,w,c
  3877   0022BA  A4D8               	btfss	status,2,c
  3878   0022BC  EF62  F011         	goto	u7541
  3879   0022C0  EF64  F011         	goto	u7540
  3880   0022C4                     u7541:
  3881   0022C4  EF5C  F014         	goto	l9588
  3882   0022C8                     u7540:
  3883   0022C8                     
  3884                           ; BSR set to: 0
  3885                           ;main.c: 980:                                 Busy = 1;
  3886   0022C8  0E01               	movlw	1
  3887   0022CA  6E2D               	movwf	_Busy^0,c
  3888   0022CC                     
  3889                           ; BSR set to: 0
  3890                           ;main.c: 984:                                 pause_Time = Serial_Buffer[2];
  3891   0022CC  C072  F02A         	movff	_Serial_Buffer+2,_pause_Time	;volatile
  3892                           
  3893                           ;main.c: 985:                                 switch (pause_Time) {
  3894   0022D0  EF90  F011         	goto	l9394
  3895   0022D4                     l9380:
  3896                           
  3897                           ; BSR set to: 0
  3898                           ;main.c: 988:                                         Motor_Pause_Time = 0;
  3899   0022D4  0E00               	movlw	0
  3900   0022D6  6F96               	movwf	(_Motor_Pause_Time+1)& (0+255),b
  3901   0022D8  0E00               	movlw	0
  3902   0022DA  6F95               	movwf	_Motor_Pause_Time& (0+255),b
  3903                           
  3904                           ;main.c: 989:                                         pause_Time = 0x30;
  3905   0022DC  0E30               	movlw	48
  3906   0022DE  6E2A               	movwf	_pause_Time^0,c	;volatile
  3907                           
  3908                           ;main.c: 990:                                         break;
  3909   0022E0  EFB5  F011         	goto	l361
  3910   0022E4                     l9382:
  3911                           
  3912                           ; BSR set to: 0
  3913                           ;main.c: 993:                                         Motor_Pause_Time = 1000;
  3914   0022E4  0E03               	movlw	3
  3915   0022E6  6F96               	movwf	(_Motor_Pause_Time+1)& (0+255),b
  3916   0022E8  0EE8               	movlw	232
  3917   0022EA  6F95               	movwf	_Motor_Pause_Time& (0+255),b
  3918                           
  3919                           ;main.c: 994:                                         break;
  3920   0022EC  EFB5  F011         	goto	l361
  3921   0022F0                     l9384:
  3922                           
  3923                           ; BSR set to: 0
  3924                           ;main.c: 997:                                         Motor_Pause_Time = 2000;
  3925   0022F0  0E07               	movlw	7
  3926   0022F2  6F96               	movwf	(_Motor_Pause_Time+1)& (0+255),b
  3927   0022F4  0ED0               	movlw	208
  3928   0022F6  6F95               	movwf	_Motor_Pause_Time& (0+255),b
  3929                           
  3930                           ;main.c: 998:                                         break;
  3931   0022F8  EFB5  F011         	goto	l361
  3932   0022FC                     l9386:
  3933                           
  3934                           ; BSR set to: 0
  3935                           ;main.c: 1001:                                         Motor_Pause_Time = 3000;
  3936   0022FC  0E0B               	movlw	11
  3937   0022FE  6F96               	movwf	(_Motor_Pause_Time+1)& (0+255),b
  3938   002300  0EB8               	movlw	184
  3939   002302  6F95               	movwf	_Motor_Pause_Time& (0+255),b
  3940                           
  3941                           ;main.c: 1002:                                         break;
  3942   002304  EFB5  F011         	goto	l361
  3943   002308                     l9388:
  3944                           
  3945                           ; BSR set to: 0
  3946                           ;main.c: 1005:                                         Motor_Pause_Time = 4000;
  3947   002308  0E0F               	movlw	15
  3948   00230A  6F96               	movwf	(_Motor_Pause_Time+1)& (0+255),b
  3949   00230C  0EA0               	movlw	160
  3950   00230E  6F95               	movwf	_Motor_Pause_Time& (0+255),b
  3951                           
  3952                           ;main.c: 1006:                                         break;
  3953   002310  EFB5  F011         	goto	l361
  3954   002314                     l9390:
  3955                           
  3956                           ; BSR set to: 0
  3957                           ;main.c: 1009:                                         Motor_Pause_Time = 5000;
  3958   002314  0E13               	movlw	19
  3959   002316  6F96               	movwf	(_Motor_Pause_Time+1)& (0+255),b
  3960   002318  0E88               	movlw	136
  3961   00231A  6F95               	movwf	_Motor_Pause_Time& (0+255),b
  3962                           
  3963                           ;main.c: 1010:                                         break;
  3964   00231C  EFB5  F011         	goto	l361
  3965   002320                     l9394:
  3966                           
  3967                           ; BSR set to: 0
  3968   002320  502A               	movf	_pause_Time^0,w,c	;volatile
  3969   002322  6FA9               	movwf	??_main& (0+255),b
  3970   002324  6BAA               	clrf	(??_main+1)& (0+255),b
  3971                           
  3972                           ; Switch on 2 bytes has been partitioned into a top level switch of size 1, and 1 sub-sw
      +                          itches
  3973                           ; Switch size 1, requested type "simple"
  3974                           ; Number of cases is 1, Range of values is 0 to 0
  3975                           ; switch strategies available:
  3976                           ; Name         Instructions Cycles
  3977                           ; simple_byte            4     3 (average)
  3978                           ;	Chosen strategy is simple_byte
  3979   002326  51AA               	movf	(??_main+1)& (0+255),w,b
  3980   002328  0A00               	xorlw	0	; case 0
  3981   00232A  B4D8               	btfsc	status,2,c
  3982   00232C  EF9A  F011         	goto	l10610
  3983   002330  EF6A  F011         	goto	l9380
  3984   002334                     l10610:
  3985                           
  3986                           ; BSR set to: 0
  3987                           ; Switch size 1, requested type "simple"
  3988                           ; Number of cases is 6, Range of values is 48 to 53
  3989                           ; switch strategies available:
  3990                           ; Name         Instructions Cycles
  3991                           ; simple_byte           19    10 (average)
  3992                           ;	Chosen strategy is simple_byte
  3993   002334  51A9               	movf	??_main& (0+255),w,b
  3994   002336  0A30               	xorlw	48	; case 48
  3995   002338  B4D8               	btfsc	status,2,c
  3996   00233A  EF6A  F011         	goto	l9380
  3997   00233E  0A01               	xorlw	1	; case 49
  3998   002340  B4D8               	btfsc	status,2,c
  3999   002342  EF72  F011         	goto	l9382
  4000   002346  0A03               	xorlw	3	; case 50
  4001   002348  B4D8               	btfsc	status,2,c
  4002   00234A  EF78  F011         	goto	l9384
  4003   00234E  0A01               	xorlw	1	; case 51
  4004   002350  B4D8               	btfsc	status,2,c
  4005   002352  EF7E  F011         	goto	l9386
  4006   002356  0A07               	xorlw	7	; case 52
  4007   002358  B4D8               	btfsc	status,2,c
  4008   00235A  EF84  F011         	goto	l9388
  4009   00235E  0A01               	xorlw	1	; case 53
  4010   002360  B4D8               	btfsc	status,2,c
  4011   002362  EF8A  F011         	goto	l9390
  4012   002366  EF6A  F011         	goto	l9380
  4013   00236A                     l361:
  4014                           
  4015                           ; BSR set to: 0
  4016                           ;main.c: 1015:                                 INTCONbits.GIE = 0;
  4017   00236A  9EF2               	bcf	242,7,c	;volatile
  4018   00236C                     
  4019                           ; BSR set to: 0
  4020                           ;main.c: 1016:                                 write_i2c(0x0060, pause_Time);
  4021   00236C  0E60               	movlw	96
  4022   00236E  6E48               	movwf	write_i2c@address^0,c
  4023   002370  0E00               	movlw	0
  4024   002372  6E49               	movwf	(write_i2c@address+1)^0,c
  4025   002374  0E00               	movlw	0
  4026   002376  6E4A               	movwf	(write_i2c@address+2)^0,c
  4027   002378  0E00               	movlw	0
  4028   00237A  6E4B               	movwf	(write_i2c@address+3)^0,c
  4029   00237C  C02A  F04C         	movff	_pause_Time,write_i2c@data	;volatile
  4030   002380  6A4D               	clrf	(write_i2c@data+1)^0,c
  4031   002382  EC1D  F023         	call	_write_i2c	;wreg free
  4032   002386                     
  4033                           ;main.c: 1017:                                 INTCONbits.GIE = 1;
  4034   002386  8EF2               	bsf	242,7,c	;volatile
  4035   002388                     
  4036                           ;main.c: 1019:                                 flush();
  4037   002388  EC81  F023         	call	_flush	;wreg free
  4038   00238C                     l9402:
  4039                           
  4040                           ;main.c: 1020:                                 Busy = 0;
  4041   00238C  0E00               	movlw	0
  4042   00238E  6E2D               	movwf	_Busy^0,c
  4043   002390  EF5C  F014         	goto	l9588
  4044   002394                     l9404:
  4045                           
  4046                           ; BSR set to: 0
  4047                           ;main.c: 1025:                             if (Busy == 0) {
  4048   002394  502D               	movf	_Busy^0,w,c
  4049   002396  A4D8               	btfss	status,2,c
  4050   002398  EFD0  F011         	goto	u7551
  4051   00239C  EFD2  F011         	goto	u7550
  4052   0023A0                     u7551:
  4053   0023A0  EF5C  F014         	goto	l9588
  4054   0023A4                     u7550:
  4055   0023A4                     
  4056                           ; BSR set to: 0
  4057                           ;main.c: 1026:                                 if (Serial_Buffer[2] == 0x00) {
  4058   0023A4  5172               	movf	(_Serial_Buffer+2)& (0+255),w,b
  4059   0023A6  A4D8               	btfss	status,2,c
  4060   0023A8  EFD8  F011         	goto	u7561
  4061   0023AC  EFDA  F011         	goto	u7560
  4062   0023B0                     u7561:
  4063   0023B0  EF37  F012         	goto	l9440
  4064   0023B4                     u7560:
  4065   0023B4                     
  4066                           ; BSR set to: 0
  4067                           ;main.c: 1027:                                     Busy = 1;
  4068   0023B4  0E01               	movlw	1
  4069   0023B6  6E2D               	movwf	_Busy^0,c
  4070   0023B8                     
  4071                           ; BSR set to: 0
  4072                           ;main.c: 1030:                                     pause_Time = read_i2c(0x0060);
  4073   0023B8  0E60               	movlw	96
  4074   0023BA  6E48               	movwf	read_i2c@address^0,c
  4075   0023BC  0E00               	movlw	0
  4076   0023BE  6E49               	movwf	(read_i2c@address+1)^0,c
  4077   0023C0  0E00               	movlw	0
  4078   0023C2  6E4A               	movwf	(read_i2c@address+2)^0,c
  4079   0023C4  0E00               	movlw	0
  4080   0023C6  6E4B               	movwf	(read_i2c@address+3)^0,c
  4081   0023C8  EC6A  F022         	call	_read_i2c	;wreg free
  4082   0023CC  5048               	movf	?_read_i2c^0,w,c
  4083   0023CE  6E2A               	movwf	_pause_Time^0,c	;volatile
  4084   0023D0                     
  4085                           ;main.c: 1031:                                     vib_Time = read_i2c(0x0040);
  4086   0023D0  0E40               	movlw	64
  4087   0023D2  6E48               	movwf	read_i2c@address^0,c
  4088   0023D4  0E00               	movlw	0
  4089   0023D6  6E49               	movwf	(read_i2c@address+1)^0,c
  4090   0023D8  0E00               	movlw	0
  4091   0023DA  6E4A               	movwf	(read_i2c@address+2)^0,c
  4092   0023DC  0E00               	movlw	0
  4093   0023DE  6E4B               	movwf	(read_i2c@address+3)^0,c
  4094   0023E0  EC6A  F022         	call	_read_i2c	;wreg free
  4095   0023E4  5048               	movf	?_read_i2c^0,w,c
  4096   0023E6  6E29               	movwf	_vib_Time^0,c	;volatile
  4097   0023E8                     
  4098                           ;main.c: 1032:                                     dutyCycle_reg = read_i2c(0x0070);
  4099   0023E8  0E70               	movlw	112
  4100   0023EA  6E48               	movwf	read_i2c@address^0,c
  4101   0023EC  0E00               	movlw	0
  4102   0023EE  6E49               	movwf	(read_i2c@address+1)^0,c
  4103   0023F0  0E00               	movlw	0
  4104   0023F2  6E4A               	movwf	(read_i2c@address+2)^0,c
  4105   0023F4  0E00               	movlw	0
  4106   0023F6  6E4B               	movwf	(read_i2c@address+3)^0,c
  4107   0023F8  EC6A  F022         	call	_read_i2c	;wreg free
  4108   0023FC  C048  F013         	movff	?_read_i2c,_dutyCycle_reg
  4109   002400  C049  F014         	movff	?_read_i2c+1,_dutyCycle_reg+1
  4110   002404                     
  4111                           ;main.c: 1037:                                     Serial_Buffer_Out[0] = 0xA5;
  4112   002404  0EA5               	movlw	165
  4113   002406  6E01               	movwf	_Serial_Buffer_Out^0,c
  4114   002408                     
  4115                           ;main.c: 1038:                                     Serial_Buffer_Out[1] = pause_Time;
  4116   002408  C02A  F002         	movff	_pause_Time,_Serial_Buffer_Out+1	;volatile
  4117   00240C                     
  4118                           ;main.c: 1039:                                     Serial_Buffer_Out[2] = dutyCycle_reg;
  4119   00240C  C013  F003         	movff	_dutyCycle_reg,_Serial_Buffer_Out+2
  4120   002410                     
  4121                           ;main.c: 1040:                                     Serial_Buffer_Out[3] = vib_Time;
  4122   002410  C029  F004         	movff	_vib_Time,_Serial_Buffer_Out+3	;volatile
  4123   002414                     
  4124                           ;main.c: 1041:                                     Serial_Buffer_Out[4] = 0x5A;
  4125   002414  0E5A               	movlw	90
  4126   002416  6E05               	movwf	(_Serial_Buffer_Out+4)^0,c
  4127   002418                     
  4128                           ;main.c: 1043:                                     _delay((unsigned long)((100)*(8000000
      +                          /4000.0)));
  4129   002418  0E02               	movlw	2
  4130   00241A  0100               	movlb	0	; () banked
  4131   00241C  6FAA               	movwf	(??_main+1)& (0+255),b
  4132   00241E  0E04               	movlw	4
  4133   002420  6FA9               	movwf	??_main& (0+255),b
  4134   002422  0EBA               	movlw	186
  4135   002424                     u8467:
  4136   002424  2EE8               	decfsz	wreg,f,c
  4137   002426  D7FE               	bra	u8467
  4138   002428  2FA9               	decfsz	??_main& (0+255),f,b
  4139   00242A  D7FC               	bra	u8467
  4140   00242C  2FAA               	decfsz	(??_main+1)& (0+255),f,b
  4141   00242E  D7FA               	bra	u8467
  4142   002430  F000               	nop	
  4143   002432                     
  4144                           ;main.c: 1046:                                     for (i = 0; i < 5; i++) {
  4145   002432  0E00               	movlw	0
  4146   002434  6E1A               	movwf	(_i+1)^0,c
  4147   002436  0E00               	movlw	0
  4148   002438  6E19               	movwf	_i^0,c
  4149   00243A                     l9430:
  4150   00243A  501A               	movf	(_i+1)^0,w,c
  4151   00243C  E109               	bnz	u7570
  4152   00243E  0E05               	movlw	5
  4153   002440  5C19               	subwf	_i^0,w,c
  4154   002442  A0D8               	btfss	status,0,c
  4155   002444  EF26  F012         	goto	u7571
  4156   002448  EF28  F012         	goto	u7570
  4157   00244C                     u7571:
  4158   00244C  EF2A  F012         	goto	l9434
  4159   002450                     u7570:
  4160   002450  EF37  F012         	goto	l9440
  4161   002454                     l9434:
  4162                           
  4163                           ;main.c: 1047:                                         Write1USART(Serial_Buffer_Out[i])
      +                          ;
  4164   002454  0E01               	movlw	low _Serial_Buffer_Out
  4165   002456  2419               	addwf	_i^0,w,c
  4166   002458  6ED9               	movwf	fsr2l,c
  4167   00245A  0E00               	movlw	high _Serial_Buffer_Out
  4168   00245C  201A               	addwfc	(_i+1)^0,w,c
  4169   00245E  6EDA               	movwf	fsr2h,c
  4170   002460  50DF               	movf	indf2,w,c
  4171   002462  EC7D  F024         	call	_Write1USART
  4172   002466                     
  4173                           ;main.c: 1048:                                     }
  4174   002466  4A19               	infsnz	_i^0,f,c
  4175   002468  2A1A               	incf	(_i+1)^0,f,c
  4176   00246A  EF1D  F012         	goto	l9430
  4177   00246E                     l9440:
  4178                           
  4179                           ;main.c: 1051:                                 flushOut();
  4180   00246E  EC9E  F023         	call	_flushOut	;wreg free
  4181   002472  EFC6  F011         	goto	l9402
  4182   002476                     l9444:
  4183                           
  4184                           ; BSR set to: 0
  4185                           ;main.c: 1057:                             if (Busy == 0) {
  4186   002476  502D               	movf	_Busy^0,w,c
  4187   002478  A4D8               	btfss	status,2,c
  4188   00247A  EF41  F012         	goto	u7581
  4189   00247E  EF43  F012         	goto	u7580
  4190   002482                     u7581:
  4191   002482  EF5C  F014         	goto	l9588
  4192   002486                     u7580:
  4193   002486                     
  4194                           ; BSR set to: 0
  4195                           ;main.c: 1058:                                 if (Serial_Buffer[2] == 0x00) {
  4196   002486  5172               	movf	(_Serial_Buffer+2)& (0+255),w,b
  4197   002488  A4D8               	btfss	status,2,c
  4198   00248A  EF49  F012         	goto	u7591
  4199   00248E  EF4B  F012         	goto	u7590
  4200   002492                     u7591:
  4201   002492  EF37  F012         	goto	l9440
  4202   002496                     u7590:
  4203   002496                     
  4204                           ; BSR set to: 0
  4205                           ;main.c: 1059:                                     Busy = 1;
  4206   002496  0E01               	movlw	1
  4207   002498  6E2D               	movwf	_Busy^0,c
  4208   00249A                     
  4209                           ; BSR set to: 0
  4210                           ;main.c: 1062:                                     productType = read_i2c(0x0090);
  4211   00249A  0E90               	movlw	144
  4212   00249C  6E48               	movwf	read_i2c@address^0,c
  4213   00249E  0E00               	movlw	0
  4214   0024A0  6E49               	movwf	(read_i2c@address+1)^0,c
  4215   0024A2  0E00               	movlw	0
  4216   0024A4  6E4A               	movwf	(read_i2c@address+2)^0,c
  4217   0024A6  0E00               	movlw	0
  4218   0024A8  6E4B               	movwf	(read_i2c@address+3)^0,c
  4219   0024AA  EC6A  F022         	call	_read_i2c	;wreg free
  4220   0024AE  C048  F015         	movff	?_read_i2c,_productType
  4221   0024B2  C049  F016         	movff	?_read_i2c+1,_productType+1
  4222   0024B6                     
  4223                           ;main.c: 1063:                                     fwver = read_i2c(0x0080);
  4224   0024B6  0E80               	movlw	128
  4225   0024B8  6E48               	movwf	read_i2c@address^0,c
  4226   0024BA  0E00               	movlw	0
  4227   0024BC  6E49               	movwf	(read_i2c@address+1)^0,c
  4228   0024BE  0E00               	movlw	0
  4229   0024C0  6E4A               	movwf	(read_i2c@address+2)^0,c
  4230   0024C2  0E00               	movlw	0
  4231   0024C4  6E4B               	movwf	(read_i2c@address+3)^0,c
  4232   0024C6  EC6A  F022         	call	_read_i2c	;wreg free
  4233   0024CA  C048  F052         	movff	?_read_i2c,_fwver
  4234   0024CE  C049  F053         	movff	?_read_i2c+1,_fwver+1
  4235   0024D2                     
  4236                           ;main.c: 1064:                                     NUM = NUM_REC;
  4237   0024D2  C01B  F01F         	movff	_NUM_REC,_NUM
  4238   0024D6  C01C  F020         	movff	_NUM_REC+1,_NUM+1
  4239                           
  4240                           ;main.c: 1067:                                     Serial_Buffer_Out[0] = 0xA5;
  4241   0024DA  0EA5               	movlw	165
  4242   0024DC  6E01               	movwf	_Serial_Buffer_Out^0,c
  4243   0024DE                     
  4244                           ;main.c: 1068:                                     Serial_Buffer_Out[1] = productType;
  4245   0024DE  C015  F002         	movff	_productType,_Serial_Buffer_Out+1
  4246   0024E2                     
  4247                           ;main.c: 1069:                                     Serial_Buffer_Out[2] = fwver;
  4248   0024E2  C052  F003         	movff	_fwver,_Serial_Buffer_Out+2
  4249   0024E6                     
  4250                           ;main.c: 1070:                                     Serial_Buffer_Out[3] = NUM;
  4251   0024E6  C01F  F004         	movff	_NUM,_Serial_Buffer_Out+3
  4252                           
  4253                           ;main.c: 1071:                                     Serial_Buffer_Out[4] = 0x5A;
  4254   0024EA  0E5A               	movlw	90
  4255   0024EC  6E05               	movwf	(_Serial_Buffer_Out+4)^0,c
  4256   0024EE                     
  4257                           ;main.c: 1073:                                     _delay((unsigned long)((100)*(8000000
      +                          /4000.0)));
  4258   0024EE  0E02               	movlw	2
  4259   0024F0  0100               	movlb	0	; () banked
  4260   0024F2  6FAA               	movwf	(??_main+1)& (0+255),b
  4261   0024F4  0E04               	movlw	4
  4262   0024F6  6FA9               	movwf	??_main& (0+255),b
  4263   0024F8  0EBA               	movlw	186
  4264   0024FA                     u8477:
  4265   0024FA  2EE8               	decfsz	wreg,f,c
  4266   0024FC  D7FE               	bra	u8477
  4267   0024FE  2FA9               	decfsz	??_main& (0+255),f,b
  4268   002500  D7FC               	bra	u8477
  4269   002502  2FAA               	decfsz	(??_main+1)& (0+255),f,b
  4270   002504  D7FA               	bra	u8477
  4271   002506  F000               	nop	
  4272   002508                     
  4273                           ;main.c: 1076:                                     for (i = 0; i < 5; i++) {
  4274   002508  0E00               	movlw	0
  4275   00250A  6E1A               	movwf	(_i+1)^0,c
  4276   00250C  0E00               	movlw	0
  4277   00250E  6E19               	movwf	_i^0,c
  4278   002510                     l9466:
  4279   002510  501A               	movf	(_i+1)^0,w,c
  4280   002512  E109               	bnz	u7600
  4281   002514  0E05               	movlw	5
  4282   002516  5C19               	subwf	_i^0,w,c
  4283   002518  A0D8               	btfss	status,0,c
  4284   00251A  EF91  F012         	goto	u7601
  4285   00251E  EF93  F012         	goto	u7600
  4286   002522                     u7601:
  4287   002522  EF95  F012         	goto	l9470
  4288   002526                     u7600:
  4289   002526  EF37  F012         	goto	l9440
  4290   00252A                     l9470:
  4291                           
  4292                           ;main.c: 1077:                                         Write1USART(Serial_Buffer_Out[i])
      +                          ;
  4293   00252A  0E01               	movlw	low _Serial_Buffer_Out
  4294   00252C  2419               	addwf	_i^0,w,c
  4295   00252E  6ED9               	movwf	fsr2l,c
  4296   002530  0E00               	movlw	high _Serial_Buffer_Out
  4297   002532  201A               	addwfc	(_i+1)^0,w,c
  4298   002534  6EDA               	movwf	fsr2h,c
  4299   002536  50DF               	movf	indf2,w,c
  4300   002538  EC7D  F024         	call	_Write1USART
  4301   00253C                     
  4302                           ;main.c: 1078:                                     }
  4303   00253C  4A19               	infsnz	_i^0,f,c
  4304   00253E  2A1A               	incf	(_i+1)^0,f,c
  4305   002540  EF88  F012         	goto	l9466
  4306   002544                     l9480:
  4307                           
  4308                           ; BSR set to: 0
  4309                           ;main.c: 1118:                             if (Busy == 0) {
  4310   002544  502D               	movf	_Busy^0,w,c
  4311   002546  A4D8               	btfss	status,2,c
  4312   002548  EFA8  F012         	goto	u7611
  4313   00254C  EFAA  F012         	goto	u7610
  4314   002550                     u7611:
  4315   002550  EF02  F013         	goto	l9506
  4316   002554                     u7610:
  4317   002554                     
  4318                           ; BSR set to: 0
  4319                           ;main.c: 1119:                                 Busy = 1;
  4320   002554  0E01               	movlw	1
  4321   002556  6E2D               	movwf	_Busy^0,c
  4322   002558                     
  4323                           ; BSR set to: 0
  4324                           ;main.c: 1120:                                 vib_Time = Serial_Buffer[2];
  4325   002558  C072  F029         	movff	_Serial_Buffer+2,_vib_Time	;volatile
  4326                           
  4327                           ;main.c: 1122:                                 switch (vib_Time) {
  4328   00255C  EFD0  F012         	goto	l9498
  4329   002560                     l9486:
  4330                           
  4331                           ; BSR set to: 0
  4332                           ;main.c: 1124:                                         Vmotor_Time = 1000;
  4333   002560  0E03               	movlw	3
  4334   002562  6E55               	movwf	(_Vmotor_Time+1)^0,c
  4335   002564  0EE8               	movlw	232
  4336   002566  6E54               	movwf	_Vmotor_Time^0,c
  4337                           
  4338                           ;main.c: 1125:                                         break;
  4339   002568  EFF1  F012         	goto	l381
  4340   00256C                     l9488:
  4341                           
  4342                           ; BSR set to: 0
  4343                           ;main.c: 1129:                                         Vmotor_Time = 2000;
  4344   00256C  0E07               	movlw	7
  4345   00256E  6E55               	movwf	(_Vmotor_Time+1)^0,c
  4346   002570  0ED0               	movlw	208
  4347   002572  6E54               	movwf	_Vmotor_Time^0,c
  4348                           
  4349                           ;main.c: 1130:                                         vib_Time = 0x82;
  4350   002574  0E82               	movlw	130
  4351   002576  6E29               	movwf	_vib_Time^0,c	;volatile
  4352                           
  4353                           ;main.c: 1131:                                         break;
  4354   002578  EFF1  F012         	goto	l381
  4355   00257C                     l9490:
  4356                           
  4357                           ; BSR set to: 0
  4358                           ;main.c: 1134:                                         Vmotor_Time = 3000;
  4359   00257C  0E0B               	movlw	11
  4360   00257E  6E55               	movwf	(_Vmotor_Time+1)^0,c
  4361   002580  0EB8               	movlw	184
  4362   002582  6E54               	movwf	_Vmotor_Time^0,c
  4363                           
  4364                           ;main.c: 1135:                                         break;
  4365   002584  EFF1  F012         	goto	l381
  4366   002588                     l9492:
  4367                           
  4368                           ; BSR set to: 0
  4369                           ;main.c: 1138:                                         Vmotor_Time = 4000;
  4370   002588  0E0F               	movlw	15
  4371   00258A  6E55               	movwf	(_Vmotor_Time+1)^0,c
  4372   00258C  0EA0               	movlw	160
  4373   00258E  6E54               	movwf	_Vmotor_Time^0,c
  4374                           
  4375                           ;main.c: 1139:                                         break;
  4376   002590  EFF1  F012         	goto	l381
  4377   002594                     l9494:
  4378                           
  4379                           ; BSR set to: 0
  4380                           ;main.c: 1142:                                         Vmotor_Time = 5000;
  4381   002594  0E13               	movlw	19
  4382   002596  6E55               	movwf	(_Vmotor_Time+1)^0,c
  4383   002598  0E88               	movlw	136
  4384   00259A  6E54               	movwf	_Vmotor_Time^0,c
  4385                           
  4386                           ;main.c: 1143:                                         break;
  4387   00259C  EFF1  F012         	goto	l381
  4388   0025A0                     l9498:
  4389                           
  4390                           ; BSR set to: 0
  4391   0025A0  5029               	movf	_vib_Time^0,w,c	;volatile
  4392   0025A2  6FA9               	movwf	??_main& (0+255),b
  4393   0025A4  6BAA               	clrf	(??_main+1)& (0+255),b
  4394                           
  4395                           ; Switch on 2 bytes has been partitioned into a top level switch of size 1, and 1 sub-sw
      +                          itches
  4396                           ; Switch size 1, requested type "simple"
  4397                           ; Number of cases is 1, Range of values is 0 to 0
  4398                           ; switch strategies available:
  4399                           ; Name         Instructions Cycles
  4400                           ; simple_byte            4     3 (average)
  4401                           ;	Chosen strategy is simple_byte
  4402   0025A6  51AA               	movf	(??_main+1)& (0+255),w,b
  4403   0025A8  0A00               	xorlw	0	; case 0
  4404   0025AA  B4D8               	btfsc	status,2,c
  4405   0025AC  EFDA  F012         	goto	l10612
  4406   0025B0  EFB6  F012         	goto	l9488
  4407   0025B4                     l10612:
  4408                           
  4409                           ; BSR set to: 0
  4410                           ; Switch size 1, requested type "simple"
  4411                           ; Number of cases is 5, Range of values is 129 to 133
  4412                           ; switch strategies available:
  4413                           ; Name         Instructions Cycles
  4414                           ; simple_byte           16     9 (average)
  4415                           ;	Chosen strategy is simple_byte
  4416   0025B4  51A9               	movf	??_main& (0+255),w,b
  4417   0025B6  0A81               	xorlw	129	; case 129
  4418   0025B8  B4D8               	btfsc	status,2,c
  4419   0025BA  EFB0  F012         	goto	l9486
  4420   0025BE  0A03               	xorlw	3	; case 130
  4421   0025C0  B4D8               	btfsc	status,2,c
  4422   0025C2  EFB6  F012         	goto	l9488
  4423   0025C6  0A01               	xorlw	1	; case 131
  4424   0025C8  B4D8               	btfsc	status,2,c
  4425   0025CA  EFBE  F012         	goto	l9490
  4426   0025CE  0A07               	xorlw	7	; case 132
  4427   0025D0  B4D8               	btfsc	status,2,c
  4428   0025D2  EFC4  F012         	goto	l9492
  4429   0025D6  0A01               	xorlw	1	; case 133
  4430   0025D8  B4D8               	btfsc	status,2,c
  4431   0025DA  EFCA  F012         	goto	l9494
  4432   0025DE  EFB6  F012         	goto	l9488
  4433   0025E2                     l381:
  4434                           
  4435                           ; BSR set to: 0
  4436                           ;main.c: 1145:                                 INTCONbits.GIE = 0;
  4437   0025E2  9EF2               	bcf	242,7,c	;volatile
  4438   0025E4                     
  4439                           ; BSR set to: 0
  4440                           ;main.c: 1146:                                 write_i2c(0x0040, vib_Time);
  4441   0025E4  0E40               	movlw	64
  4442   0025E6  6E48               	movwf	write_i2c@address^0,c
  4443   0025E8  0E00               	movlw	0
  4444   0025EA  6E49               	movwf	(write_i2c@address+1)^0,c
  4445   0025EC  0E00               	movlw	0
  4446   0025EE  6E4A               	movwf	(write_i2c@address+2)^0,c
  4447   0025F0  0E00               	movlw	0
  4448   0025F2  6E4B               	movwf	(write_i2c@address+3)^0,c
  4449   0025F4  C029  F04C         	movff	_vib_Time,write_i2c@data	;volatile
  4450   0025F8  6A4D               	clrf	(write_i2c@data+1)^0,c
  4451   0025FA  EC1D  F023         	call	_write_i2c	;wreg free
  4452   0025FE                     
  4453                           ;main.c: 1147:                                 INTCONbits.GIE = 1;
  4454   0025FE  8EF2               	bsf	242,7,c	;volatile
  4455   002600                     
  4456                           ;main.c: 1149:                                 Busy = 0;
  4457   002600  0E00               	movlw	0
  4458   002602  6E2D               	movwf	_Busy^0,c
  4459   002604                     l9506:
  4460                           
  4461                           ;main.c: 1154:                             if (Busy == 0) {
  4462   002604  502D               	movf	_Busy^0,w,c
  4463   002606  A4D8               	btfss	status,2,c
  4464   002608  EF08  F013         	goto	u7621
  4465   00260C  EF0A  F013         	goto	u7620
  4466   002610                     u7621:
  4467   002610  EF5C  F014         	goto	l9588
  4468   002614                     u7620:
  4469   002614                     
  4470                           ;main.c: 1155:                                 Busy = 1;
  4471   002614  0E01               	movlw	1
  4472   002616  6E2D               	movwf	_Busy^0,c
  4473   002618                     
  4474                           ;main.c: 1156:                                 delay_motor_stop_time = Serial_Buffer[2];
  4475   002618  C072  F028         	movff	_Serial_Buffer+2,_delay_motor_stop_time	;volatile
  4476   00261C                     
  4477                           ;main.c: 1157:                                 Motor_Stop_Delay_Time = delay_motor_stop_
      +                          time;
  4478   00261C  C028  F021         	movff	_delay_motor_stop_time,_Motor_Stop_Delay_Time	;volatile
  4479   002620  6A22               	clrf	(_Motor_Stop_Delay_Time+1)^0,c
  4480   002622                     
  4481                           ;main.c: 1159:                                 INTCONbits.GIE = 0;
  4482   002622  9EF2               	bcf	242,7,c	;volatile
  4483   002624                     
  4484                           ;main.c: 1160:                                 write_i2c(0x0050, delay_motor_stop_time);
  4485   002624  0E50               	movlw	80
  4486   002626  6E48               	movwf	write_i2c@address^0,c
  4487   002628  0E00               	movlw	0
  4488   00262A  6E49               	movwf	(write_i2c@address+1)^0,c
  4489   00262C  0E00               	movlw	0
  4490   00262E  6E4A               	movwf	(write_i2c@address+2)^0,c
  4491   002630  0E00               	movlw	0
  4492   002632  6E4B               	movwf	(write_i2c@address+3)^0,c
  4493   002634  C028  F04C         	movff	_delay_motor_stop_time,write_i2c@data	;volatile
  4494   002638  6A4D               	clrf	(write_i2c@data+1)^0,c
  4495   00263A  EC1D  F023         	call	_write_i2c	;wreg free
  4496   00263E                     
  4497                           ;main.c: 1161:                                 INTCONbits.GIE = 1;
  4498   00263E  8EF2               	bsf	242,7,c	;volatile
  4499   002640  EFC6  F011         	goto	l9402
  4500   002644                     l9522:
  4501                           
  4502                           ; BSR set to: 0
  4503                           ;main.c: 1168:                             if (Busy == 0){
  4504   002644  502D               	movf	_Busy^0,w,c
  4505   002646  A4D8               	btfss	status,2,c
  4506   002648  EF28  F013         	goto	u7631
  4507   00264C  EF2A  F013         	goto	u7630
  4508   002650                     u7631:
  4509   002650  EF5C  F014         	goto	l9588
  4510   002654                     u7630:
  4511   002654                     
  4512                           ; BSR set to: 0
  4513                           ;main.c: 1169:                                 Busy = 1;
  4514   002654  0E01               	movlw	1
  4515   002656  6E2D               	movwf	_Busy^0,c
  4516   002658                     
  4517                           ; BSR set to: 0
  4518                           ;main.c: 1171:                                 if (Serial_Buffer[2] == 0x71){
  4519   002658  0E71               	movlw	113
  4520   00265A  1972               	xorwf	(_Serial_Buffer+2)& (0+255),w,b
  4521   00265C  A4D8               	btfss	status,2,c
  4522   00265E  EF33  F013         	goto	u7641
  4523   002662  EF35  F013         	goto	u7640
  4524   002666                     u7641:
  4525   002666  EF41  F013         	goto	l9530
  4526   00266A                     u7640:
  4527   00266A                     
  4528                           ; BSR set to: 0
  4529                           ;main.c: 1172:                                     duty_cycle = PWM_Selection(0x04);
  4530   00266A  0E00               	movlw	0
  4531   00266C  6FA4               	movwf	(PWM_Selection@msg+1)& (0+255),b
  4532   00266E  0E04               	movlw	4
  4533   002670  6FA3               	movwf	PWM_Selection@msg& (0+255),b
  4534   002672  ECB2  F01C         	call	_PWM_Selection	;wreg free
  4535   002676  C0A3  F09F         	movff	?_PWM_Selection,_duty_cycle
  4536   00267A  C0A4  F0A0         	movff	?_PWM_Selection+1,_duty_cycle+1
  4537                           
  4538                           ;main.c: 1173:                                 }
  4539   00267E  EF95  F013         	goto	l392
  4540   002682                     l9530:
  4541                           
  4542                           ; BSR set to: 0
  4543   002682  0E72               	movlw	114
  4544   002684  1972               	xorwf	(_Serial_Buffer+2)& (0+255),w,b
  4545   002686  A4D8               	btfss	status,2,c
  4546   002688  EF48  F013         	goto	u7651
  4547   00268C  EF4A  F013         	goto	u7650
  4548   002690                     u7651:
  4549   002690  EF56  F013         	goto	l9534
  4550   002694                     u7650:
  4551   002694                     
  4552                           ; BSR set to: 0
  4553                           ;main.c: 1175:                                     duty_cycle = PWM_Selection(0x00);
  4554   002694  0E00               	movlw	0
  4555   002696  6FA4               	movwf	(PWM_Selection@msg+1)& (0+255),b
  4556   002698  0E00               	movlw	0
  4557   00269A  6FA3               	movwf	PWM_Selection@msg& (0+255),b
  4558   00269C  ECB2  F01C         	call	_PWM_Selection	;wreg free
  4559   0026A0  C0A3  F09F         	movff	?_PWM_Selection,_duty_cycle
  4560   0026A4  C0A4  F0A0         	movff	?_PWM_Selection+1,_duty_cycle+1
  4561                           
  4562                           ;main.c: 1176:                                 }
  4563   0026A8  EF95  F013         	goto	l392
  4564   0026AC                     l9534:
  4565                           
  4566                           ; BSR set to: 0
  4567   0026AC  0E73               	movlw	115
  4568   0026AE  1972               	xorwf	(_Serial_Buffer+2)& (0+255),w,b
  4569   0026B0  A4D8               	btfss	status,2,c
  4570   0026B2  EF5D  F013         	goto	u7661
  4571   0026B6  EF5F  F013         	goto	u7660
  4572   0026BA                     u7661:
  4573   0026BA  EF6B  F013         	goto	l9538
  4574   0026BE                     u7660:
  4575   0026BE                     
  4576                           ; BSR set to: 0
  4577                           ;main.c: 1178:                                     duty_cycle = PWM_Selection(0x01);
  4578   0026BE  0E00               	movlw	0
  4579   0026C0  6FA4               	movwf	(PWM_Selection@msg+1)& (0+255),b
  4580   0026C2  0E01               	movlw	1
  4581   0026C4  6FA3               	movwf	PWM_Selection@msg& (0+255),b
  4582   0026C6  ECB2  F01C         	call	_PWM_Selection	;wreg free
  4583   0026CA  C0A3  F09F         	movff	?_PWM_Selection,_duty_cycle
  4584   0026CE  C0A4  F0A0         	movff	?_PWM_Selection+1,_duty_cycle+1
  4585                           
  4586                           ;main.c: 1179:                                 }
  4587   0026D2  EF95  F013         	goto	l392
  4588   0026D6                     l9538:
  4589                           
  4590                           ; BSR set to: 0
  4591   0026D6  0E74               	movlw	116
  4592   0026D8  1972               	xorwf	(_Serial_Buffer+2)& (0+255),w,b
  4593   0026DA  A4D8               	btfss	status,2,c
  4594   0026DC  EF72  F013         	goto	u7671
  4595   0026E0  EF74  F013         	goto	u7670
  4596   0026E4                     u7671:
  4597   0026E4  EF80  F013         	goto	l9542
  4598   0026E8                     u7670:
  4599   0026E8                     
  4600                           ; BSR set to: 0
  4601                           ;main.c: 1181:                                     duty_cycle = PWM_Selection(0x02);
  4602   0026E8  0E00               	movlw	0
  4603   0026EA  6FA4               	movwf	(PWM_Selection@msg+1)& (0+255),b
  4604   0026EC  0E02               	movlw	2
  4605   0026EE  6FA3               	movwf	PWM_Selection@msg& (0+255),b
  4606   0026F0  ECB2  F01C         	call	_PWM_Selection	;wreg free
  4607   0026F4  C0A3  F09F         	movff	?_PWM_Selection,_duty_cycle
  4608   0026F8  C0A4  F0A0         	movff	?_PWM_Selection+1,_duty_cycle+1
  4609                           
  4610                           ;main.c: 1182:                                 }
  4611   0026FC  EF95  F013         	goto	l392
  4612   002700                     l9542:
  4613                           
  4614                           ; BSR set to: 0
  4615   002700  0E75               	movlw	117
  4616   002702  1972               	xorwf	(_Serial_Buffer+2)& (0+255),w,b
  4617   002704  A4D8               	btfss	status,2,c
  4618   002706  EF87  F013         	goto	u7681
  4619   00270A  EF89  F013         	goto	u7680
  4620   00270E                     u7681:
  4621   00270E  EF95  F013         	goto	l396
  4622   002712                     u7680:
  4623   002712                     
  4624                           ; BSR set to: 0
  4625                           ;main.c: 1184:                                     duty_cycle = PWM_Selection(0x03);
  4626   002712  0E00               	movlw	0
  4627   002714  6FA4               	movwf	(PWM_Selection@msg+1)& (0+255),b
  4628   002716  0E03               	movlw	3
  4629   002718  6FA3               	movwf	PWM_Selection@msg& (0+255),b
  4630   00271A  ECB2  F01C         	call	_PWM_Selection	;wreg free
  4631   00271E  C0A3  F09F         	movff	?_PWM_Selection,_duty_cycle
  4632   002722  C0A4  F0A0         	movff	?_PWM_Selection+1,_duty_cycle+1
  4633   002726  EF95  F013         	goto	l392
  4634   00272A                     l396:
  4635   00272A                     l392:
  4636                           
  4637                           ;main.c: 1186:                                 dutyCycle_reg = read_i2c(0x0070);
  4638   00272A  0E70               	movlw	112
  4639   00272C  6E48               	movwf	read_i2c@address^0,c
  4640   00272E  0E00               	movlw	0
  4641   002730  6E49               	movwf	(read_i2c@address+1)^0,c
  4642   002732  0E00               	movlw	0
  4643   002734  6E4A               	movwf	(read_i2c@address+2)^0,c
  4644   002736  0E00               	movlw	0
  4645   002738  6E4B               	movwf	(read_i2c@address+3)^0,c
  4646   00273A  EC6A  F022         	call	_read_i2c	;wreg free
  4647   00273E  C048  F013         	movff	?_read_i2c,_dutyCycle_reg
  4648   002742  C049  F014         	movff	?_read_i2c+1,_dutyCycle_reg+1
  4649                           
  4650                           ;main.c: 1187:                                 ToggleVIB_Mode();
  4651   002746  EC62  F023         	call	_ToggleVIB_Mode	;wreg free
  4652                           
  4653                           ;main.c: 1188:                                 WriteSTLED316SVibMode(dutyCycle_reg, vibr
      +                          ation_mode);
  4654   00274A  C013  F040         	movff	_dutyCycle_reg,WriteSTLED316SVibMode@dc_reg
  4655   00274E  C014  F041         	movff	_dutyCycle_reg+1,WriteSTLED316SVibMode@dc_reg+1
  4656   002752  C02C  F042         	movff	_vibration_mode,WriteSTLED316SVibMode@v_mode
  4657   002756  EC4A  F01D         	call	_WriteSTLED316SVibMode	;wreg free
  4658   00275A                     
  4659                           ;main.c: 1189:                                 _delay((unsigned long)((300)*(8000000/400
      +                          0.0)));
  4660   00275A  0E04               	movlw	4
  4661   00275C  0100               	movlb	0	; () banked
  4662   00275E  6FAA               	movwf	(??_main+1)& (0+255),b
  4663   002760  0E0C               	movlw	12
  4664   002762  6FA9               	movwf	??_main& (0+255),b
  4665   002764  0E33               	movlw	51
  4666   002766                     u8487:
  4667   002766  2EE8               	decfsz	wreg,f,c
  4668   002768  D7FE               	bra	u8487
  4669   00276A  2FA9               	decfsz	??_main& (0+255),f,b
  4670   00276C  D7FC               	bra	u8487
  4671   00276E  2FAA               	decfsz	(??_main+1)& (0+255),f,b
  4672   002770  D7FA               	bra	u8487
  4673   002772  D000               	nop2	
  4674   002774  EFC6  F011         	goto	l9402
  4675   002778                     l9550:
  4676                           
  4677                           ; BSR set to: 0
  4678                           ;main.c: 1194:                             if (Busy == 0){
  4679   002778  502D               	movf	_Busy^0,w,c
  4680   00277A  A4D8               	btfss	status,2,c
  4681   00277C  EFC2  F013         	goto	u7691
  4682   002780  EFC4  F013         	goto	u7690
  4683   002784                     u7691:
  4684   002784  EF5C  F014         	goto	l9588
  4685   002788                     u7690:
  4686   002788                     
  4687                           ; BSR set to: 0
  4688                           ;main.c: 1195:                                 Busy = 1;
  4689   002788  0E01               	movlw	1
  4690   00278A  6E2D               	movwf	_Busy^0,c
  4691   00278C                     
  4692                           ; BSR set to: 0
  4693                           ;main.c: 1196:                                 if (Serial_Buffer[2] == 0x65) {
  4694   00278C  0E65               	movlw	101
  4695   00278E  1972               	xorwf	(_Serial_Buffer+2)& (0+255),w,b
  4696   002790  A4D8               	btfss	status,2,c
  4697   002792  EFCD  F013         	goto	u7701
  4698   002796  EFCF  F013         	goto	u7700
  4699   00279A                     u7701:
  4700   00279A  EFD5  F013         	goto	l9558
  4701   00279E                     u7700:
  4702   00279E                     
  4703                           ; BSR set to: 0
  4704                           ;main.c: 1197:                                     NUM = 49;
  4705   00279E  0E00               	movlw	0
  4706   0027A0  6E20               	movwf	(_NUM+1)^0,c
  4707   0027A2  0E31               	movlw	49
  4708   0027A4  6E1F               	movwf	_NUM^0,c
  4709                           
  4710                           ;main.c: 1198:                                 }
  4711   0027A6  EFE7  F013         	goto	l403
  4712   0027AA                     l9558:
  4713                           
  4714                           ; BSR set to: 0
  4715   0027AA  0E66               	movlw	102
  4716   0027AC  1972               	xorwf	(_Serial_Buffer+2)& (0+255),w,b
  4717   0027AE  A4D8               	btfss	status,2,c
  4718   0027B0  EFDC  F013         	goto	u7711
  4719   0027B4  EFDE  F013         	goto	u7710
  4720   0027B8                     u7711:
  4721   0027B8  EFE4  F013         	goto	l404
  4722   0027BC                     u7710:
  4723   0027BC                     
  4724                           ; BSR set to: 0
  4725                           ;main.c: 1200:                                     NUM = 90;
  4726   0027BC  0E00               	movlw	0
  4727   0027BE  6E20               	movwf	(_NUM+1)^0,c
  4728   0027C0  0E5A               	movlw	90
  4729   0027C2  6E1F               	movwf	_NUM^0,c
  4730                           
  4731                           ;main.c: 1201:                                 } else {
  4732   0027C4  EFE7  F013         	goto	l403
  4733   0027C8                     l404:
  4734                           
  4735                           ; BSR set to: 0
  4736                           ;main.c: 1202:                                     NUM = (unsigned int)Serial_Buffer[2];
  4737   0027C8  C072  F01F         	movff	_Serial_Buffer+2,_NUM
  4738   0027CC  6A20               	clrf	(_NUM+1)^0,c
  4739   0027CE                     l403:
  4740                           
  4741                           ; BSR set to: 0
  4742                           ;main.c: 1204:                                 NUM_REC = NUM;
  4743   0027CE  C01F  F01B         	movff	_NUM,_NUM_REC
  4744   0027D2  C020  F01C         	movff	_NUM+1,_NUM_REC+1
  4745   0027D6                     
  4746                           ; BSR set to: 0
  4747                           ;main.c: 1205:                                 WriteSTLED316SData(NUM, vibration_mode);
  4748   0027D6  C01F  F042         	movff	_NUM,WriteSTLED316SData@number
  4749   0027DA  C020  F043         	movff	_NUM+1,WriteSTLED316SData@number+1
  4750   0027DE  C02C  F044         	movff	_vibration_mode,WriteSTLED316SData@v_mode
  4751   0027E2  EC57  F021         	call	_WriteSTLED316SData	;wreg free
  4752   0027E6  EFC6  F011         	goto	l9402
  4753   0027EA                     l9566:
  4754                           
  4755                           ; BSR set to: 0
  4756                           ;main.c: 1210:                             if (Busy == 0){
  4757   0027EA  502D               	movf	_Busy^0,w,c
  4758   0027EC  A4D8               	btfss	status,2,c
  4759   0027EE  EFFB  F013         	goto	u7721
  4760   0027F2  EFFD  F013         	goto	u7720
  4761   0027F6                     u7721:
  4762   0027F6  EF5C  F014         	goto	l9588
  4763   0027FA                     u7720:
  4764   0027FA                     
  4765                           ; BSR set to: 0
  4766                           ;main.c: 1211:                                 Busy = 1;
  4767   0027FA  0E01               	movlw	1
  4768   0027FC  6E2D               	movwf	_Busy^0,c
  4769   0027FE                     
  4770                           ; BSR set to: 0
  4771                           ;main.c: 1212:                                 productType = Serial_Buffer[2];
  4772   0027FE  C072  F015         	movff	_Serial_Buffer+2,_productType
  4773   002802  6A16               	clrf	(_productType+1)^0,c
  4774   002804                     
  4775                           ; BSR set to: 0
  4776                           ;main.c: 1213:                                 if (productType != 0x00 && productType !=
      +                           0x01)
  4777   002804  5015               	movf	_productType^0,w,c
  4778   002806  1016               	iorwf	(_productType+1)^0,w,c
  4779   002808  B4D8               	btfsc	status,2,c
  4780   00280A  EF09  F014         	goto	u7731
  4781   00280E  EF0B  F014         	goto	u7730
  4782   002812                     u7731:
  4783   002812  EF15  F014         	goto	l9578
  4784   002816                     u7730:
  4785   002816                     
  4786                           ; BSR set to: 0
  4787   002816  0415               	decf	_productType^0,w,c
  4788   002818  1016               	iorwf	(_productType+1)^0,w,c
  4789   00281A  B4D8               	btfsc	status,2,c
  4790   00281C  EF12  F014         	goto	u7741
  4791   002820  EF14  F014         	goto	u7740
  4792   002824                     u7741:
  4793   002824  EF15  F014         	goto	l9578
  4794   002828                     u7740:
  4795   002828                     
  4796                           ; BSR set to: 0
  4797                           ;main.c: 1214:                                 INTCONbits.GIE = 0;
  4798   002828  9EF2               	bcf	242,7,c	;volatile
  4799   00282A                     l9578:
  4800                           
  4801                           ; BSR set to: 0
  4802                           ;main.c: 1215:                                 write_i2c(0x0090, productType);
  4803   00282A  0E90               	movlw	144
  4804   00282C  6E48               	movwf	write_i2c@address^0,c
  4805   00282E  0E00               	movlw	0
  4806   002830  6E49               	movwf	(write_i2c@address+1)^0,c
  4807   002832  0E00               	movlw	0
  4808   002834  6E4A               	movwf	(write_i2c@address+2)^0,c
  4809   002836  0E00               	movlw	0
  4810   002838  6E4B               	movwf	(write_i2c@address+3)^0,c
  4811   00283A  C015  F04C         	movff	_productType,write_i2c@data
  4812   00283E  C016  F04D         	movff	_productType+1,write_i2c@data+1
  4813   002842  EC1D  F023         	call	_write_i2c	;wreg free
  4814   002846                     
  4815                           ;main.c: 1216:                                 INTCONbits.GIE = 1;
  4816   002846  8EF2               	bsf	242,7,c	;volatile
  4817   002848  EFC6  F011         	goto	l9402
  4818   00284C                     l9586:
  4819   00284C  0100               	movlb	0	; () banked
  4820   00284E  5171               	movf	(_Serial_Buffer+1)& (0+255),w,b
  4821   002850  6FA9               	movwf	??_main& (0+255),b
  4822   002852  6BAA               	clrf	(??_main+1)& (0+255),b
  4823                           
  4824                           ; Switch on 2 bytes has been partitioned into a top level switch of size 1, and 1 sub-sw
      +                          itches
  4825                           ; Switch size 1, requested type "simple"
  4826                           ; Number of cases is 1, Range of values is 0 to 0
  4827                           ; switch strategies available:
  4828                           ; Name         Instructions Cycles
  4829                           ; simple_byte            4     3 (average)
  4830                           ;	Chosen strategy is simple_byte
  4831   002854  51AA               	movf	(??_main+1)& (0+255),w,b
  4832   002856  0A00               	xorlw	0	; case 0
  4833   002858  B4D8               	btfsc	status,2,c
  4834   00285A  EF31  F014         	goto	l10614
  4835   00285E  EF5C  F014         	goto	l9588
  4836   002862                     l10614:
  4837                           
  4838                           ; BSR set to: 0
  4839                           ; Switch size 1, requested type "simple"
  4840                           ; Number of cases is 10, Range of values is 35 to 116
  4841                           ; switch strategies available:
  4842                           ; Name         Instructions Cycles
  4843                           ; simple_byte           31    16 (average)
  4844                           ;	Chosen strategy is simple_byte
  4845   002862  51A9               	movf	??_main& (0+255),w,b
  4846   002864  0A23               	xorlw	35	; case 35
  4847   002866  B4D8               	btfsc	status,2,c
  4848   002868  EF5C  F011         	goto	l9374
  4849   00286C  0A67               	xorlw	103	; case 68
  4850   00286E  B4D8               	btfsc	status,2,c
  4851   002870  EF32  F00E         	goto	l9066
  4852   002874  0A02               	xorlw	2	; case 70
  4853   002876  B4D8               	btfsc	status,2,c
  4854   002878  EFD6  F00F         	goto	l9224
  4855   00287C  0A17               	xorlw	23	; case 81
  4856   00287E  B4D8               	btfsc	status,2,c
  4857   002880  EFCA  F011         	goto	l9404
  4858   002884  0A03               	xorlw	3	; case 82
  4859   002886  B4D8               	btfsc	status,2,c
  4860   002888  EF3B  F012         	goto	l9444
  4861   00288C  0A06               	xorlw	6	; case 84
  4862   00288E  B4D8               	btfsc	status,2,c
  4863   002890  EF22  F013         	goto	l9522
  4864   002894  0A01               	xorlw	1	; case 85
  4865   002896  B4D8               	btfsc	status,2,c
  4866   002898  EFF5  F013         	goto	l9566
  4867   00289C  0A30               	xorlw	48	; case 101
  4868   00289E  B4D8               	btfsc	status,2,c
  4869   0028A0  EFA2  F012         	goto	l9480
  4870   0028A4  0A03               	xorlw	3	; case 102
  4871   0028A6  B4D8               	btfsc	status,2,c
  4872   0028A8  EF02  F013         	goto	l9506
  4873   0028AC  0A12               	xorlw	18	; case 116
  4874   0028AE  B4D8               	btfsc	status,2,c
  4875   0028B0  EFBC  F013         	goto	l9550
  4876   0028B4  EF5C  F014         	goto	l9588
  4877   0028B8                     l9588:
  4878                           
  4879                           ;main.c: 1222:                     Serial_Flag = 0;
  4880   0028B8  0E00               	movlw	0
  4881   0028BA  6E30               	movwf	_Serial_Flag^0,c
  4882                           
  4883                           ;main.c: 1223:                     Serial_GData = 0;
  4884   0028BC  0E00               	movlw	0
  4885   0028BE  6E2F               	movwf	_Serial_GData^0,c
  4886                           
  4887                           ;main.c: 1224:                     OpMode = MANUAL_MODE;
  4888   0028C0  0E00               	movlw	0
  4889   0028C2  6E2B               	movwf	_OpMode^0,c	;volatile
  4890                           
  4891                           ;main.c: 1225:                 } else {
  4892   0028C4  EF66  F014         	goto	l9592
  4893   0028C8                     l9590:
  4894                           
  4895                           ;main.c: 1226:                     OpMode = MANUAL_MODE;
  4896   0028C8  0E00               	movlw	0
  4897   0028CA  6E2B               	movwf	_OpMode^0,c	;volatile
  4898   0028CC                     l9592:
  4899                           
  4900                           ;main.c: 1233:                 if (Serial_Flag == 1) {
  4901   0028CC  0430               	decf	_Serial_Flag^0,w,c
  4902   0028CE  A4D8               	btfss	status,2,c
  4903   0028D0  EF6C  F014         	goto	u7751
  4904   0028D4  EF6E  F014         	goto	u7750
  4905   0028D8                     u7751:
  4906   0028D8  EF63  F019         	goto	l9988
  4907   0028DC                     u7750:
  4908   0028DC  EF25  F019         	goto	l9984
  4909   0028E0                     l9596:
  4910                           
  4911                           ; BSR set to: 0
  4912                           ;main.c: 1238:                             if (Serial_Buffer[2] == 0xF1 && Busy == 0)
  4913   0028E0  0EF1               	movlw	241
  4914   0028E2  1972               	xorwf	(_Serial_Buffer+2)& (0+255),w,b
  4915   0028E4  A4D8               	btfss	status,2,c
  4916   0028E6  EF77  F014         	goto	u7761
  4917   0028EA  EF79  F014         	goto	u7760
  4918   0028EE                     u7761:
  4919   0028EE  EF95  F014         	goto	l9606
  4920   0028F2                     u7760:
  4921   0028F2                     
  4922                           ; BSR set to: 0
  4923   0028F2  502D               	movf	_Busy^0,w,c
  4924   0028F4  A4D8               	btfss	status,2,c
  4925   0028F6  EF7F  F014         	goto	u7771
  4926   0028FA  EF81  F014         	goto	u7770
  4927   0028FE                     u7771:
  4928   0028FE  EF95  F014         	goto	l9606
  4929   002902                     u7770:
  4930   002902                     
  4931                           ; BSR set to: 0
  4932                           ;main.c: 1239:                             {;main.c: 1240:                              
      +                             Stop = 0;
  4933   002902  0E00               	movlw	0
  4934   002904  6E2E               	movwf	_Stop^0,c
  4935                           
  4936                           ;main.c: 1241:                                 Busy = 1;
  4937   002906  0E01               	movlw	1
  4938   002908  6E2D               	movwf	_Busy^0,c
  4939   00290A                     
  4940                           ; BSR set to: 0
  4941                           ;main.c: 1242:                                 NUM = NUM_REC;
  4942   00290A  C01B  F01F         	movff	_NUM_REC,_NUM
  4943   00290E  C01C  F020         	movff	_NUM_REC+1,_NUM+1
  4944                           
  4945                           ;main.c: 1244:                                 errorcounter = 30;
  4946   002912  0E1E               	movlw	30
  4947   002914  6E4E               	movwf	_errorcounter^0,c	;volatile
  4948   002916  0E00               	movlw	0
  4949   002918  6E4F               	movwf	(_errorcounter+1)^0,c	;volatile
  4950   00291A  0E00               	movlw	0
  4951   00291C  6E50               	movwf	(_errorcounter+2)^0,c	;volatile
  4952   00291E  0E00               	movlw	0
  4953   002920  6E51               	movwf	(_errorcounter+3)^0,c	;volatile
  4954   002922                     
  4955                           ; BSR set to: 0
  4956                           ;main.c: 1245:                                 Homing_Again_Auto();
  4957   002922  EC93  F01B         	call	_Homing_Again_Auto	;wreg free
  4958                           
  4959                           ;main.c: 1247:                             } else if (Serial_Buffer[2] == 0xF2 && Busy =
      +                          = 0)
  4960   002926  EFCD  F014         	goto	l9620
  4961   00292A                     l9606:
  4962                           
  4963                           ; BSR set to: 0
  4964   00292A  0EF2               	movlw	242
  4965   00292C  1972               	xorwf	(_Serial_Buffer+2)& (0+255),w,b
  4966   00292E  A4D8               	btfss	status,2,c
  4967   002930  EF9C  F014         	goto	u7781
  4968   002934  EF9E  F014         	goto	u7780
  4969   002938                     u7781:
  4970   002938  EFB8  F014         	goto	l9614
  4971   00293C                     u7780:
  4972   00293C                     
  4973                           ; BSR set to: 0
  4974   00293C  502D               	movf	_Busy^0,w,c
  4975   00293E  A4D8               	btfss	status,2,c
  4976   002940  EFA4  F014         	goto	u7791
  4977   002944  EFA6  F014         	goto	u7790
  4978   002948                     u7791:
  4979   002948  EFB8  F014         	goto	l9614
  4980   00294C                     u7790:
  4981   00294C                     
  4982                           ; BSR set to: 0
  4983                           ;main.c: 1248:                             {;main.c: 1249:                              
      +                             dispense = 1;
  4984   00294C  0E00               	movlw	0
  4985   00294E  6E12               	movwf	(_dispense+1)^0,c
  4986   002950  0E01               	movlw	1
  4987   002952  6E11               	movwf	_dispense^0,c
  4988                           
  4989                           ;main.c: 1250:                                 Busy = 1;
  4990   002954  0E01               	movlw	1
  4991   002956  6E2D               	movwf	_Busy^0,c
  4992                           
  4993                           ;main.c: 1251:                                 errorcounter = 30;
  4994   002958  0E1E               	movlw	30
  4995   00295A  6E4E               	movwf	_errorcounter^0,c	;volatile
  4996   00295C  0E00               	movlw	0
  4997   00295E  6E4F               	movwf	(_errorcounter+1)^0,c	;volatile
  4998   002960  0E00               	movlw	0
  4999   002962  6E50               	movwf	(_errorcounter+2)^0,c	;volatile
  5000   002964  0E00               	movlw	0
  5001   002966  6E51               	movwf	(_errorcounter+3)^0,c	;volatile
  5002   002968                     
  5003                           ; BSR set to: 0
  5004                           ;main.c: 1252:                                 Homing_Again_Manual();
  5005   002968  EC83  F019         	call	_Homing_Again_Manual	;wreg free
  5006                           
  5007                           ;main.c: 1276:                             } else if (Serial_Buffer[2] == 0xF5 && Busy =
      +                          = 0)
  5008   00296C  EFCD  F014         	goto	l9620
  5009   002970                     l9614:
  5010                           
  5011                           ; BSR set to: 0
  5012   002970  0EF5               	movlw	245
  5013   002972  1972               	xorwf	(_Serial_Buffer+2)& (0+255),w,b
  5014   002974  A4D8               	btfss	status,2,c
  5015   002976  EFBF  F014         	goto	u7801
  5016   00297A  EFC1  F014         	goto	u7800
  5017   00297E                     u7801:
  5018   00297E  EFCD  F014         	goto	l9620
  5019   002982                     u7800:
  5020   002982                     
  5021                           ; BSR set to: 0
  5022   002982  502D               	movf	_Busy^0,w,c
  5023   002984  A4D8               	btfss	status,2,c
  5024   002986  EFC7  F014         	goto	u7811
  5025   00298A  EFC9  F014         	goto	u7810
  5026   00298E                     u7811:
  5027   00298E  EFCD  F014         	goto	l9620
  5028   002992                     u7810:
  5029   002992                     
  5030                           ; BSR set to: 0
  5031                           ;main.c: 1277:                             {;main.c: 1278:                              
      +                             dispense = 0;
  5032   002992  0E00               	movlw	0
  5033   002994  6E12               	movwf	(_dispense+1)^0,c
  5034   002996  0E00               	movlw	0
  5035   002998  6E11               	movwf	_dispense^0,c
  5036   00299A                     l9620:
  5037                           
  5038                           ;main.c: 1280:                             flush();
  5039   00299A  EC81  F023         	call	_flush	;wreg free
  5040   00299E                     
  5041                           ;main.c: 1281:                             flushOut();
  5042   00299E  EC9E  F023         	call	_flushOut	;wreg free
  5043                           
  5044                           ;main.c: 1282:                             Stop = 0;
  5045   0029A2  0E00               	movlw	0
  5046   0029A4  6E2E               	movwf	_Stop^0,c
  5047                           
  5048                           ;main.c: 1283:                             Busy = 0;
  5049   0029A6  0E00               	movlw	0
  5050   0029A8  6E2D               	movwf	_Busy^0,c
  5051                           
  5052                           ;main.c: 1284:                             break;
  5053   0029AA  EF5B  F019         	goto	l9986
  5054   0029AE                     l9624:
  5055                           
  5056                           ; BSR set to: 0
  5057                           ;main.c: 1287:                           if (Serial_Buffer[2] != 0x00 && Busy == 0)
  5058   0029AE  5172               	movf	(_Serial_Buffer+2)& (0+255),w,b
  5059   0029B0  B4D8               	btfsc	status,2,c
  5060   0029B2  EFDD  F014         	goto	u7821
  5061   0029B6  EFDF  F014         	goto	u7820
  5062   0029BA                     u7821:
  5063   0029BA  EF36  F016         	goto	l9762
  5064   0029BE                     u7820:
  5065   0029BE                     
  5066                           ; BSR set to: 0
  5067   0029BE  502D               	movf	_Busy^0,w,c
  5068   0029C0  A4D8               	btfss	status,2,c
  5069   0029C2  EFE5  F014         	goto	u7831
  5070   0029C6  EFE7  F014         	goto	u7830
  5071   0029CA                     u7831:
  5072   0029CA  EF36  F016         	goto	l9762
  5073   0029CE                     u7830:
  5074   0029CE                     
  5075                           ; BSR set to: 0
  5076                           ;main.c: 1288:                             {;main.c: 1290:                              
      +                           dispense = 1;
  5077   0029CE  0E00               	movlw	0
  5078   0029D0  6E12               	movwf	(_dispense+1)^0,c
  5079   0029D2  0E01               	movlw	1
  5080   0029D4  6E11               	movwf	_dispense^0,c
  5081                           
  5082                           ;main.c: 1291:                               Busy = 1;
  5083   0029D6  0E01               	movlw	1
  5084   0029D8  6E2D               	movwf	_Busy^0,c
  5085   0029DA                     
  5086                           ; BSR set to: 0
  5087                           ;main.c: 1292:                               NUM = (unsigned int)Serial_Buffer[2];
  5088   0029DA  C072  F01F         	movff	_Serial_Buffer+2,_NUM
  5089   0029DE  6A20               	clrf	(_NUM+1)^0,c
  5090   0029E0                     
  5091                           ; BSR set to: 0
  5092                           ;main.c: 1293:                               WriteSTLED316SData(NUM, vibration_mode);
  5093   0029E0  C01F  F042         	movff	_NUM,WriteSTLED316SData@number
  5094   0029E4  C020  F043         	movff	_NUM+1,WriteSTLED316SData@number+1
  5095   0029E8  C02C  F044         	movff	_vibration_mode,WriteSTLED316SData@v_mode
  5096   0029EC  EC57  F021         	call	_WriteSTLED316SData	;wreg free
  5097   0029F0                     
  5098                           ;main.c: 1295:                               errorcounter = 30;
  5099   0029F0  0E1E               	movlw	30
  5100   0029F2  6E4E               	movwf	_errorcounter^0,c	;volatile
  5101   0029F4  0E00               	movlw	0
  5102   0029F6  6E4F               	movwf	(_errorcounter+1)^0,c	;volatile
  5103   0029F8  0E00               	movlw	0
  5104   0029FA  6E50               	movwf	(_errorcounter+2)^0,c	;volatile
  5105   0029FC  0E00               	movlw	0
  5106   0029FE  6E51               	movwf	(_errorcounter+3)^0,c	;volatile
  5107   002A00                     
  5108                           ;main.c: 1299:                               if (vibration_mode == 1) {
  5109   002A00  042C               	decf	_vibration_mode^0,w,c
  5110   002A02  A4D8               	btfss	status,2,c
  5111   002A04  EF06  F015         	goto	u7841
  5112   002A08  EF08  F015         	goto	u7840
  5113   002A0C                     u7841:
  5114   002A0C  EF1F  F015         	goto	l422
  5115   002A10                     u7840:
  5116   002A10                     
  5117                           ;main.c: 1300:                                 LATCbits.LATC1 = 1;
  5118   002A10  828B               	bsf	139,1,c	;volatile
  5119   002A12                     
  5120                           ;main.c: 1301:                                 delay2_1ms(Vmotor_Time);
  5121   002A12  C054  F03A         	movff	_Vmotor_Time,delay2_1ms@time
  5122   002A16  C055  F03B         	movff	_Vmotor_Time+1,delay2_1ms@time+1
  5123   002A1A  EC09  F024         	call	_delay2_1ms	;wreg free
  5124   002A1E                     
  5125                           ;main.c: 1302:                                 LATCbits.LATC1 = 0;
  5126   002A1E  928B               	bcf	139,1,c	;volatile
  5127   002A20                     l9644:
  5128                           
  5129                           ;main.c: 1303:                                 _delay((unsigned long)((300)*(8000000/400
      +                          0.0)));
  5130   002A20  0E04               	movlw	4
  5131   002A22  0100               	movlb	0	; () banked
  5132   002A24  6FAA               	movwf	(??_main+1)& (0+255),b
  5133   002A26  0E0C               	movlw	12
  5134   002A28  6FA9               	movwf	??_main& (0+255),b
  5135   002A2A  0E33               	movlw	51
  5136   002A2C                     u8497:
  5137   002A2C  2EE8               	decfsz	wreg,f,c
  5138   002A2E  D7FE               	bra	u8497
  5139   002A30  2FA9               	decfsz	??_main& (0+255),f,b
  5140   002A32  D7FC               	bra	u8497
  5141   002A34  2FAA               	decfsz	(??_main+1)& (0+255),f,b
  5142   002A36  D7FA               	bra	u8497
  5143   002A38  D000               	nop2	
  5144                           
  5145                           ;main.c: 1304:                               }
  5146   002A3A  EF22  F015         	goto	l9648
  5147   002A3E                     l422:
  5148                           
  5149                           ;main.c: 1306:                                 LATCbits.LATC1 = 0;
  5150   002A3E  928B               	bcf	139,1,c	;volatile
  5151   002A40  EF10  F015         	goto	l9644
  5152   002A44                     l9648:
  5153                           
  5154                           ;main.c: 1310:                               LATAbits.LATA2 = 1;
  5155   002A44  8489               	bsf	137,2,c	;volatile
  5156   002A46                     
  5157                           ;main.c: 1311:                               MotorON();
  5158   002A46  ECC0  F024         	call	_MotorON	;wreg free
  5159   002A4A                     
  5160                           ;main.c: 1312:                               _delay((unsigned long)((150)*(8000000/4000.
      +                          0)));
  5161   002A4A  0E02               	movlw	2
  5162   002A4C  0100               	movlb	0	; () banked
  5163   002A4E  6FAA               	movwf	(??_main+1)& (0+255),b
  5164   002A50  0E86               	movlw	134
  5165   002A52  6FA9               	movwf	??_main& (0+255),b
  5166   002A54  0E99               	movlw	153
  5167   002A56                     u8507:
  5168   002A56  2EE8               	decfsz	wreg,f,c
  5169   002A58  D7FE               	bra	u8507
  5170   002A5A  2FA9               	decfsz	??_main& (0+255),f,b
  5171   002A5C  D7FC               	bra	u8507
  5172   002A5E  2FAA               	decfsz	(??_main+1)& (0+255),f,b
  5173   002A60  D7FA               	bra	u8507
  5174   002A62                     
  5175                           ;main.c: 1313:                               errorcounter = 30;
  5176   002A62  0E1E               	movlw	30
  5177   002A64  6E4E               	movwf	_errorcounter^0,c	;volatile
  5178   002A66  0E00               	movlw	0
  5179   002A68  6E4F               	movwf	(_errorcounter+1)^0,c	;volatile
  5180   002A6A  0E00               	movlw	0
  5181   002A6C  6E50               	movwf	(_errorcounter+2)^0,c	;volatile
  5182   002A6E  0E00               	movlw	0
  5183   002A70  6E51               	movwf	(_errorcounter+3)^0,c	;volatile
  5184   002A72                     l9656:
  5185                           
  5186                           ;main.c: 1315:                                 IR_SENSORF = Read_IR();
  5187   002A72  ECCF  F022         	call	_Read_IR	;wreg free
  5188   002A76  C03A  F017         	movff	?_Read_IR,_IR_SENSORF
  5189   002A7A  C03B  F018         	movff	?_Read_IR+1,_IR_SENSORF+1
  5190                           
  5191                           ;main.c: 1316:                                 if (errorcounter == 0) {
  5192   002A7E  504E               	movf	_errorcounter^0,w,c	;volatile
  5193   002A80  104F               	iorwf	(_errorcounter+1)^0,w,c	;volatile
  5194   002A82  1050               	iorwf	(_errorcounter+2)^0,w,c	;volatile
  5195   002A84  1051               	iorwf	(_errorcounter+3)^0,w,c	;volatile
  5196   002A86  A4D8               	btfss	status,2,c
  5197   002A88  EF48  F015         	goto	u7851
  5198   002A8C  EF4A  F015         	goto	u7850
  5199   002A90                     u7851:
  5200   002A90  EF77  F015         	goto	l9684
  5201   002A94                     u7850:
  5202   002A94                     
  5203                           ;main.c: 1317:                                   MotorBREAK();
  5204   002A94  ECC5  F024         	call	_MotorBREAK	;wreg free
  5205   002A98                     
  5206                           ;main.c: 1318:                                   Serial_Buffer_Out[0] = 0xA5;
  5207   002A98  0EA5               	movlw	165
  5208   002A9A  6E01               	movwf	_Serial_Buffer_Out^0,c
  5209   002A9C                     
  5210                           ;main.c: 1319:                                   Serial_Buffer_Out[1] = 0xE1;
  5211   002A9C  0EE1               	movlw	225
  5212   002A9E  6E02               	movwf	(_Serial_Buffer_Out+1)^0,c
  5213   002AA0                     
  5214                           ;main.c: 1320:                                   Serial_Buffer_Out[2] = 0x00;
  5215   002AA0  0E00               	movlw	0
  5216   002AA2  6E03               	movwf	(_Serial_Buffer_Out+2)^0,c
  5217   002AA4                     
  5218                           ;main.c: 1321:                                   Serial_Buffer_Out[3] = Serial_Buffer_Ou
      +                          t[1] + Serial_Buffer_Out[2];
  5219   002AA4  5002               	movf	(_Serial_Buffer_Out+1)^0,w,c
  5220   002AA6  2403               	addwf	(_Serial_Buffer_Out+2)^0,w,c
  5221   002AA8  6E04               	movwf	(_Serial_Buffer_Out+3)^0,c
  5222   002AAA                     
  5223                           ;main.c: 1322:                                   Serial_Buffer_Out[4] = 0x5A;
  5224   002AAA  0E5A               	movlw	90
  5225   002AAC  6E05               	movwf	(_Serial_Buffer_Out+4)^0,c
  5226   002AAE                     
  5227                           ;main.c: 1324:                                   INTCONbits.GIE = 0;
  5228   002AAE  9EF2               	bcf	242,7,c	;volatile
  5229   002AB0                     
  5230                           ;main.c: 1325:                                   for (i = 0; i < 5; i++) {
  5231   002AB0  0E00               	movlw	0
  5232   002AB2  6E1A               	movwf	(_i+1)^0,c
  5233   002AB4  0E00               	movlw	0
  5234   002AB6  6E19               	movwf	_i^0,c
  5235   002AB8                     l9674:
  5236   002AB8  501A               	movf	(_i+1)^0,w,c
  5237   002ABA  E109               	bnz	u7860
  5238   002ABC  0E05               	movlw	5
  5239   002ABE  5C19               	subwf	_i^0,w,c
  5240   002AC0  A0D8               	btfss	status,0,c
  5241   002AC2  EF65  F015         	goto	u7861
  5242   002AC6  EF67  F015         	goto	u7860
  5243   002ACA                     u7861:
  5244   002ACA  EF69  F015         	goto	l9678
  5245   002ACE                     u7860:
  5246   002ACE  EF76  F015         	goto	l427
  5247   002AD2                     l9678:
  5248                           
  5249                           ;main.c: 1326:                                     Write2USART(Serial_Buffer_Out[i]);
  5250   002AD2  0E01               	movlw	low _Serial_Buffer_Out
  5251   002AD4  2419               	addwf	_i^0,w,c
  5252   002AD6  6ED9               	movwf	fsr2l,c
  5253   002AD8  0E00               	movlw	high _Serial_Buffer_Out
  5254   002ADA  201A               	addwfc	(_i+1)^0,w,c
  5255   002ADC  6EDA               	movwf	fsr2h,c
  5256   002ADE  50DF               	movf	indf2,w,c
  5257   002AE0  EC72  F024         	call	_Write2USART
  5258   002AE4                     
  5259                           ;main.c: 1327:                                   }
  5260   002AE4  4A19               	infsnz	_i^0,f,c
  5261   002AE6  2A1A               	incf	(_i+1)^0,f,c
  5262   002AE8  EF5C  F015         	goto	l9674
  5263   002AEC                     l427:
  5264                           
  5265                           ;main.c: 1328:                                   INTCONbits.GIE = 1;
  5266   002AEC  8EF2               	bsf	242,7,c	;volatile
  5267   002AEE                     l9684:
  5268                           
  5269                           ;main.c: 1330:                               } while (IR_SENSORF != 0);
  5270   002AEE  5017               	movf	_IR_SENSORF^0,w,c
  5271   002AF0  1018               	iorwf	(_IR_SENSORF+1)^0,w,c
  5272   002AF2  A4D8               	btfss	status,2,c
  5273   002AF4  EF7E  F015         	goto	u7871
  5274   002AF8  EF80  F015         	goto	u7870
  5275   002AFC                     u7871:
  5276   002AFC  EF39  F015         	goto	l9656
  5277   002B00                     u7870:
  5278   002B00                     
  5279                           ;main.c: 1331:                               _delay((unsigned long)((30)*(8000000/4000.0
      +                          )));
  5280   002B00  0E4E               	movlw	78
  5281   002B02  0100               	movlb	0	; () banked
  5282   002B04  6FA9               	movwf	??_main& (0+255),b
  5283   002B06  0EEB               	movlw	235
  5284   002B08                     u8517:
  5285   002B08  2EE8               	decfsz	wreg,f,c
  5286   002B0A  D7FE               	bra	u8517
  5287   002B0C  2FA9               	decfsz	??_main& (0+255),f,b
  5288   002B0E  D7FC               	bra	u8517
  5289   002B10                     
  5290                           ;main.c: 1332:                               errorcounter = 30;
  5291   002B10  0E1E               	movlw	30
  5292   002B12  6E4E               	movwf	_errorcounter^0,c	;volatile
  5293   002B14  0E00               	movlw	0
  5294   002B16  6E4F               	movwf	(_errorcounter+1)^0,c	;volatile
  5295   002B18  0E00               	movlw	0
  5296   002B1A  6E50               	movwf	(_errorcounter+2)^0,c	;volatile
  5297   002B1C  0E00               	movlw	0
  5298   002B1E  6E51               	movwf	(_errorcounter+3)^0,c	;volatile
  5299   002B20                     l9690:
  5300                           
  5301                           ;main.c: 1335:                                 IR_SENSORF = Read_IR();
  5302   002B20  ECCF  F022         	call	_Read_IR	;wreg free
  5303   002B24  C03A  F017         	movff	?_Read_IR,_IR_SENSORF
  5304   002B28  C03B  F018         	movff	?_Read_IR+1,_IR_SENSORF+1
  5305   002B2C                     
  5306                           ;main.c: 1336:                                 if (errorcounter == 0) {
  5307   002B2C  504E               	movf	_errorcounter^0,w,c	;volatile
  5308   002B2E  104F               	iorwf	(_errorcounter+1)^0,w,c	;volatile
  5309   002B30  1050               	iorwf	(_errorcounter+2)^0,w,c	;volatile
  5310   002B32  1051               	iorwf	(_errorcounter+3)^0,w,c	;volatile
  5311   002B34  A4D8               	btfss	status,2,c
  5312   002B36  EF9F  F015         	goto	u7881
  5313   002B3A  EFA1  F015         	goto	u7880
  5314   002B3E                     u7881:
  5315   002B3E  EFCE  F015         	goto	l9720
  5316   002B42                     u7880:
  5317   002B42                     
  5318                           ;main.c: 1337:                                   MotorBREAK();
  5319   002B42  ECC5  F024         	call	_MotorBREAK	;wreg free
  5320   002B46                     
  5321                           ;main.c: 1338:                                   Serial_Buffer_Out[0] = 0xA5;
  5322   002B46  0EA5               	movlw	165
  5323   002B48  6E01               	movwf	_Serial_Buffer_Out^0,c
  5324   002B4A                     
  5325                           ;main.c: 1339:                                   Serial_Buffer_Out[1] = 0xE2;
  5326   002B4A  0EE2               	movlw	226
  5327   002B4C  6E02               	movwf	(_Serial_Buffer_Out+1)^0,c
  5328   002B4E                     
  5329                           ;main.c: 1340:                                   Serial_Buffer_Out[2] = 0x00;
  5330   002B4E  0E00               	movlw	0
  5331   002B50  6E03               	movwf	(_Serial_Buffer_Out+2)^0,c
  5332   002B52                     
  5333                           ;main.c: 1341:                                   Serial_Buffer_Out[3] = Serial_Buffer_Ou
      +                          t[1] + Serial_Buffer_Out[2];
  5334   002B52  5002               	movf	(_Serial_Buffer_Out+1)^0,w,c
  5335   002B54  2403               	addwf	(_Serial_Buffer_Out+2)^0,w,c
  5336   002B56  6E04               	movwf	(_Serial_Buffer_Out+3)^0,c
  5337   002B58                     
  5338                           ;main.c: 1342:                                   Serial_Buffer_Out[4] = 0x5A;
  5339   002B58  0E5A               	movlw	90
  5340   002B5A  6E05               	movwf	(_Serial_Buffer_Out+4)^0,c
  5341   002B5C                     
  5342                           ;main.c: 1344:                                   INTCONbits.GIE = 0;
  5343   002B5C  9EF2               	bcf	242,7,c	;volatile
  5344   002B5E                     
  5345                           ;main.c: 1345:                                   for (i = 0; i < 5; i++) {
  5346   002B5E  0E00               	movlw	0
  5347   002B60  6E1A               	movwf	(_i+1)^0,c
  5348   002B62  0E00               	movlw	0
  5349   002B64  6E19               	movwf	_i^0,c
  5350   002B66                     l9710:
  5351   002B66  501A               	movf	(_i+1)^0,w,c
  5352   002B68  E109               	bnz	u7890
  5353   002B6A  0E05               	movlw	5
  5354   002B6C  5C19               	subwf	_i^0,w,c
  5355   002B6E  A0D8               	btfss	status,0,c
  5356   002B70  EFBC  F015         	goto	u7891
  5357   002B74  EFBE  F015         	goto	u7890
  5358   002B78                     u7891:
  5359   002B78  EFC0  F015         	goto	l9714
  5360   002B7C                     u7890:
  5361   002B7C  EFCD  F015         	goto	l432
  5362   002B80                     l9714:
  5363                           
  5364                           ;main.c: 1346:                                     Write2USART(Serial_Buffer_Out[i]);
  5365   002B80  0E01               	movlw	low _Serial_Buffer_Out
  5366   002B82  2419               	addwf	_i^0,w,c
  5367   002B84  6ED9               	movwf	fsr2l,c
  5368   002B86  0E00               	movlw	high _Serial_Buffer_Out
  5369   002B88  201A               	addwfc	(_i+1)^0,w,c
  5370   002B8A  6EDA               	movwf	fsr2h,c
  5371   002B8C  50DF               	movf	indf2,w,c
  5372   002B8E  EC72  F024         	call	_Write2USART
  5373   002B92                     
  5374                           ;main.c: 1347:                                   }
  5375   002B92  4A19               	infsnz	_i^0,f,c
  5376   002B94  2A1A               	incf	(_i+1)^0,f,c
  5377   002B96  EFB3  F015         	goto	l9710
  5378   002B9A                     l432:
  5379                           
  5380                           ;main.c: 1348:                                   INTCONbits.GIE = 1;
  5381   002B9A  8EF2               	bsf	242,7,c	;volatile
  5382   002B9C                     l9720:
  5383                           
  5384                           ;main.c: 1350:                               } while (IR_SENSORF != 1);
  5385   002B9C  0417               	decf	_IR_SENSORF^0,w,c
  5386   002B9E  1018               	iorwf	(_IR_SENSORF+1)^0,w,c
  5387   002BA0  A4D8               	btfss	status,2,c
  5388   002BA2  EFD5  F015         	goto	u7901
  5389   002BA6  EFD7  F015         	goto	u7900
  5390   002BAA                     u7901:
  5391   002BAA  EF90  F015         	goto	l9690
  5392   002BAE                     u7900:
  5393   002BAE                     
  5394                           ;main.c: 1351:                               errorcounter = 30;
  5395   002BAE  0E1E               	movlw	30
  5396   002BB0  6E4E               	movwf	_errorcounter^0,c	;volatile
  5397   002BB2  0E00               	movlw	0
  5398   002BB4  6E4F               	movwf	(_errorcounter+1)^0,c	;volatile
  5399   002BB6  0E00               	movlw	0
  5400   002BB8  6E50               	movwf	(_errorcounter+2)^0,c	;volatile
  5401   002BBA  0E00               	movlw	0
  5402   002BBC  6E51               	movwf	(_errorcounter+3)^0,c	;volatile
  5403   002BBE                     
  5404                           ;main.c: 1352:                               delay2_1ms(Motor_Stop_Delay_Time);
  5405   002BBE  C021  F03A         	movff	_Motor_Stop_Delay_Time,delay2_1ms@time
  5406   002BC2  C022  F03B         	movff	_Motor_Stop_Delay_Time+1,delay2_1ms@time+1
  5407   002BC6  EC09  F024         	call	_delay2_1ms	;wreg free
  5408   002BCA                     
  5409                           ;main.c: 1354:                               MotorBREAK();
  5410   002BCA  ECC5  F024         	call	_MotorBREAK	;wreg free
  5411                           
  5412                           ;main.c: 1356:                               if (vibration_mode == 1) {
  5413   002BCE  042C               	decf	_vibration_mode^0,w,c
  5414   002BD0  A4D8               	btfss	status,2,c
  5415   002BD2  EFED  F015         	goto	u7911
  5416   002BD6  EFEF  F015         	goto	u7910
  5417   002BDA                     u7911:
  5418   002BDA  EF06  F016         	goto	l434
  5419   002BDE                     u7910:
  5420   002BDE                     
  5421                           ;main.c: 1357:                                 LATCbits.LATC1 = 1;
  5422   002BDE  828B               	bsf	139,1,c	;volatile
  5423   002BE0                     
  5424                           ;main.c: 1358:                                 delay2_1ms(Vmotor_Time);
  5425   002BE0  C054  F03A         	movff	_Vmotor_Time,delay2_1ms@time
  5426   002BE4  C055  F03B         	movff	_Vmotor_Time+1,delay2_1ms@time+1
  5427   002BE8  EC09  F024         	call	_delay2_1ms	;wreg free
  5428   002BEC                     
  5429                           ;main.c: 1359:                                 LATCbits.LATC1 = 0;
  5430   002BEC  928B               	bcf	139,1,c	;volatile
  5431   002BEE                     l9734:
  5432                           
  5433                           ;main.c: 1360:                                 _delay((unsigned long)((300)*(8000000/400
      +                          0.0)));
  5434   002BEE  0E04               	movlw	4
  5435   002BF0  0100               	movlb	0	; () banked
  5436   002BF2  6FAA               	movwf	(??_main+1)& (0+255),b
  5437   002BF4  0E0C               	movlw	12
  5438   002BF6  6FA9               	movwf	??_main& (0+255),b
  5439   002BF8  0E33               	movlw	51
  5440   002BFA                     u8527:
  5441   002BFA  2EE8               	decfsz	wreg,f,c
  5442   002BFC  D7FE               	bra	u8527
  5443   002BFE  2FA9               	decfsz	??_main& (0+255),f,b
  5444   002C00  D7FC               	bra	u8527
  5445   002C02  2FAA               	decfsz	(??_main+1)& (0+255),f,b
  5446   002C04  D7FA               	bra	u8527
  5447   002C06  D000               	nop2	
  5448                           
  5449                           ;main.c: 1361:                               }
  5450   002C08  EF09  F016         	goto	l9738
  5451   002C0C                     l434:
  5452                           
  5453                           ;main.c: 1363:                                 LATCbits.LATC1 = 0;
  5454   002C0C  928B               	bcf	139,1,c	;volatile
  5455   002C0E  EFF7  F015         	goto	l9734
  5456   002C12                     l9738:
  5457                           
  5458                           ;main.c: 1366:                               Serial_Buffer_Out[0] = 0xA5;
  5459   002C12  0EA5               	movlw	165
  5460   002C14  6E01               	movwf	_Serial_Buffer_Out^0,c
  5461   002C16                     
  5462                           ;main.c: 1367:                               Serial_Buffer_Out[1] = 0xF9;
  5463   002C16  0EF9               	movlw	249
  5464   002C18  6E02               	movwf	(_Serial_Buffer_Out+1)^0,c
  5465   002C1A                     
  5466                           ;main.c: 1368:                               Serial_Buffer_Out[2] = 0x00;
  5467   002C1A  0E00               	movlw	0
  5468   002C1C  6E03               	movwf	(_Serial_Buffer_Out+2)^0,c
  5469   002C1E                     
  5470                           ;main.c: 1369:                               Serial_Buffer_Out[3] = Serial_Buffer_Out[1]
      +                           + Serial_Buffer_Out[2];
  5471   002C1E  5002               	movf	(_Serial_Buffer_Out+1)^0,w,c
  5472   002C20  2403               	addwf	(_Serial_Buffer_Out+2)^0,w,c
  5473   002C22  6E04               	movwf	(_Serial_Buffer_Out+3)^0,c
  5474   002C24                     
  5475                           ;main.c: 1370:                               Serial_Buffer_Out[4] = 0x5A;
  5476   002C24  0E5A               	movlw	90
  5477   002C26  6E05               	movwf	(_Serial_Buffer_Out+4)^0,c
  5478   002C28                     
  5479                           ;main.c: 1372:                               INTCONbits.GIE = 0;
  5480   002C28  9EF2               	bcf	242,7,c	;volatile
  5481   002C2A                     
  5482                           ;main.c: 1373:                               for (i = 0; i < 5; i++) {
  5483   002C2A  0E00               	movlw	0
  5484   002C2C  6E1A               	movwf	(_i+1)^0,c
  5485   002C2E  0E00               	movlw	0
  5486   002C30  6E19               	movwf	_i^0,c
  5487   002C32                     l9752:
  5488   002C32  501A               	movf	(_i+1)^0,w,c
  5489   002C34  E109               	bnz	u7920
  5490   002C36  0E05               	movlw	5
  5491   002C38  5C19               	subwf	_i^0,w,c
  5492   002C3A  A0D8               	btfss	status,0,c
  5493   002C3C  EF22  F016         	goto	u7921
  5494   002C40  EF24  F016         	goto	u7920
  5495   002C44                     u7921:
  5496   002C44  EF26  F016         	goto	l9756
  5497   002C48                     u7920:
  5498   002C48  EF33  F016         	goto	l437
  5499   002C4C                     l9756:
  5500                           
  5501                           ;main.c: 1374:                                 Write2USART(Serial_Buffer_Out[i]);
  5502   002C4C  0E01               	movlw	low _Serial_Buffer_Out
  5503   002C4E  2419               	addwf	_i^0,w,c
  5504   002C50  6ED9               	movwf	fsr2l,c
  5505   002C52  0E00               	movlw	high _Serial_Buffer_Out
  5506   002C54  201A               	addwfc	(_i+1)^0,w,c
  5507   002C56  6EDA               	movwf	fsr2h,c
  5508   002C58  50DF               	movf	indf2,w,c
  5509   002C5A  EC72  F024         	call	_Write2USART
  5510   002C5E                     
  5511                           ;main.c: 1375:                               }
  5512   002C5E  4A19               	infsnz	_i^0,f,c
  5513   002C60  2A1A               	incf	(_i+1)^0,f,c
  5514   002C62  EF19  F016         	goto	l9752
  5515   002C66                     l437:
  5516                           
  5517                           ;main.c: 1376:                               INTCONbits.GIE = 1;
  5518   002C66  8EF2               	bsf	242,7,c	;volatile
  5519                           
  5520                           ;main.c: 1408:                             } else if (Serial_Buffer[2] == 0xF5 && Busy =
      +                          = 0)
  5521   002C68  EF4B  F016         	goto	l9768
  5522   002C6C                     l9762:
  5523                           
  5524                           ; BSR set to: 0
  5525   002C6C  0EF5               	movlw	245
  5526   002C6E  1972               	xorwf	(_Serial_Buffer+2)& (0+255),w,b
  5527   002C70  A4D8               	btfss	status,2,c
  5528   002C72  EF3D  F016         	goto	u7931
  5529   002C76  EF3F  F016         	goto	u7930
  5530   002C7A                     u7931:
  5531   002C7A  EF4B  F016         	goto	l9768
  5532   002C7E                     u7930:
  5533   002C7E                     
  5534                           ; BSR set to: 0
  5535   002C7E  502D               	movf	_Busy^0,w,c
  5536   002C80  A4D8               	btfss	status,2,c
  5537   002C82  EF45  F016         	goto	u7941
  5538   002C86  EF47  F016         	goto	u7940
  5539   002C8A                     u7941:
  5540   002C8A  EF4B  F016         	goto	l9768
  5541   002C8E                     u7940:
  5542   002C8E                     
  5543                           ; BSR set to: 0
  5544                           ;main.c: 1409:                             {;main.c: 1410:                              
      +                             dispense = 0;
  5545   002C8E  0E00               	movlw	0
  5546   002C90  6E12               	movwf	(_dispense+1)^0,c
  5547   002C92  0E00               	movlw	0
  5548   002C94  6E11               	movwf	_dispense^0,c
  5549   002C96                     l9768:
  5550                           
  5551                           ;main.c: 1412:                             flush();
  5552   002C96  EC81  F023         	call	_flush	;wreg free
  5553   002C9A                     
  5554                           ;main.c: 1413:                             flushOut();
  5555   002C9A  EC9E  F023         	call	_flushOut	;wreg free
  5556                           
  5557                           ;main.c: 1414:                             dispense = 0;
  5558   002C9E  0E00               	movlw	0
  5559   002CA0  6E12               	movwf	(_dispense+1)^0,c
  5560   002CA2  0E00               	movlw	0
  5561   002CA4  6E11               	movwf	_dispense^0,c
  5562                           
  5563                           ;main.c: 1415:                             Stop = 0;
  5564   002CA6  0E00               	movlw	0
  5565   002CA8  6E2E               	movwf	_Stop^0,c
  5566                           
  5567                           ;main.c: 1416:                             Busy = 0;
  5568   002CAA  0E00               	movlw	0
  5569   002CAC  6E2D               	movwf	_Busy^0,c
  5570                           
  5571                           ;main.c: 1417:                             break;
  5572   002CAE  EF5B  F019         	goto	l9986
  5573   002CB2                     l9772:
  5574                           
  5575                           ; BSR set to: 0
  5576                           ;main.c: 1421:                             if (Busy == 0) {
  5577   002CB2  502D               	movf	_Busy^0,w,c
  5578   002CB4  A4D8               	btfss	status,2,c
  5579   002CB6  EF5F  F016         	goto	u7951
  5580   002CBA  EF61  F016         	goto	u7950
  5581   002CBE                     u7951:
  5582   002CBE  EF5B  F019         	goto	l9986
  5583   002CC2                     u7950:
  5584   002CC2                     
  5585                           ; BSR set to: 0
  5586                           ;main.c: 1422:                                 Busy = 1;
  5587   002CC2  0E01               	movlw	1
  5588   002CC4  6E2D               	movwf	_Busy^0,c
  5589   002CC6                     
  5590                           ; BSR set to: 0
  5591                           ;main.c: 1426:                                 pause_Time = Serial_Buffer[2];
  5592   002CC6  C072  F02A         	movff	_Serial_Buffer+2,_pause_Time	;volatile
  5593                           
  5594                           ;main.c: 1427:                                 switch (pause_Time) {
  5595   002CCA  EF8D  F016         	goto	l9792
  5596   002CCE                     l9778:
  5597                           
  5598                           ; BSR set to: 0
  5599                           ;main.c: 1430:                                         Motor_Pause_Time = 0;
  5600   002CCE  0E00               	movlw	0
  5601   002CD0  6F96               	movwf	(_Motor_Pause_Time+1)& (0+255),b
  5602   002CD2  0E00               	movlw	0
  5603   002CD4  6F95               	movwf	_Motor_Pause_Time& (0+255),b
  5604                           
  5605                           ;main.c: 1431:                                         pause_Time = 0x30;
  5606   002CD6  0E30               	movlw	48
  5607   002CD8  6E2A               	movwf	_pause_Time^0,c	;volatile
  5608                           
  5609                           ;main.c: 1432:                                         break;
  5610   002CDA  EFB2  F016         	goto	l445
  5611   002CDE                     l9780:
  5612                           
  5613                           ; BSR set to: 0
  5614                           ;main.c: 1435:                                         Motor_Pause_Time = 1000;
  5615   002CDE  0E03               	movlw	3
  5616   002CE0  6F96               	movwf	(_Motor_Pause_Time+1)& (0+255),b
  5617   002CE2  0EE8               	movlw	232
  5618   002CE4  6F95               	movwf	_Motor_Pause_Time& (0+255),b
  5619                           
  5620                           ;main.c: 1436:                                         break;
  5621   002CE6  EFB2  F016         	goto	l445
  5622   002CEA                     l9782:
  5623                           
  5624                           ; BSR set to: 0
  5625                           ;main.c: 1439:                                         Motor_Pause_Time = 2000;
  5626   002CEA  0E07               	movlw	7
  5627   002CEC  6F96               	movwf	(_Motor_Pause_Time+1)& (0+255),b
  5628   002CEE  0ED0               	movlw	208
  5629   002CF0  6F95               	movwf	_Motor_Pause_Time& (0+255),b
  5630                           
  5631                           ;main.c: 1440:                                         break;
  5632   002CF2  EFB2  F016         	goto	l445
  5633   002CF6                     l9784:
  5634                           
  5635                           ; BSR set to: 0
  5636                           ;main.c: 1443:                                         Motor_Pause_Time = 3000;
  5637   002CF6  0E0B               	movlw	11
  5638   002CF8  6F96               	movwf	(_Motor_Pause_Time+1)& (0+255),b
  5639   002CFA  0EB8               	movlw	184
  5640   002CFC  6F95               	movwf	_Motor_Pause_Time& (0+255),b
  5641                           
  5642                           ;main.c: 1444:                                         break;
  5643   002CFE  EFB2  F016         	goto	l445
  5644   002D02                     l9786:
  5645                           
  5646                           ; BSR set to: 0
  5647                           ;main.c: 1447:                                         Motor_Pause_Time = 4000;
  5648   002D02  0E0F               	movlw	15
  5649   002D04  6F96               	movwf	(_Motor_Pause_Time+1)& (0+255),b
  5650   002D06  0EA0               	movlw	160
  5651   002D08  6F95               	movwf	_Motor_Pause_Time& (0+255),b
  5652                           
  5653                           ;main.c: 1448:                                         break;
  5654   002D0A  EFB2  F016         	goto	l445
  5655   002D0E                     l9788:
  5656                           
  5657                           ; BSR set to: 0
  5658                           ;main.c: 1451:                                         Motor_Pause_Time = 5000;
  5659   002D0E  0E13               	movlw	19
  5660   002D10  6F96               	movwf	(_Motor_Pause_Time+1)& (0+255),b
  5661   002D12  0E88               	movlw	136
  5662   002D14  6F95               	movwf	_Motor_Pause_Time& (0+255),b
  5663                           
  5664                           ;main.c: 1452:                                         break;
  5665   002D16  EFB2  F016         	goto	l445
  5666   002D1A                     l9792:
  5667                           
  5668                           ; BSR set to: 0
  5669   002D1A  502A               	movf	_pause_Time^0,w,c	;volatile
  5670   002D1C  6FA9               	movwf	??_main& (0+255),b
  5671   002D1E  6BAA               	clrf	(??_main+1)& (0+255),b
  5672                           
  5673                           ; Switch on 2 bytes has been partitioned into a top level switch of size 1, and 1 sub-sw
      +                          itches
  5674                           ; Switch size 1, requested type "simple"
  5675                           ; Number of cases is 1, Range of values is 0 to 0
  5676                           ; switch strategies available:
  5677                           ; Name         Instructions Cycles
  5678                           ; simple_byte            4     3 (average)
  5679                           ;	Chosen strategy is simple_byte
  5680   002D20  51AA               	movf	(??_main+1)& (0+255),w,b
  5681   002D22  0A00               	xorlw	0	; case 0
  5682   002D24  B4D8               	btfsc	status,2,c
  5683   002D26  EF97  F016         	goto	l10616
  5684   002D2A  EF67  F016         	goto	l9778
  5685   002D2E                     l10616:
  5686                           
  5687                           ; BSR set to: 0
  5688                           ; Switch size 1, requested type "simple"
  5689                           ; Number of cases is 6, Range of values is 48 to 53
  5690                           ; switch strategies available:
  5691                           ; Name         Instructions Cycles
  5692                           ; simple_byte           19    10 (average)
  5693                           ;	Chosen strategy is simple_byte
  5694   002D2E  51A9               	movf	??_main& (0+255),w,b
  5695   002D30  0A30               	xorlw	48	; case 48
  5696   002D32  B4D8               	btfsc	status,2,c
  5697   002D34  EF67  F016         	goto	l9778
  5698   002D38  0A01               	xorlw	1	; case 49
  5699   002D3A  B4D8               	btfsc	status,2,c
  5700   002D3C  EF6F  F016         	goto	l9780
  5701   002D40  0A03               	xorlw	3	; case 50
  5702   002D42  B4D8               	btfsc	status,2,c
  5703   002D44  EF75  F016         	goto	l9782
  5704   002D48  0A01               	xorlw	1	; case 51
  5705   002D4A  B4D8               	btfsc	status,2,c
  5706   002D4C  EF7B  F016         	goto	l9784
  5707   002D50  0A07               	xorlw	7	; case 52
  5708   002D52  B4D8               	btfsc	status,2,c
  5709   002D54  EF81  F016         	goto	l9786
  5710   002D58  0A01               	xorlw	1	; case 53
  5711   002D5A  B4D8               	btfsc	status,2,c
  5712   002D5C  EF87  F016         	goto	l9788
  5713   002D60  EF67  F016         	goto	l9778
  5714   002D64                     l445:
  5715                           
  5716                           ; BSR set to: 0
  5717                           ;main.c: 1457:                                 INTCONbits.GIE = 0;
  5718   002D64  9EF2               	bcf	242,7,c	;volatile
  5719   002D66                     
  5720                           ; BSR set to: 0
  5721                           ;main.c: 1458:                                 write_i2c(0x0060, pause_Time);
  5722   002D66  0E60               	movlw	96
  5723   002D68  6E48               	movwf	write_i2c@address^0,c
  5724   002D6A  0E00               	movlw	0
  5725   002D6C  6E49               	movwf	(write_i2c@address+1)^0,c
  5726   002D6E  0E00               	movlw	0
  5727   002D70  6E4A               	movwf	(write_i2c@address+2)^0,c
  5728   002D72  0E00               	movlw	0
  5729   002D74  6E4B               	movwf	(write_i2c@address+3)^0,c
  5730   002D76  C02A  F04C         	movff	_pause_Time,write_i2c@data	;volatile
  5731   002D7A  6A4D               	clrf	(write_i2c@data+1)^0,c
  5732   002D7C  EC1D  F023         	call	_write_i2c	;wreg free
  5733   002D80                     
  5734                           ;main.c: 1459:                                 INTCONbits.GIE = 1;
  5735   002D80  8EF2               	bsf	242,7,c	;volatile
  5736   002D82                     
  5737                           ;main.c: 1461:                                 flush();
  5738   002D82  EC81  F023         	call	_flush	;wreg free
  5739   002D86                     l9800:
  5740                           
  5741                           ;main.c: 1462:                                 Busy = 0;
  5742   002D86  0E00               	movlw	0
  5743   002D88  6E2D               	movwf	_Busy^0,c
  5744   002D8A  EF5B  F019         	goto	l9986
  5745   002D8E                     l9802:
  5746                           
  5747                           ; BSR set to: 0
  5748                           ;main.c: 1467:                             if (Busy == 0) {
  5749   002D8E  502D               	movf	_Busy^0,w,c
  5750   002D90  A4D8               	btfss	status,2,c
  5751   002D92  EFCD  F016         	goto	u7961
  5752   002D96  EFCF  F016         	goto	u7960
  5753   002D9A                     u7961:
  5754   002D9A  EF5B  F019         	goto	l9986
  5755   002D9E                     u7960:
  5756   002D9E                     
  5757                           ; BSR set to: 0
  5758                           ;main.c: 1468:                                 if (Serial_Buffer[2] == 0x00) {
  5759   002D9E  5172               	movf	(_Serial_Buffer+2)& (0+255),w,b
  5760   002DA0  A4D8               	btfss	status,2,c
  5761   002DA2  EFD5  F016         	goto	u7971
  5762   002DA6  EFD7  F016         	goto	u7970
  5763   002DAA                     u7971:
  5764   002DAA  EF34  F017         	goto	l9838
  5765   002DAE                     u7970:
  5766   002DAE                     
  5767                           ; BSR set to: 0
  5768                           ;main.c: 1469:                                     Busy = 1;
  5769   002DAE  0E01               	movlw	1
  5770   002DB0  6E2D               	movwf	_Busy^0,c
  5771   002DB2                     
  5772                           ; BSR set to: 0
  5773                           ;main.c: 1472:                                     pause_Time = read_i2c(0x0060);
  5774   002DB2  0E60               	movlw	96
  5775   002DB4  6E48               	movwf	read_i2c@address^0,c
  5776   002DB6  0E00               	movlw	0
  5777   002DB8  6E49               	movwf	(read_i2c@address+1)^0,c
  5778   002DBA  0E00               	movlw	0
  5779   002DBC  6E4A               	movwf	(read_i2c@address+2)^0,c
  5780   002DBE  0E00               	movlw	0
  5781   002DC0  6E4B               	movwf	(read_i2c@address+3)^0,c
  5782   002DC2  EC6A  F022         	call	_read_i2c	;wreg free
  5783   002DC6  5048               	movf	?_read_i2c^0,w,c
  5784   002DC8  6E2A               	movwf	_pause_Time^0,c	;volatile
  5785   002DCA                     
  5786                           ;main.c: 1473:                                     vib_Time = read_i2c(0x0040);
  5787   002DCA  0E40               	movlw	64
  5788   002DCC  6E48               	movwf	read_i2c@address^0,c
  5789   002DCE  0E00               	movlw	0
  5790   002DD0  6E49               	movwf	(read_i2c@address+1)^0,c
  5791   002DD2  0E00               	movlw	0
  5792   002DD4  6E4A               	movwf	(read_i2c@address+2)^0,c
  5793   002DD6  0E00               	movlw	0
  5794   002DD8  6E4B               	movwf	(read_i2c@address+3)^0,c
  5795   002DDA  EC6A  F022         	call	_read_i2c	;wreg free
  5796   002DDE  5048               	movf	?_read_i2c^0,w,c
  5797   002DE0  6E29               	movwf	_vib_Time^0,c	;volatile
  5798   002DE2                     
  5799                           ;main.c: 1474:                                     dutyCycle_reg = read_i2c(0x0070);
  5800   002DE2  0E70               	movlw	112
  5801   002DE4  6E48               	movwf	read_i2c@address^0,c
  5802   002DE6  0E00               	movlw	0
  5803   002DE8  6E49               	movwf	(read_i2c@address+1)^0,c
  5804   002DEA  0E00               	movlw	0
  5805   002DEC  6E4A               	movwf	(read_i2c@address+2)^0,c
  5806   002DEE  0E00               	movlw	0
  5807   002DF0  6E4B               	movwf	(read_i2c@address+3)^0,c
  5808   002DF2  EC6A  F022         	call	_read_i2c	;wreg free
  5809   002DF6  C048  F013         	movff	?_read_i2c,_dutyCycle_reg
  5810   002DFA  C049  F014         	movff	?_read_i2c+1,_dutyCycle_reg+1
  5811   002DFE                     
  5812                           ;main.c: 1479:                                     Serial_Buffer_Out[0] = 0xA5;
  5813   002DFE  0EA5               	movlw	165
  5814   002E00  6E01               	movwf	_Serial_Buffer_Out^0,c
  5815   002E02                     
  5816                           ;main.c: 1480:                                     Serial_Buffer_Out[1] = pause_Time;
  5817   002E02  C02A  F002         	movff	_pause_Time,_Serial_Buffer_Out+1	;volatile
  5818   002E06                     
  5819                           ;main.c: 1481:                                     Serial_Buffer_Out[2] = dutyCycle_reg;
  5820   002E06  C013  F003         	movff	_dutyCycle_reg,_Serial_Buffer_Out+2
  5821   002E0A                     
  5822                           ;main.c: 1482:                                     Serial_Buffer_Out[3] = vib_Time;
  5823   002E0A  C029  F004         	movff	_vib_Time,_Serial_Buffer_Out+3	;volatile
  5824   002E0E                     
  5825                           ;main.c: 1483:                                     Serial_Buffer_Out[4] = 0x5A;
  5826   002E0E  0E5A               	movlw	90
  5827   002E10  6E05               	movwf	(_Serial_Buffer_Out+4)^0,c
  5828   002E12                     
  5829                           ;main.c: 1485:                                     _delay((unsigned long)((100)*(8000000
      +                          /4000.0)));
  5830   002E12  0E02               	movlw	2
  5831   002E14  0100               	movlb	0	; () banked
  5832   002E16  6FAA               	movwf	(??_main+1)& (0+255),b
  5833   002E18  0E04               	movlw	4
  5834   002E1A  6FA9               	movwf	??_main& (0+255),b
  5835   002E1C  0EBA               	movlw	186
  5836   002E1E                     u8537:
  5837   002E1E  2EE8               	decfsz	wreg,f,c
  5838   002E20  D7FE               	bra	u8537
  5839   002E22  2FA9               	decfsz	??_main& (0+255),f,b
  5840   002E24  D7FC               	bra	u8537
  5841   002E26  2FAA               	decfsz	(??_main+1)& (0+255),f,b
  5842   002E28  D7FA               	bra	u8537
  5843   002E2A  F000               	nop	
  5844   002E2C                     
  5845                           ;main.c: 1488:                                     for (i = 0; i < 5; i++) {
  5846   002E2C  0E00               	movlw	0
  5847   002E2E  6E1A               	movwf	(_i+1)^0,c
  5848   002E30  0E00               	movlw	0
  5849   002E32  6E19               	movwf	_i^0,c
  5850   002E34                     l9828:
  5851   002E34  501A               	movf	(_i+1)^0,w,c
  5852   002E36  E109               	bnz	u7980
  5853   002E38  0E05               	movlw	5
  5854   002E3A  5C19               	subwf	_i^0,w,c
  5855   002E3C  A0D8               	btfss	status,0,c
  5856   002E3E  EF23  F017         	goto	u7981
  5857   002E42  EF25  F017         	goto	u7980
  5858   002E46                     u7981:
  5859   002E46  EF27  F017         	goto	l9832
  5860   002E4A                     u7980:
  5861   002E4A  EF34  F017         	goto	l9838
  5862   002E4E                     l9832:
  5863                           
  5864                           ;main.c: 1489:                                         Write2USART(Serial_Buffer_Out[i])
      +                          ;
  5865   002E4E  0E01               	movlw	low _Serial_Buffer_Out
  5866   002E50  2419               	addwf	_i^0,w,c
  5867   002E52  6ED9               	movwf	fsr2l,c
  5868   002E54  0E00               	movlw	high _Serial_Buffer_Out
  5869   002E56  201A               	addwfc	(_i+1)^0,w,c
  5870   002E58  6EDA               	movwf	fsr2h,c
  5871   002E5A  50DF               	movf	indf2,w,c
  5872   002E5C  EC72  F024         	call	_Write2USART
  5873   002E60                     
  5874                           ;main.c: 1490:                                     }
  5875   002E60  4A19               	infsnz	_i^0,f,c
  5876   002E62  2A1A               	incf	(_i+1)^0,f,c
  5877   002E64  EF1A  F017         	goto	l9828
  5878   002E68                     l9838:
  5879                           
  5880                           ;main.c: 1493:                                 flushOut();
  5881   002E68  EC9E  F023         	call	_flushOut	;wreg free
  5882   002E6C  EFC3  F016         	goto	l9800
  5883   002E70                     l9842:
  5884                           
  5885                           ; BSR set to: 0
  5886                           ;main.c: 1499:                             if (Busy == 0) {
  5887   002E70  502D               	movf	_Busy^0,w,c
  5888   002E72  A4D8               	btfss	status,2,c
  5889   002E74  EF3E  F017         	goto	u7991
  5890   002E78  EF40  F017         	goto	u7990
  5891   002E7C                     u7991:
  5892   002E7C  EF5B  F019         	goto	l9986
  5893   002E80                     u7990:
  5894   002E80                     
  5895                           ; BSR set to: 0
  5896                           ;main.c: 1500:                                 if (Serial_Buffer[2] == 0x00) {
  5897   002E80  5172               	movf	(_Serial_Buffer+2)& (0+255),w,b
  5898   002E82  A4D8               	btfss	status,2,c
  5899   002E84  EF46  F017         	goto	u8001
  5900   002E88  EF48  F017         	goto	u8000
  5901   002E8C                     u8001:
  5902   002E8C  EF34  F017         	goto	l9838
  5903   002E90                     u8000:
  5904   002E90                     
  5905                           ; BSR set to: 0
  5906                           ;main.c: 1501:                                     Busy = 1;
  5907   002E90  0E01               	movlw	1
  5908   002E92  6E2D               	movwf	_Busy^0,c
  5909   002E94                     
  5910                           ; BSR set to: 0
  5911                           ;main.c: 1504:                                     productType = read_i2c(0x0090);
  5912   002E94  0E90               	movlw	144
  5913   002E96  6E48               	movwf	read_i2c@address^0,c
  5914   002E98  0E00               	movlw	0
  5915   002E9A  6E49               	movwf	(read_i2c@address+1)^0,c
  5916   002E9C  0E00               	movlw	0
  5917   002E9E  6E4A               	movwf	(read_i2c@address+2)^0,c
  5918   002EA0  0E00               	movlw	0
  5919   002EA2  6E4B               	movwf	(read_i2c@address+3)^0,c
  5920   002EA4  EC6A  F022         	call	_read_i2c	;wreg free
  5921   002EA8  C048  F015         	movff	?_read_i2c,_productType
  5922   002EAC  C049  F016         	movff	?_read_i2c+1,_productType+1
  5923   002EB0                     
  5924                           ;main.c: 1505:                                     fwver = read_i2c(0x0080);
  5925   002EB0  0E80               	movlw	128
  5926   002EB2  6E48               	movwf	read_i2c@address^0,c
  5927   002EB4  0E00               	movlw	0
  5928   002EB6  6E49               	movwf	(read_i2c@address+1)^0,c
  5929   002EB8  0E00               	movlw	0
  5930   002EBA  6E4A               	movwf	(read_i2c@address+2)^0,c
  5931   002EBC  0E00               	movlw	0
  5932   002EBE  6E4B               	movwf	(read_i2c@address+3)^0,c
  5933   002EC0  EC6A  F022         	call	_read_i2c	;wreg free
  5934   002EC4  C048  F052         	movff	?_read_i2c,_fwver
  5935   002EC8  C049  F053         	movff	?_read_i2c+1,_fwver+1
  5936   002ECC                     
  5937                           ;main.c: 1506:                                     NUM = NUM_REC;
  5938   002ECC  C01B  F01F         	movff	_NUM_REC,_NUM
  5939   002ED0  C01C  F020         	movff	_NUM_REC+1,_NUM+1
  5940                           
  5941                           ;main.c: 1509:                                     Serial_Buffer_Out[0] = 0xA5;
  5942   002ED4  0EA5               	movlw	165
  5943   002ED6  6E01               	movwf	_Serial_Buffer_Out^0,c
  5944   002ED8                     
  5945                           ;main.c: 1510:                                     Serial_Buffer_Out[1] = productType;
  5946   002ED8  C015  F002         	movff	_productType,_Serial_Buffer_Out+1
  5947   002EDC                     
  5948                           ;main.c: 1511:                                     Serial_Buffer_Out[2] = fwver;
  5949   002EDC  C052  F003         	movff	_fwver,_Serial_Buffer_Out+2
  5950   002EE0                     
  5951                           ;main.c: 1512:                                     Serial_Buffer_Out[3] = NUM;
  5952   002EE0  C01F  F004         	movff	_NUM,_Serial_Buffer_Out+3
  5953                           
  5954                           ;main.c: 1513:                                     Serial_Buffer_Out[4] = 0x5A;
  5955   002EE4  0E5A               	movlw	90
  5956   002EE6  6E05               	movwf	(_Serial_Buffer_Out+4)^0,c
  5957   002EE8                     
  5958                           ;main.c: 1515:                                     _delay((unsigned long)((100)*(8000000
      +                          /4000.0)));
  5959   002EE8  0E02               	movlw	2
  5960   002EEA  0100               	movlb	0	; () banked
  5961   002EEC  6FAA               	movwf	(??_main+1)& (0+255),b
  5962   002EEE  0E04               	movlw	4
  5963   002EF0  6FA9               	movwf	??_main& (0+255),b
  5964   002EF2  0EBA               	movlw	186
  5965   002EF4                     u8547:
  5966   002EF4  2EE8               	decfsz	wreg,f,c
  5967   002EF6  D7FE               	bra	u8547
  5968   002EF8  2FA9               	decfsz	??_main& (0+255),f,b
  5969   002EFA  D7FC               	bra	u8547
  5970   002EFC  2FAA               	decfsz	(??_main+1)& (0+255),f,b
  5971   002EFE  D7FA               	bra	u8547
  5972   002F00  F000               	nop	
  5973   002F02                     
  5974                           ;main.c: 1518:                                     for (i = 0; i < 5; i++) {
  5975   002F02  0E00               	movlw	0
  5976   002F04  6E1A               	movwf	(_i+1)^0,c
  5977   002F06  0E00               	movlw	0
  5978   002F08  6E19               	movwf	_i^0,c
  5979   002F0A                     l9864:
  5980   002F0A  501A               	movf	(_i+1)^0,w,c
  5981   002F0C  E109               	bnz	u8010
  5982   002F0E  0E05               	movlw	5
  5983   002F10  5C19               	subwf	_i^0,w,c
  5984   002F12  A0D8               	btfss	status,0,c
  5985   002F14  EF8E  F017         	goto	u8011
  5986   002F18  EF90  F017         	goto	u8010
  5987   002F1C                     u8011:
  5988   002F1C  EF92  F017         	goto	l9868
  5989   002F20                     u8010:
  5990   002F20  EF34  F017         	goto	l9838
  5991   002F24                     l9868:
  5992                           
  5993                           ;main.c: 1519:                                         Write2USART(Serial_Buffer_Out[i])
      +                          ;
  5994   002F24  0E01               	movlw	low _Serial_Buffer_Out
  5995   002F26  2419               	addwf	_i^0,w,c
  5996   002F28  6ED9               	movwf	fsr2l,c
  5997   002F2A  0E00               	movlw	high _Serial_Buffer_Out
  5998   002F2C  201A               	addwfc	(_i+1)^0,w,c
  5999   002F2E  6EDA               	movwf	fsr2h,c
  6000   002F30  50DF               	movf	indf2,w,c
  6001   002F32  EC72  F024         	call	_Write2USART
  6002   002F36                     
  6003                           ;main.c: 1520:                                     }
  6004   002F36  4A19               	infsnz	_i^0,f,c
  6005   002F38  2A1A               	incf	(_i+1)^0,f,c
  6006   002F3A  EF85  F017         	goto	l9864
  6007   002F3E                     l9878:
  6008                           
  6009                           ; BSR set to: 0
  6010                           ;main.c: 1560:                             if (Busy == 0) {
  6011   002F3E  502D               	movf	_Busy^0,w,c
  6012   002F40  A4D8               	btfss	status,2,c
  6013   002F42  EFA5  F017         	goto	u8021
  6014   002F46  EFA7  F017         	goto	u8020
  6015   002F4A                     u8021:
  6016   002F4A  EFFF  F017         	goto	l9904
  6017   002F4E                     u8020:
  6018   002F4E                     
  6019                           ; BSR set to: 0
  6020                           ;main.c: 1561:                                 Busy = 1;
  6021   002F4E  0E01               	movlw	1
  6022   002F50  6E2D               	movwf	_Busy^0,c
  6023   002F52                     
  6024                           ; BSR set to: 0
  6025                           ;main.c: 1562:                                 vib_Time = Serial_Buffer[2];
  6026   002F52  C072  F029         	movff	_Serial_Buffer+2,_vib_Time	;volatile
  6027                           
  6028                           ;main.c: 1564:                                 switch (vib_Time) {
  6029   002F56  EFCD  F017         	goto	l9896
  6030   002F5A                     l9884:
  6031                           
  6032                           ; BSR set to: 0
  6033                           ;main.c: 1566:                                         Vmotor_Time = 1000;
  6034   002F5A  0E03               	movlw	3
  6035   002F5C  6E55               	movwf	(_Vmotor_Time+1)^0,c
  6036   002F5E  0EE8               	movlw	232
  6037   002F60  6E54               	movwf	_Vmotor_Time^0,c
  6038                           
  6039                           ;main.c: 1567:                                         break;
  6040   002F62  EFEE  F017         	goto	l465
  6041   002F66                     l9886:
  6042                           
  6043                           ; BSR set to: 0
  6044                           ;main.c: 1571:                                         Vmotor_Time = 2000;
  6045   002F66  0E07               	movlw	7
  6046   002F68  6E55               	movwf	(_Vmotor_Time+1)^0,c
  6047   002F6A  0ED0               	movlw	208
  6048   002F6C  6E54               	movwf	_Vmotor_Time^0,c
  6049                           
  6050                           ;main.c: 1572:                                         vib_Time = 0x82;
  6051   002F6E  0E82               	movlw	130
  6052   002F70  6E29               	movwf	_vib_Time^0,c	;volatile
  6053                           
  6054                           ;main.c: 1573:                                         break;
  6055   002F72  EFEE  F017         	goto	l465
  6056   002F76                     l9888:
  6057                           
  6058                           ; BSR set to: 0
  6059                           ;main.c: 1576:                                         Vmotor_Time = 3000;
  6060   002F76  0E0B               	movlw	11
  6061   002F78  6E55               	movwf	(_Vmotor_Time+1)^0,c
  6062   002F7A  0EB8               	movlw	184
  6063   002F7C  6E54               	movwf	_Vmotor_Time^0,c
  6064                           
  6065                           ;main.c: 1577:                                         break;
  6066   002F7E  EFEE  F017         	goto	l465
  6067   002F82                     l9890:
  6068                           
  6069                           ; BSR set to: 0
  6070                           ;main.c: 1580:                                         Vmotor_Time = 4000;
  6071   002F82  0E0F               	movlw	15
  6072   002F84  6E55               	movwf	(_Vmotor_Time+1)^0,c
  6073   002F86  0EA0               	movlw	160
  6074   002F88  6E54               	movwf	_Vmotor_Time^0,c
  6075                           
  6076                           ;main.c: 1581:                                         break;
  6077   002F8A  EFEE  F017         	goto	l465
  6078   002F8E                     l9892:
  6079                           
  6080                           ; BSR set to: 0
  6081                           ;main.c: 1584:                                         Vmotor_Time = 5000;
  6082   002F8E  0E13               	movlw	19
  6083   002F90  6E55               	movwf	(_Vmotor_Time+1)^0,c
  6084   002F92  0E88               	movlw	136
  6085   002F94  6E54               	movwf	_Vmotor_Time^0,c
  6086                           
  6087                           ;main.c: 1585:                                         break;
  6088   002F96  EFEE  F017         	goto	l465
  6089   002F9A                     l9896:
  6090                           
  6091                           ; BSR set to: 0
  6092   002F9A  5029               	movf	_vib_Time^0,w,c	;volatile
  6093   002F9C  6FA9               	movwf	??_main& (0+255),b
  6094   002F9E  6BAA               	clrf	(??_main+1)& (0+255),b
  6095                           
  6096                           ; Switch on 2 bytes has been partitioned into a top level switch of size 1, and 1 sub-sw
      +                          itches
  6097                           ; Switch size 1, requested type "simple"
  6098                           ; Number of cases is 1, Range of values is 0 to 0
  6099                           ; switch strategies available:
  6100                           ; Name         Instructions Cycles
  6101                           ; simple_byte            4     3 (average)
  6102                           ;	Chosen strategy is simple_byte
  6103   002FA0  51AA               	movf	(??_main+1)& (0+255),w,b
  6104   002FA2  0A00               	xorlw	0	; case 0
  6105   002FA4  B4D8               	btfsc	status,2,c
  6106   002FA6  EFD7  F017         	goto	l10618
  6107   002FAA  EFB3  F017         	goto	l9886
  6108   002FAE                     l10618:
  6109                           
  6110                           ; BSR set to: 0
  6111                           ; Switch size 1, requested type "simple"
  6112                           ; Number of cases is 5, Range of values is 129 to 133
  6113                           ; switch strategies available:
  6114                           ; Name         Instructions Cycles
  6115                           ; simple_byte           16     9 (average)
  6116                           ;	Chosen strategy is simple_byte
  6117   002FAE  51A9               	movf	??_main& (0+255),w,b
  6118   002FB0  0A81               	xorlw	129	; case 129
  6119   002FB2  B4D8               	btfsc	status,2,c
  6120   002FB4  EFAD  F017         	goto	l9884
  6121   002FB8  0A03               	xorlw	3	; case 130
  6122   002FBA  B4D8               	btfsc	status,2,c
  6123   002FBC  EFB3  F017         	goto	l9886
  6124   002FC0  0A01               	xorlw	1	; case 131
  6125   002FC2  B4D8               	btfsc	status,2,c
  6126   002FC4  EFBB  F017         	goto	l9888
  6127   002FC8  0A07               	xorlw	7	; case 132
  6128   002FCA  B4D8               	btfsc	status,2,c
  6129   002FCC  EFC1  F017         	goto	l9890
  6130   002FD0  0A01               	xorlw	1	; case 133
  6131   002FD2  B4D8               	btfsc	status,2,c
  6132   002FD4  EFC7  F017         	goto	l9892
  6133   002FD8  EFB3  F017         	goto	l9886
  6134   002FDC                     l465:
  6135                           
  6136                           ; BSR set to: 0
  6137                           ;main.c: 1587:                                 INTCONbits.GIE = 0;
  6138   002FDC  9EF2               	bcf	242,7,c	;volatile
  6139   002FDE                     
  6140                           ; BSR set to: 0
  6141                           ;main.c: 1588:                                 write_i2c(0x0040, vib_Time);
  6142   002FDE  0E40               	movlw	64
  6143   002FE0  6E48               	movwf	write_i2c@address^0,c
  6144   002FE2  0E00               	movlw	0
  6145   002FE4  6E49               	movwf	(write_i2c@address+1)^0,c
  6146   002FE6  0E00               	movlw	0
  6147   002FE8  6E4A               	movwf	(write_i2c@address+2)^0,c
  6148   002FEA  0E00               	movlw	0
  6149   002FEC  6E4B               	movwf	(write_i2c@address+3)^0,c
  6150   002FEE  C029  F04C         	movff	_vib_Time,write_i2c@data	;volatile
  6151   002FF2  6A4D               	clrf	(write_i2c@data+1)^0,c
  6152   002FF4  EC1D  F023         	call	_write_i2c	;wreg free
  6153   002FF8                     
  6154                           ;main.c: 1589:                                 INTCONbits.GIE = 1;
  6155   002FF8  8EF2               	bsf	242,7,c	;volatile
  6156   002FFA                     
  6157                           ;main.c: 1591:                                 Busy = 0;
  6158   002FFA  0E00               	movlw	0
  6159   002FFC  6E2D               	movwf	_Busy^0,c
  6160   002FFE                     l9904:
  6161                           
  6162                           ;main.c: 1596:                             if (Busy == 0) {
  6163   002FFE  502D               	movf	_Busy^0,w,c
  6164   003000  A4D8               	btfss	status,2,c
  6165   003002  EF05  F018         	goto	u8031
  6166   003006  EF07  F018         	goto	u8030
  6167   00300A                     u8031:
  6168   00300A  EF5B  F019         	goto	l9986
  6169   00300E                     u8030:
  6170   00300E                     
  6171                           ;main.c: 1597:                                 Busy = 1;
  6172   00300E  0E01               	movlw	1
  6173   003010  6E2D               	movwf	_Busy^0,c
  6174   003012                     
  6175                           ;main.c: 1598:                                 delay_motor_stop_time = Serial_Buffer[2];
  6176   003012  C072  F028         	movff	_Serial_Buffer+2,_delay_motor_stop_time	;volatile
  6177   003016                     
  6178                           ;main.c: 1599:                                 Motor_Stop_Delay_Time = delay_motor_stop_
      +                          time;
  6179   003016  C028  F021         	movff	_delay_motor_stop_time,_Motor_Stop_Delay_Time	;volatile
  6180   00301A  6A22               	clrf	(_Motor_Stop_Delay_Time+1)^0,c
  6181   00301C                     
  6182                           ;main.c: 1601:                                 INTCONbits.GIE = 0;
  6183   00301C  9EF2               	bcf	242,7,c	;volatile
  6184   00301E                     
  6185                           ;main.c: 1602:                                 write_i2c(0x0050, delay_motor_stop_time);
  6186   00301E  0E50               	movlw	80
  6187   003020  6E48               	movwf	write_i2c@address^0,c
  6188   003022  0E00               	movlw	0
  6189   003024  6E49               	movwf	(write_i2c@address+1)^0,c
  6190   003026  0E00               	movlw	0
  6191   003028  6E4A               	movwf	(write_i2c@address+2)^0,c
  6192   00302A  0E00               	movlw	0
  6193   00302C  6E4B               	movwf	(write_i2c@address+3)^0,c
  6194   00302E  C028  F04C         	movff	_delay_motor_stop_time,write_i2c@data	;volatile
  6195   003032  6A4D               	clrf	(write_i2c@data+1)^0,c
  6196   003034  EC1D  F023         	call	_write_i2c	;wreg free
  6197   003038                     
  6198                           ;main.c: 1603:                                 INTCONbits.GIE = 1;
  6199   003038  8EF2               	bsf	242,7,c	;volatile
  6200   00303A  EFC3  F016         	goto	l9800
  6201   00303E                     l9920:
  6202                           
  6203                           ; BSR set to: 0
  6204                           ;main.c: 1610:                             if (Busy == 0){
  6205   00303E  502D               	movf	_Busy^0,w,c
  6206   003040  A4D8               	btfss	status,2,c
  6207   003042  EF25  F018         	goto	u8041
  6208   003046  EF27  F018         	goto	u8040
  6209   00304A                     u8041:
  6210   00304A  EF5B  F019         	goto	l9986
  6211   00304E                     u8040:
  6212   00304E                     
  6213                           ; BSR set to: 0
  6214                           ;main.c: 1611:                                 Busy = 1;
  6215   00304E  0E01               	movlw	1
  6216   003050  6E2D               	movwf	_Busy^0,c
  6217   003052                     
  6218                           ; BSR set to: 0
  6219                           ;main.c: 1613:                                 if (Serial_Buffer[2] == 0x71){
  6220   003052  0E71               	movlw	113
  6221   003054  1972               	xorwf	(_Serial_Buffer+2)& (0+255),w,b
  6222   003056  A4D8               	btfss	status,2,c
  6223   003058  EF30  F018         	goto	u8051
  6224   00305C  EF32  F018         	goto	u8050
  6225   003060                     u8051:
  6226   003060  EF3E  F018         	goto	l9928
  6227   003064                     u8050:
  6228   003064                     
  6229                           ; BSR set to: 0
  6230                           ;main.c: 1614:                                     duty_cycle = PWM_Selection(0x04);
  6231   003064  0E00               	movlw	0
  6232   003066  6FA4               	movwf	(PWM_Selection@msg+1)& (0+255),b
  6233   003068  0E04               	movlw	4
  6234   00306A  6FA3               	movwf	PWM_Selection@msg& (0+255),b
  6235   00306C  ECB2  F01C         	call	_PWM_Selection	;wreg free
  6236   003070  C0A3  F09F         	movff	?_PWM_Selection,_duty_cycle
  6237   003074  C0A4  F0A0         	movff	?_PWM_Selection+1,_duty_cycle+1
  6238                           
  6239                           ;main.c: 1615:                                 }
  6240   003078  EF92  F018         	goto	l476
  6241   00307C                     l9928:
  6242                           
  6243                           ; BSR set to: 0
  6244   00307C  0E72               	movlw	114
  6245   00307E  1972               	xorwf	(_Serial_Buffer+2)& (0+255),w,b
  6246   003080  A4D8               	btfss	status,2,c
  6247   003082  EF45  F018         	goto	u8061
  6248   003086  EF47  F018         	goto	u8060
  6249   00308A                     u8061:
  6250   00308A  EF53  F018         	goto	l9932
  6251   00308E                     u8060:
  6252   00308E                     
  6253                           ; BSR set to: 0
  6254                           ;main.c: 1617:                                     duty_cycle = PWM_Selection(0x00);
  6255   00308E  0E00               	movlw	0
  6256   003090  6FA4               	movwf	(PWM_Selection@msg+1)& (0+255),b
  6257   003092  0E00               	movlw	0
  6258   003094  6FA3               	movwf	PWM_Selection@msg& (0+255),b
  6259   003096  ECB2  F01C         	call	_PWM_Selection	;wreg free
  6260   00309A  C0A3  F09F         	movff	?_PWM_Selection,_duty_cycle
  6261   00309E  C0A4  F0A0         	movff	?_PWM_Selection+1,_duty_cycle+1
  6262                           
  6263                           ;main.c: 1618:                                 }
  6264   0030A2  EF92  F018         	goto	l476
  6265   0030A6                     l9932:
  6266                           
  6267                           ; BSR set to: 0
  6268   0030A6  0E73               	movlw	115
  6269   0030A8  1972               	xorwf	(_Serial_Buffer+2)& (0+255),w,b
  6270   0030AA  A4D8               	btfss	status,2,c
  6271   0030AC  EF5A  F018         	goto	u8071
  6272   0030B0  EF5C  F018         	goto	u8070
  6273   0030B4                     u8071:
  6274   0030B4  EF68  F018         	goto	l9936
  6275   0030B8                     u8070:
  6276   0030B8                     
  6277                           ; BSR set to: 0
  6278                           ;main.c: 1620:                                     duty_cycle = PWM_Selection(0x01);
  6279   0030B8  0E00               	movlw	0
  6280   0030BA  6FA4               	movwf	(PWM_Selection@msg+1)& (0+255),b
  6281   0030BC  0E01               	movlw	1
  6282   0030BE  6FA3               	movwf	PWM_Selection@msg& (0+255),b
  6283   0030C0  ECB2  F01C         	call	_PWM_Selection	;wreg free
  6284   0030C4  C0A3  F09F         	movff	?_PWM_Selection,_duty_cycle
  6285   0030C8  C0A4  F0A0         	movff	?_PWM_Selection+1,_duty_cycle+1
  6286                           
  6287                           ;main.c: 1621:                                 }
  6288   0030CC  EF92  F018         	goto	l476
  6289   0030D0                     l9936:
  6290                           
  6291                           ; BSR set to: 0
  6292   0030D0  0E74               	movlw	116
  6293   0030D2  1972               	xorwf	(_Serial_Buffer+2)& (0+255),w,b
  6294   0030D4  A4D8               	btfss	status,2,c
  6295   0030D6  EF6F  F018         	goto	u8081
  6296   0030DA  EF71  F018         	goto	u8080
  6297   0030DE                     u8081:
  6298   0030DE  EF7D  F018         	goto	l9940
  6299   0030E2                     u8080:
  6300   0030E2                     
  6301                           ; BSR set to: 0
  6302                           ;main.c: 1623:                                     duty_cycle = PWM_Selection(0x02);
  6303   0030E2  0E00               	movlw	0
  6304   0030E4  6FA4               	movwf	(PWM_Selection@msg+1)& (0+255),b
  6305   0030E6  0E02               	movlw	2
  6306   0030E8  6FA3               	movwf	PWM_Selection@msg& (0+255),b
  6307   0030EA  ECB2  F01C         	call	_PWM_Selection	;wreg free
  6308   0030EE  C0A3  F09F         	movff	?_PWM_Selection,_duty_cycle
  6309   0030F2  C0A4  F0A0         	movff	?_PWM_Selection+1,_duty_cycle+1
  6310                           
  6311                           ;main.c: 1624:                                 }
  6312   0030F6  EF92  F018         	goto	l476
  6313   0030FA                     l9940:
  6314                           
  6315                           ; BSR set to: 0
  6316   0030FA  0E75               	movlw	117
  6317   0030FC  1972               	xorwf	(_Serial_Buffer+2)& (0+255),w,b
  6318   0030FE  A4D8               	btfss	status,2,c
  6319   003100  EF84  F018         	goto	u8091
  6320   003104  EF86  F018         	goto	u8090
  6321   003108                     u8091:
  6322   003108  EF92  F018         	goto	l480
  6323   00310C                     u8090:
  6324   00310C                     
  6325                           ; BSR set to: 0
  6326                           ;main.c: 1626:                                     duty_cycle = PWM_Selection(0x03);
  6327   00310C  0E00               	movlw	0
  6328   00310E  6FA4               	movwf	(PWM_Selection@msg+1)& (0+255),b
  6329   003110  0E03               	movlw	3
  6330   003112  6FA3               	movwf	PWM_Selection@msg& (0+255),b
  6331   003114  ECB2  F01C         	call	_PWM_Selection	;wreg free
  6332   003118  C0A3  F09F         	movff	?_PWM_Selection,_duty_cycle
  6333   00311C  C0A4  F0A0         	movff	?_PWM_Selection+1,_duty_cycle+1
  6334   003120  EF92  F018         	goto	l476
  6335   003124                     l480:
  6336   003124                     l476:
  6337                           
  6338                           ;main.c: 1628:                                 dutyCycle_reg = read_i2c(0x0070);
  6339   003124  0E70               	movlw	112
  6340   003126  6E48               	movwf	read_i2c@address^0,c
  6341   003128  0E00               	movlw	0
  6342   00312A  6E49               	movwf	(read_i2c@address+1)^0,c
  6343   00312C  0E00               	movlw	0
  6344   00312E  6E4A               	movwf	(read_i2c@address+2)^0,c
  6345   003130  0E00               	movlw	0
  6346   003132  6E4B               	movwf	(read_i2c@address+3)^0,c
  6347   003134  EC6A  F022         	call	_read_i2c	;wreg free
  6348   003138  C048  F013         	movff	?_read_i2c,_dutyCycle_reg
  6349   00313C  C049  F014         	movff	?_read_i2c+1,_dutyCycle_reg+1
  6350                           
  6351                           ;main.c: 1629:                                 ToggleVIB_Mode();
  6352   003140  EC62  F023         	call	_ToggleVIB_Mode	;wreg free
  6353                           
  6354                           ;main.c: 1630:                                 WriteSTLED316SVibMode(dutyCycle_reg, vibr
      +                          ation_mode);
  6355   003144  C013  F040         	movff	_dutyCycle_reg,WriteSTLED316SVibMode@dc_reg
  6356   003148  C014  F041         	movff	_dutyCycle_reg+1,WriteSTLED316SVibMode@dc_reg+1
  6357   00314C  C02C  F042         	movff	_vibration_mode,WriteSTLED316SVibMode@v_mode
  6358   003150  EC4A  F01D         	call	_WriteSTLED316SVibMode	;wreg free
  6359   003154                     
  6360                           ;main.c: 1631:                                 _delay((unsigned long)((300)*(8000000/400
      +                          0.0)));
  6361   003154  0E04               	movlw	4
  6362   003156  0100               	movlb	0	; () banked
  6363   003158  6FAA               	movwf	(??_main+1)& (0+255),b
  6364   00315A  0E0C               	movlw	12
  6365   00315C  6FA9               	movwf	??_main& (0+255),b
  6366   00315E  0E33               	movlw	51
  6367   003160                     u8557:
  6368   003160  2EE8               	decfsz	wreg,f,c
  6369   003162  D7FE               	bra	u8557
  6370   003164  2FA9               	decfsz	??_main& (0+255),f,b
  6371   003166  D7FC               	bra	u8557
  6372   003168  2FAA               	decfsz	(??_main+1)& (0+255),f,b
  6373   00316A  D7FA               	bra	u8557
  6374   00316C  D000               	nop2	
  6375   00316E  EFC3  F016         	goto	l9800
  6376   003172                     l9948:
  6377                           
  6378                           ; BSR set to: 0
  6379                           ;main.c: 1636:                             if (Busy == 0){
  6380   003172  502D               	movf	_Busy^0,w,c
  6381   003174  A4D8               	btfss	status,2,c
  6382   003176  EFBF  F018         	goto	u8101
  6383   00317A  EFC1  F018         	goto	u8100
  6384   00317E                     u8101:
  6385   00317E  EF5B  F019         	goto	l9986
  6386   003182                     u8100:
  6387   003182                     
  6388                           ; BSR set to: 0
  6389                           ;main.c: 1637:                                 Busy = 1;
  6390   003182  0E01               	movlw	1
  6391   003184  6E2D               	movwf	_Busy^0,c
  6392   003186                     
  6393                           ; BSR set to: 0
  6394                           ;main.c: 1638:                                 if (Serial_Buffer[2] == 0x65) {
  6395   003186  0E65               	movlw	101
  6396   003188  1972               	xorwf	(_Serial_Buffer+2)& (0+255),w,b
  6397   00318A  A4D8               	btfss	status,2,c
  6398   00318C  EFCA  F018         	goto	u8111
  6399   003190  EFCC  F018         	goto	u8110
  6400   003194                     u8111:
  6401   003194  EFD2  F018         	goto	l9956
  6402   003198                     u8110:
  6403   003198                     
  6404                           ; BSR set to: 0
  6405                           ;main.c: 1639:                                     NUM = 49;
  6406   003198  0E00               	movlw	0
  6407   00319A  6E20               	movwf	(_NUM+1)^0,c
  6408   00319C  0E31               	movlw	49
  6409   00319E  6E1F               	movwf	_NUM^0,c
  6410                           
  6411                           ;main.c: 1640:                                 }
  6412   0031A0  EFE4  F018         	goto	l487
  6413   0031A4                     l9956:
  6414                           
  6415                           ; BSR set to: 0
  6416   0031A4  0E66               	movlw	102
  6417   0031A6  1972               	xorwf	(_Serial_Buffer+2)& (0+255),w,b
  6418   0031A8  A4D8               	btfss	status,2,c
  6419   0031AA  EFD9  F018         	goto	u8121
  6420   0031AE  EFDB  F018         	goto	u8120
  6421   0031B2                     u8121:
  6422   0031B2  EFE1  F018         	goto	l488
  6423   0031B6                     u8120:
  6424   0031B6                     
  6425                           ; BSR set to: 0
  6426                           ;main.c: 1642:                                     NUM = 90;
  6427   0031B6  0E00               	movlw	0
  6428   0031B8  6E20               	movwf	(_NUM+1)^0,c
  6429   0031BA  0E5A               	movlw	90
  6430   0031BC  6E1F               	movwf	_NUM^0,c
  6431                           
  6432                           ;main.c: 1643:                                 } else {
  6433   0031BE  EFE4  F018         	goto	l487
  6434   0031C2                     l488:
  6435                           
  6436                           ; BSR set to: 0
  6437                           ;main.c: 1644:                                     NUM = (unsigned int)Serial_Buffer[2];
  6438   0031C2  C072  F01F         	movff	_Serial_Buffer+2,_NUM
  6439   0031C6  6A20               	clrf	(_NUM+1)^0,c
  6440   0031C8                     l487:
  6441                           
  6442                           ; BSR set to: 0
  6443                           ;main.c: 1646:                                 NUM_REC = NUM;
  6444   0031C8  C01F  F01B         	movff	_NUM,_NUM_REC
  6445   0031CC  C020  F01C         	movff	_NUM+1,_NUM_REC+1
  6446   0031D0                     
  6447                           ; BSR set to: 0
  6448                           ;main.c: 1647:                                 WriteSTLED316SData(NUM, vibration_mode);
  6449   0031D0  C01F  F042         	movff	_NUM,WriteSTLED316SData@number
  6450   0031D4  C020  F043         	movff	_NUM+1,WriteSTLED316SData@number+1
  6451   0031D8  C02C  F044         	movff	_vibration_mode,WriteSTLED316SData@v_mode
  6452   0031DC  EC57  F021         	call	_WriteSTLED316SData	;wreg free
  6453   0031E0  EFC3  F016         	goto	l9800
  6454   0031E4                     l9964:
  6455                           
  6456                           ; BSR set to: 0
  6457                           ;main.c: 1652:                             if (Busy == 0){
  6458   0031E4  502D               	movf	_Busy^0,w,c
  6459   0031E6  A4D8               	btfss	status,2,c
  6460   0031E8  EFF8  F018         	goto	u8131
  6461   0031EC  EFFA  F018         	goto	u8130
  6462   0031F0                     u8131:
  6463   0031F0  EF5B  F019         	goto	l9986
  6464   0031F4                     u8130:
  6465   0031F4                     
  6466                           ; BSR set to: 0
  6467                           ;main.c: 1653:                                 Busy = 1;
  6468   0031F4  0E01               	movlw	1
  6469   0031F6  6E2D               	movwf	_Busy^0,c
  6470   0031F8                     
  6471                           ; BSR set to: 0
  6472                           ;main.c: 1654:                                 productType = Serial_Buffer[2];
  6473   0031F8  C072  F015         	movff	_Serial_Buffer+2,_productType
  6474   0031FC  6A16               	clrf	(_productType+1)^0,c
  6475   0031FE                     
  6476                           ; BSR set to: 0
  6477                           ;main.c: 1655:                                 if (productType != 0x00 && productType !=
      +                           0x01){
  6478   0031FE  5015               	movf	_productType^0,w,c
  6479   003200  1016               	iorwf	(_productType+1)^0,w,c
  6480   003202  B4D8               	btfsc	status,2,c
  6481   003204  EF06  F019         	goto	u8141
  6482   003208  EF08  F019         	goto	u8140
  6483   00320C                     u8141:
  6484   00320C  EF13  F019         	goto	l492
  6485   003210                     u8140:
  6486   003210                     
  6487                           ; BSR set to: 0
  6488   003210  0415               	decf	_productType^0,w,c
  6489   003212  1016               	iorwf	(_productType+1)^0,w,c
  6490   003214  B4D8               	btfsc	status,2,c
  6491   003216  EF0F  F019         	goto	u8151
  6492   00321A  EF11  F019         	goto	u8150
  6493   00321E                     u8151:
  6494   00321E  EF13  F019         	goto	l492
  6495   003222                     u8150:
  6496   003222  EFC3  F016         	goto	l9800
  6497   003226                     l492:
  6498                           
  6499                           ; BSR set to: 0
  6500                           ;main.c: 1659:                                     INTCONbits.GIE = 0;
  6501   003226  9EF2               	bcf	242,7,c	;volatile
  6502   003228                     
  6503                           ; BSR set to: 0
  6504                           ;main.c: 1660:                                     write_i2c(0x0090, productType);
  6505   003228  0E90               	movlw	144
  6506   00322A  6E48               	movwf	write_i2c@address^0,c
  6507   00322C  0E00               	movlw	0
  6508   00322E  6E49               	movwf	(write_i2c@address+1)^0,c
  6509   003230  0E00               	movlw	0
  6510   003232  6E4A               	movwf	(write_i2c@address+2)^0,c
  6511   003234  0E00               	movlw	0
  6512   003236  6E4B               	movwf	(write_i2c@address+3)^0,c
  6513   003238  C015  F04C         	movff	_productType,write_i2c@data
  6514   00323C  C016  F04D         	movff	_productType+1,write_i2c@data+1
  6515   003240  EC1D  F023         	call	_write_i2c	;wreg free
  6516   003244                     
  6517                           ;main.c: 1661:                                     INTCONbits.GIE = 1;
  6518   003244  8EF2               	bsf	242,7,c	;volatile
  6519   003246  EFC3  F016         	goto	l9800
  6520   00324A                     l9984:
  6521   00324A  0100               	movlb	0	; () banked
  6522   00324C  5171               	movf	(_Serial_Buffer+1)& (0+255),w,b
  6523   00324E  6FA9               	movwf	??_main& (0+255),b
  6524   003250  6BAA               	clrf	(??_main+1)& (0+255),b
  6525                           
  6526                           ; Switch on 2 bytes has been partitioned into a top level switch of size 1, and 1 sub-sw
      +                          itches
  6527                           ; Switch size 1, requested type "simple"
  6528                           ; Number of cases is 1, Range of values is 0 to 0
  6529                           ; switch strategies available:
  6530                           ; Name         Instructions Cycles
  6531                           ; simple_byte            4     3 (average)
  6532                           ;	Chosen strategy is simple_byte
  6533   003252  51AA               	movf	(??_main+1)& (0+255),w,b
  6534   003254  0A00               	xorlw	0	; case 0
  6535   003256  B4D8               	btfsc	status,2,c
  6536   003258  EF30  F019         	goto	l10620
  6537   00325C  EF5B  F019         	goto	l9986
  6538   003260                     l10620:
  6539                           
  6540                           ; BSR set to: 0
  6541                           ; Switch size 1, requested type "simple"
  6542                           ; Number of cases is 10, Range of values is 35 to 116
  6543                           ; switch strategies available:
  6544                           ; Name         Instructions Cycles
  6545                           ; simple_byte           31    16 (average)
  6546                           ;	Chosen strategy is simple_byte
  6547   003260  51A9               	movf	??_main& (0+255),w,b
  6548   003262  0A23               	xorlw	35	; case 35
  6549   003264  B4D8               	btfsc	status,2,c
  6550   003266  EF59  F016         	goto	l9772
  6551   00326A  0A67               	xorlw	103	; case 68
  6552   00326C  B4D8               	btfsc	status,2,c
  6553   00326E  EF70  F014         	goto	l9596
  6554   003272  0A02               	xorlw	2	; case 70
  6555   003274  B4D8               	btfsc	status,2,c
  6556   003276  EFD7  F014         	goto	l9624
  6557   00327A  0A17               	xorlw	23	; case 81
  6558   00327C  B4D8               	btfsc	status,2,c
  6559   00327E  EFC7  F016         	goto	l9802
  6560   003282  0A03               	xorlw	3	; case 82
  6561   003284  B4D8               	btfsc	status,2,c
  6562   003286  EF38  F017         	goto	l9842
  6563   00328A  0A06               	xorlw	6	; case 84
  6564   00328C  B4D8               	btfsc	status,2,c
  6565   00328E  EF1F  F018         	goto	l9920
  6566   003292  0A01               	xorlw	1	; case 85
  6567   003294  B4D8               	btfsc	status,2,c
  6568   003296  EFF2  F018         	goto	l9964
  6569   00329A  0A30               	xorlw	48	; case 101
  6570   00329C  B4D8               	btfsc	status,2,c
  6571   00329E  EF9F  F017         	goto	l9878
  6572   0032A2  0A03               	xorlw	3	; case 102
  6573   0032A4  B4D8               	btfsc	status,2,c
  6574   0032A6  EFFF  F017         	goto	l9904
  6575   0032AA  0A12               	xorlw	18	; case 116
  6576   0032AC  B4D8               	btfsc	status,2,c
  6577   0032AE  EFB9  F018         	goto	l9948
  6578   0032B2  EF5B  F019         	goto	l9986
  6579   0032B6                     l9986:
  6580                           
  6581                           ;main.c: 1668:                     Serial_Flag = 0;
  6582   0032B6  0E00               	movlw	0
  6583   0032B8  6E30               	movwf	_Serial_Flag^0,c
  6584                           
  6585                           ;main.c: 1669:                     Serial_GData = 0;
  6586   0032BA  0E00               	movlw	0
  6587   0032BC  6E2F               	movwf	_Serial_GData^0,c
  6588                           
  6589                           ;main.c: 1670:                     OpMode = MANUAL_MODE;
  6590   0032BE  0E00               	movlw	0
  6591   0032C0  6E2B               	movwf	_OpMode^0,c	;volatile
  6592                           
  6593                           ;main.c: 1671:                 } else {
  6594   0032C2  EFBB  F00B         	goto	l8930
  6595   0032C6                     l9988:
  6596                           
  6597                           ;main.c: 1672:                     OpMode = MANUAL_MODE;
  6598   0032C6  0E00               	movlw	0
  6599   0032C8  6E2B               	movwf	_OpMode^0,c	;volatile
  6600   0032CA  EFBB  F00B         	goto	l8930
  6601   0032CE                     l9990:
  6602   0032CE  502B               	movf	_OpMode^0,w,c	;volatile
  6603   0032D0  0100               	movlb	0	; () banked
  6604   0032D2  6FA9               	movwf	??_main& (0+255),b
  6605   0032D4  6BAA               	clrf	(??_main+1)& (0+255),b
  6606                           
  6607                           ; Switch on 2 bytes has been partitioned into a top level switch of size 1, and 1 sub-sw
      +                          itches
  6608                           ; Switch size 1, requested type "simple"
  6609                           ; Number of cases is 1, Range of values is 0 to 0
  6610                           ; switch strategies available:
  6611                           ; Name         Instructions Cycles
  6612                           ; simple_byte            4     3 (average)
  6613                           ;	Chosen strategy is simple_byte
  6614   0032D6  51AA               	movf	(??_main+1)& (0+255),w,b
  6615   0032D8  0A00               	xorlw	0	; case 0
  6616   0032DA  B4D8               	btfsc	status,2,c
  6617   0032DC  EF72  F019         	goto	l10622
  6618   0032E0  EFBB  F00B         	goto	l8930
  6619   0032E4                     l10622:
  6620                           
  6621                           ; BSR set to: 0
  6622                           ; Switch size 1, requested type "simple"
  6623                           ; Number of cases is 3, Range of values is 0 to 3
  6624                           ; switch strategies available:
  6625                           ; Name         Instructions Cycles
  6626                           ; simple_byte           10     6 (average)
  6627                           ;	Chosen strategy is simple_byte
  6628   0032E4  51A9               	movf	??_main& (0+255),w,b
  6629   0032E6  0A00               	xorlw	0	; case 0
  6630   0032E8  B4D8               	btfsc	status,2,c
  6631   0032EA  EFCE  F00B         	goto	l274
  6632   0032EE  0A02               	xorlw	2	; case 2
  6633   0032F0  B4D8               	btfsc	status,2,c
  6634   0032F2  EF28  F00E         	goto	l9062
  6635   0032F6  0A01               	xorlw	1	; case 3
  6636   0032F8  B4D8               	btfsc	status,2,c
  6637   0032FA  EF66  F014         	goto	l9592
  6638   0032FE  EFBB  F00B         	goto	l8930
  6639   003302  EF45  F002         	goto	start
  6640   003306                     __end_of_main:
  6641                           	callstack 0
  6642                           
  6643 ;; *************** function _read_i2c *****************
  6644 ;; Defined at:
  6645 ;;		line 120 in file "i2c.c"
  6646 ;; Parameters:    Size  Location     Type
  6647 ;;  address         4   22[COMRAM] long 
  6648 ;; Auto vars:     Size  Location     Type
  6649 ;;  read_byte       2   26[COMRAM] int 
  6650 ;; Return value:  Size  Location     Type
  6651 ;;                  2   22[COMRAM] int 
  6652 ;; Registers used:
  6653 ;;		wreg, status,2, status,0, cstack
  6654 ;; Tracked objects:
  6655 ;;		On entry : 0/0
  6656 ;;		On exit  : 0/0
  6657 ;;		Unchanged: 0/0
  6658 ;; Data sizes:     COMRAM   BANK0   BANK1   BANK2   BANK3   BANK4   BANK5   BANK6   BANK7   BANK8   BANK9  BANK10  BANK1
      +1  BANK12  BANK13  BANK14  BANK15
  6659 ;;      Params:         4       0       0       0       0       0       0       0       0       0       0       0       
      +0       0       0       0       0
  6660 ;;      Locals:         2       0       0       0       0       0       0       0       0       0       0       0       
      +0       0       0       0       0
  6661 ;;      Temps:          0       0       0       0       0       0       0       0       0       0       0       0       
      +0       0       0       0       0
  6662 ;;      Totals:         6       0       0       0       0       0       0       0       0       0       0       0       
      +0       0       0       0       0
  6663 ;;Total ram usage:        6 bytes
  6664 ;; Hardware stack levels used: 1
  6665 ;; Hardware stack levels required when called: 4
  6666 ;; This function calls:
  6667 ;;		___aldiv
  6668 ;;		_i2c_Address
  6669 ;;		_i2c_Read
  6670 ;;		_i2c_Restart
  6671 ;;		_i2c_Start
  6672 ;;		_i2c_Stop
  6673 ;;		_i2c_Write
  6674 ;; This function is called by:
  6675 ;;		_main
  6676 ;;		_vibrationMotorControl
  6677 ;; This function uses a non-reentrant model
  6678 ;;
  6679                           
  6680                           	psect	text1
  6681   0044D4                     __ptext1:
  6682                           	callstack 0
  6683   0044D4                     _read_i2c:
  6684                           	callstack 26
  6685   0044D4                     
  6686                           ;i2c.c: 121:     int read_byte;;i2c.c: 124:     i2c_Start();
  6687   0044D4  ECD7  F024         	call	_i2c_Start	;wreg free
  6688                           
  6689                           ;i2c.c: 125:     i2c_Address(0xA0, 0);
  6690   0044D8  0E00               	movlw	0
  6691   0044DA  6E3B               	movwf	i2c_Address@mode^0,c
  6692   0044DC  0EA0               	movlw	160
  6693   0044DE  ECA9  F024         	call	_i2c_Address
  6694                           
  6695                           ;i2c.c: 126:     i2c_Write((unsigned char) (address / 0x100));
  6696   0044E2  C048  F03A         	movff	read_i2c@address,___aldiv@dividend
  6697   0044E6  C049  F03B         	movff	read_i2c@address+1,___aldiv@dividend+1
  6698   0044EA  C04A  F03C         	movff	read_i2c@address+2,___aldiv@dividend+2
  6699   0044EE  C04B  F03D         	movff	read_i2c@address+3,___aldiv@dividend+3
  6700   0044F2  0E00               	movlw	0
  6701   0044F4  6E3E               	movwf	___aldiv@divisor^0,c
  6702   0044F6  0E01               	movlw	1
  6703   0044F8  6E3F               	movwf	(___aldiv@divisor+1)^0,c
  6704   0044FA  0E00               	movlw	0
  6705   0044FC  6E40               	movwf	(___aldiv@divisor+2)^0,c
  6706   0044FE  0E00               	movlw	0
  6707   004500  6E41               	movwf	(___aldiv@divisor+3)^0,c
  6708   004502  ECDA  F01D         	call	___aldiv	;wreg free
  6709   004506  503A               	movf	?___aldiv^0,w,c
  6710   004508  ECBA  F024         	call	_i2c_Write
  6711                           
  6712                           ;i2c.c: 127:     i2c_Write((unsigned char) (address & 0xFF));
  6713   00450C  5048               	movf	read_i2c@address^0,w,c
  6714   00450E  ECBA  F024         	call	_i2c_Write
  6715                           
  6716                           ;i2c.c: 128:     i2c_Restart();
  6717   004512  ECCF  F024         	call	_i2c_Restart	;wreg free
  6718                           
  6719                           ;i2c.c: 129:     i2c_Address(0xA0, 1);
  6720   004516  0E01               	movlw	1
  6721   004518  6E3B               	movwf	i2c_Address@mode^0,c
  6722   00451A  0EA0               	movlw	160
  6723   00451C  ECA9  F024         	call	_i2c_Address
  6724                           
  6725                           ;i2c.c: 130:     read_byte = i2c_Read(0);
  6726   004520  0E00               	movlw	0
  6727   004522  ECD7  F023         	call	_i2c_Read
  6728   004526  C03B  F04C         	movff	?_i2c_Read,read_i2c@read_byte
  6729   00452A  C03C  F04D         	movff	?_i2c_Read+1,read_i2c@read_byte+1
  6730                           
  6731                           ;i2c.c: 134:     i2c_Stop();
  6732   00452E  ECD3  F024         	call	_i2c_Stop	;wreg free
  6733   004532                     
  6734                           ;i2c.c: 135:     return (read_byte);
  6735   004532  C04C  F048         	movff	read_i2c@read_byte,?_read_i2c
  6736   004536  C04D  F049         	movff	read_i2c@read_byte+1,?_read_i2c+1
  6737   00453A  0012               	return		;funcret
  6738   00453C                     __end_of_read_i2c:
  6739                           	callstack 0
  6740                           
  6741 ;; *************** function _i2c_Restart *****************
  6742 ;; Defined at:
  6743 ;;		line 56 in file "i2c.c"
  6744 ;; Parameters:    Size  Location     Type
  6745 ;;		None
  6746 ;; Auto vars:     Size  Location     Type
  6747 ;;		None
  6748 ;; Return value:  Size  Location     Type
  6749 ;;                  1    wreg      void 
  6750 ;; Registers used:
  6751 ;;		wreg, status,2, status,0, cstack
  6752 ;; Tracked objects:
  6753 ;;		On entry : 0/0
  6754 ;;		On exit  : 0/0
  6755 ;;		Unchanged: 0/0
  6756 ;; Data sizes:     COMRAM   BANK0   BANK1   BANK2   BANK3   BANK4   BANK5   BANK6   BANK7   BANK8   BANK9  BANK10  BANK1
      +1  BANK12  BANK13  BANK14  BANK15
  6757 ;;      Params:         0       0       0       0       0       0       0       0       0       0       0       0       
      +0       0       0       0       0
  6758 ;;      Locals:         0       0       0       0       0       0       0       0       0       0       0       0       
      +0       0       0       0       0
  6759 ;;      Temps:          0       0       0       0       0       0       0       0       0       0       0       0       
      +0       0       0       0       0
  6760 ;;      Totals:         0       0       0       0       0       0       0       0       0       0       0       0       
      +0       0       0       0       0
  6761 ;;Total ram usage:        0 bytes
  6762 ;; Hardware stack levels used: 1
  6763 ;; Hardware stack levels required when called: 3
  6764 ;; This function calls:
  6765 ;;		_i2c_Wait
  6766 ;; This function is called by:
  6767 ;;		_read_i2c
  6768 ;; This function uses a non-reentrant model
  6769 ;;
  6770                           
  6771                           	psect	text2
  6772   00499E                     __ptext2:
  6773                           	callstack 0
  6774   00499E                     _i2c_Restart:
  6775                           	callstack 26
  6776   00499E                     
  6777                           ;i2c.c: 57:     i2c_Wait();
  6778   00499E  EC35  F024         	call	_i2c_Wait	;wreg free
  6779   0049A2                     
  6780                           ;i2c.c: 58:     RSEN2 = 1;
  6781   0049A2  826B               	bsf	3947,1,c	;volatile
  6782   0049A4  0012               	return		;funcret
  6783   0049A6                     __end_of_i2c_Restart:
  6784                           	callstack 0
  6785                           
  6786 ;; *************** function _i2c_Read *****************
  6787 ;; Defined at:
  6788 ;;		line 89 in file "i2c.c"
  6789 ;; Parameters:    Size  Location     Type
  6790 ;;  ack             1    wreg     unsigned char 
  6791 ;; Auto vars:     Size  Location     Type
  6792 ;;  ack             1   11[COMRAM] unsigned char 
  6793 ;;  i2cReadData     1   12[COMRAM] unsigned char 
  6794 ;; Return value:  Size  Location     Type
  6795 ;;                  2    9[COMRAM] int 
  6796 ;; Registers used:
  6797 ;;		wreg, status,2, status,0, cstack
  6798 ;; Tracked objects:
  6799 ;;		On entry : 0/0
  6800 ;;		On exit  : 0/0
  6801 ;;		Unchanged: 0/0
  6802 ;; Data sizes:     COMRAM   BANK0   BANK1   BANK2   BANK3   BANK4   BANK5   BANK6   BANK7   BANK8   BANK9  BANK10  BANK1
      +1  BANK12  BANK13  BANK14  BANK15
  6803 ;;      Params:         2       0       0       0       0       0       0       0       0       0       0       0       
      +0       0       0       0       0
  6804 ;;      Locals:         2       0       0       0       0       0       0       0       0       0       0       0       
      +0       0       0       0       0
  6805 ;;      Temps:          0       0       0       0       0       0       0       0       0       0       0       0       
      +0       0       0       0       0
  6806 ;;      Totals:         4       0       0       0       0       0       0       0       0       0       0       0       
      +0       0       0       0       0
  6807 ;;Total ram usage:        4 bytes
  6808 ;; Hardware stack levels used: 1
  6809 ;; Hardware stack levels required when called: 3
  6810 ;; This function calls:
  6811 ;;		_i2c_Wait
  6812 ;; This function is called by:
  6813 ;;		_read_i2c
  6814 ;; This function uses a non-reentrant model
  6815 ;;
  6816                           
  6817                           	psect	text3
  6818   0047AE                     __ptext3:
  6819                           	callstack 0
  6820   0047AE                     _i2c_Read:
  6821                           	callstack 26
  6822                           
  6823                           ;incstack = 0
  6824                           ;i2c_Read@ack stored from wreg
  6825   0047AE  6E3D               	movwf	i2c_Read@ack^0,c
  6826   0047B0                     
  6827                           ;i2c.c: 93:     unsigned char i2cReadData;;i2c.c: 95:     i2c_Wait();
  6828   0047B0  EC35  F024         	call	_i2c_Wait	;wreg free
  6829   0047B4                     
  6830                           ;i2c.c: 96:     RCEN2 = 1;
  6831   0047B4  866B               	bsf	3947,3,c	;volatile
  6832                           
  6833                           ;i2c.c: 97:     i2c_Wait();
  6834   0047B6  EC35  F024         	call	_i2c_Wait	;wreg free
  6835   0047BA                     
  6836                           ;i2c.c: 98:     i2cReadData = SSP2BUF;
  6837   0047BA  CF6F F03E          	movff	3951,i2c_Read@i2cReadData	;volatile
  6838                           
  6839                           ;i2c.c: 99:     i2c_Wait();
  6840   0047BE  EC35  F024         	call	_i2c_Wait	;wreg free
  6841   0047C2                     
  6842                           ;i2c.c: 100:     if (ack)
  6843   0047C2  503D               	movf	i2c_Read@ack^0,w,c
  6844   0047C4  B4D8               	btfsc	status,2,c
  6845   0047C6  EFE7  F023         	goto	u6731
  6846   0047CA  EFE9  F023         	goto	u6730
  6847   0047CE                     u6731:
  6848   0047CE  EFEC  F023         	goto	l860
  6849   0047D2                     u6730:
  6850   0047D2                     
  6851                           ;i2c.c: 101:         ACKDT2 = 0;
  6852   0047D2  9A6B               	bcf	3947,5,c	;volatile
  6853   0047D4  EFED  F023         	goto	l861
  6854   0047D8                     l860:
  6855                           
  6856                           ;i2c.c: 103:         ACKDT2 = 1;
  6857   0047D8  8A6B               	bsf	3947,5,c	;volatile
  6858   0047DA                     l861:
  6859                           
  6860                           ;i2c.c: 104:     ACKEN2 = 1;
  6861   0047DA  886B               	bsf	3947,4,c	;volatile
  6862                           
  6863                           ;i2c.c: 106:     return ( i2cReadData);
  6864   0047DC  C03E  F03B         	movff	i2c_Read@i2cReadData,?_i2c_Read
  6865   0047E0  6A3C               	clrf	(?_i2c_Read+1)^0,c
  6866   0047E2  0012               	return		;funcret
  6867   0047E4                     __end_of_i2c_Read:
  6868                           	callstack 0
  6869                           
  6870 ;; *************** function _pwm_set *****************
  6871 ;; Defined at:
  6872 ;;		line 196 in file "main.c"
  6873 ;; Parameters:    Size  Location     Type
  6874 ;;  duty            2    8[COMRAM] unsigned short 
  6875 ;; Auto vars:     Size  Location     Type
  6876 ;;		None
  6877 ;; Return value:  Size  Location     Type
  6878 ;;                  1    wreg      void 
  6879 ;; Registers used:
  6880 ;;		wreg, status,2, status,0
  6881 ;; Tracked objects:
  6882 ;;		On entry : 0/0
  6883 ;;		On exit  : 0/0
  6884 ;;		Unchanged: 0/0
  6885 ;; Data sizes:     COMRAM   BANK0   BANK1   BANK2   BANK3   BANK4   BANK5   BANK6   BANK7   BANK8   BANK9  BANK10  BANK1
      +1  BANK12  BANK13  BANK14  BANK15
  6886 ;;      Params:         2       0       0       0       0       0       0       0       0       0       0       0       
      +0       0       0       0       0
  6887 ;;      Locals:         0       0       0       0       0       0       0       0       0       0       0       0       
      +0       0       0       0       0
  6888 ;;      Temps:          2       0       0       0       0       0       0       0       0       0       0       0       
      +0       0       0       0       0
  6889 ;;      Totals:         4       0       0       0       0       0       0       0       0       0       0       0       
      +0       0       0       0       0
  6890 ;;Total ram usage:        4 bytes
  6891 ;; Hardware stack levels used: 1
  6892 ;; Hardware stack levels required when called: 2
  6893 ;; This function calls:
  6894 ;;		Nothing
  6895 ;; This function is called by:
  6896 ;;		_main
  6897 ;; This function uses a non-reentrant model
  6898 ;;
  6899                           
  6900                           	psect	text4
  6901   0047E4                     __ptext4:
  6902                           	callstack 0
  6903   0047E4                     _pwm_set:
  6904                           	callstack 28
  6905   0047E4                     
  6906                           ;main.c: 197:     CCP1CONbits.DC1B = (uint8_t)(duty & 0x0003);
  6907   0047E4  C03A  F03C         	movff	pwm_set@duty,??_pwm_set
  6908   0047E8  0E03               	movlw	3
  6909   0047EA  163C               	andwf	??_pwm_set^0,f,c
  6910   0047EC  3A3C               	swapf	??_pwm_set^0,f,c
  6911   0047EE  50BB               	movf	187,w,c	;volatile
  6912   0047F0  183C               	xorwf	??_pwm_set^0,w,c
  6913   0047F2  0BCF               	andlw	-49
  6914   0047F4  183C               	xorwf	??_pwm_set^0,w,c
  6915   0047F6  6EBB               	movwf	187,c	;volatile
  6916                           
  6917                           ;main.c: 198:     CCPR1L = (uint8_t)(duty >> 2);
  6918   0047F8  C03A  F03C         	movff	pwm_set@duty,??_pwm_set
  6919   0047FC  C03B  F03D         	movff	pwm_set@duty+1,??_pwm_set+1
  6920   004800  90D8               	bcf	status,0,c
  6921   004802  323D               	rrcf	(??_pwm_set+1)^0,f,c
  6922   004804  323C               	rrcf	??_pwm_set^0,f,c
  6923   004806  90D8               	bcf	status,0,c
  6924   004808  323D               	rrcf	(??_pwm_set+1)^0,f,c
  6925   00480A  323C               	rrcf	??_pwm_set^0,f,c
  6926   00480C  503C               	movf	??_pwm_set^0,w,c
  6927   00480E  6EBC               	movwf	188,c	;volatile
  6928   004810  0012               	return		;funcret
  6929   004812                     __end_of_pwm_set:
  6930                           	callstack 0
  6931                           
  6932 ;; *************** function _initUSART *****************
  6933 ;; Defined at:
  6934 ;;		line 23 in file "usart.c"
  6935 ;; Parameters:    Size  Location     Type
  6936 ;;		None
  6937 ;; Auto vars:     Size  Location     Type
  6938 ;;		None
  6939 ;; Return value:  Size  Location     Type
  6940 ;;                  1    wreg      void 
  6941 ;; Registers used:
  6942 ;;		wreg, status,2
  6943 ;; Tracked objects:
  6944 ;;		On entry : 0/0
  6945 ;;		On exit  : 0/0
  6946 ;;		Unchanged: 0/0
  6947 ;; Data sizes:     COMRAM   BANK0   BANK1   BANK2   BANK3   BANK4   BANK5   BANK6   BANK7   BANK8   BANK9  BANK10  BANK1
      +1  BANK12  BANK13  BANK14  BANK15
  6948 ;;      Params:         0       0       0       0       0       0       0       0       0       0       0       0       
      +0       0       0       0       0
  6949 ;;      Locals:         0       0       0       0       0       0       0       0       0       0       0       0       
      +0       0       0       0       0
  6950 ;;      Temps:          0       0       0       0       0       0       0       0       0       0       0       0       
      +0       0       0       0       0
  6951 ;;      Totals:         0       0       0       0       0       0       0       0       0       0       0       0       
      +0       0       0       0       0
  6952 ;;Total ram usage:        0 bytes
  6953 ;; Hardware stack levels used: 1
  6954 ;; Hardware stack levels required when called: 2
  6955 ;; This function calls:
  6956 ;;		Nothing
  6957 ;; This function is called by:
  6958 ;;		_main
  6959 ;; This function uses a non-reentrant model
  6960 ;;
  6961                           
  6962                           	psect	text5
  6963   0045F0                     __ptext5:
  6964                           	callstack 0
  6965   0045F0                     _initUSART:
  6966                           	callstack 28
  6967   0045F0                     
  6968                           ;usart.c: 25:     TRISCbits.TRISC6 = 0;
  6969   0045F0  9C94               	bcf	148,6,c	;volatile
  6970                           
  6971                           ;usart.c: 26:     TRISCbits.TRISC7 = 1;
  6972   0045F2  8E94               	bsf	148,7,c	;volatile
  6973                           
  6974                           ;usart.c: 28:     TRISGbits.TRISG1 = 0;
  6975   0045F4  9298               	bcf	152,1,c	;volatile
  6976                           
  6977                           ;usart.c: 29:     TRISGbits.TRISG2 = 1;
  6978   0045F6  8498               	bsf	152,2,c	;volatile
  6979                           
  6980                           ;usart.c: 31:     TXSTA1bits.SYNC = 0;
  6981   0045F8  98AD               	bcf	173,4,c	;volatile
  6982                           
  6983                           ;usart.c: 32:     TXSTA1bits.TX9 = 0;
  6984   0045FA  9CAD               	bcf	173,6,c	;volatile
  6985                           
  6986                           ;usart.c: 33:     TXSTA1bits.TXEN = 1;
  6987   0045FC  8AAD               	bsf	173,5,c	;volatile
  6988                           
  6989                           ;usart.c: 35:     TXSTA2bits.SYNC = 0;
  6990   0045FE  98A8               	bcf	168,4,c	;volatile
  6991                           
  6992                           ;usart.c: 36:     TXSTA2bits.TX9 = 0;
  6993   004600  9CA8               	bcf	168,6,c	;volatile
  6994                           
  6995                           ;usart.c: 37:     TXSTA2bits.TXEN = 1;
  6996   004602  8AA8               	bsf	168,5,c	;volatile
  6997                           
  6998                           ;usart.c: 39:     RCSTA1bits.RX9 = 0;
  6999   004604  9CAC               	bcf	172,6,c	;volatile
  7000                           
  7001                           ;usart.c: 40:     RCSTA1bits.CREN = 1;
  7002   004606  88AC               	bsf	172,4,c	;volatile
  7003                           
  7004                           ;usart.c: 42:     RCSTA2bits.RX9 = 0;
  7005   004608  9C9C               	bcf	156,6,c	;volatile
  7006                           
  7007                           ;usart.c: 43:     RCSTA2bits.CREN = 1;
  7008   00460A  889C               	bsf	156,4,c	;volatile
  7009                           
  7010                           ;usart.c: 45:     TXSTA1bits.CSRC = 0;
  7011   00460C  9EAD               	bcf	173,7,c	;volatile
  7012                           
  7013                           ;usart.c: 46:     RCSTA1bits.ADDEN = 1;
  7014   00460E  86AC               	bsf	172,3,c	;volatile
  7015                           
  7016                           ;usart.c: 47:     RCSTA1bits.SPEN = 1;
  7017   004610  8EAC               	bsf	172,7,c	;volatile
  7018                           
  7019                           ;usart.c: 49:     TXSTA2bits.CSRC = 0;
  7020   004612  9EA8               	bcf	168,7,c	;volatile
  7021                           
  7022                           ;usart.c: 50:     RCSTA2bits.ADDEN = 1;
  7023   004614  869C               	bsf	156,3,c	;volatile
  7024                           
  7025                           ;usart.c: 51:     RCSTA2bits.SPEN = 1;
  7026   004616  8E9C               	bsf	156,7,c	;volatile
  7027                           
  7028                           ;usart.c: 54:     BAUDCON1bits.BRG16 = 0;
  7029   004618  967E               	bcf	126,3,c	;volatile
  7030                           
  7031                           ;usart.c: 55:     TXSTA1bits.BRGH = 1;
  7032   00461A  84AD               	bsf	173,2,c	;volatile
  7033                           
  7034                           ;usart.c: 57:     BAUDCON2bits.BRG16 = 0;
  7035   00461C  967C               	bcf	124,3,c	;volatile
  7036                           
  7037                           ;usart.c: 58:     TXSTA2bits.BRGH = 1;
  7038   00461E  84A8               	bsf	168,2,c	;volatile
  7039                           
  7040                           ;usart.c: 60:     PIE1bits.RC1IE = 1;
  7041   004620  8A9D               	bsf	157,5,c	;volatile
  7042                           
  7043                           ;usart.c: 61:     PIE1bits.TX1IE = 0;
  7044   004622  989D               	bcf	157,4,c	;volatile
  7045                           
  7046                           ;usart.c: 63:     PIE3bits.RC2IE = 1;
  7047   004624  8AA3               	bsf	163,5,c	;volatile
  7048                           
  7049                           ;usart.c: 64:     PIE3bits.TX2IE = 0;
  7050   004626  98A3               	bcf	163,4,c	;volatile
  7051   004628                     
  7052                           ;usart.c: 67:     SPBRG1 = 25;
  7053   004628  0E19               	movlw	25
  7054   00462A  6EB0               	movwf	176,c	;volatile
  7055                           
  7056                           ;usart.c: 68:     SPBRGH1 = 0;
  7057   00462C  0E00               	movlw	0
  7058   00462E  6E7F               	movwf	127,c	;volatile
  7059                           
  7060                           ;usart.c: 70:     SPBRG2 = 25;
  7061   004630  0E19               	movlw	25
  7062   004632  6EAB               	movwf	171,c	;volatile
  7063                           
  7064                           ;usart.c: 71:     SPBRGH2 = 0;
  7065   004634  0E00               	movlw	0
  7066   004636  6E7D               	movwf	125,c	;volatile
  7067   004638  0012               	return		;funcret
  7068   00463A                     __end_of_initUSART:
  7069                           	callstack 0
  7070                           
  7071 ;; *************** function _initMotor *****************
  7072 ;; Defined at:
  7073 ;;		line 21 in file "MotorDriver.c"
  7074 ;; Parameters:    Size  Location     Type
  7075 ;;		None
  7076 ;; Auto vars:     Size  Location     Type
  7077 ;;		None
  7078 ;; Return value:  Size  Location     Type
  7079 ;;                  1    wreg      void 
  7080 ;; Registers used:
  7081 ;;		wreg, status,2
  7082 ;; Tracked objects:
  7083 ;;		On entry : 0/0
  7084 ;;		On exit  : 0/0
  7085 ;;		Unchanged: 0/0
  7086 ;; Data sizes:     COMRAM   BANK0   BANK1   BANK2   BANK3   BANK4   BANK5   BANK6   BANK7   BANK8   BANK9  BANK10  BANK1
      +1  BANK12  BANK13  BANK14  BANK15
  7087 ;;      Params:         0       0       0       0       0       0       0       0       0       0       0       0       
      +0       0       0       0       0
  7088 ;;      Locals:         0       0       0       0       0       0       0       0       0       0       0       0       
      +0       0       0       0       0
  7089 ;;      Temps:          0       0       0       0       0       0       0       0       0       0       0       0       
      +0       0       0       0       0
  7090 ;;      Totals:         0       0       0       0       0       0       0       0       0       0       0       0       
      +0       0       0       0       0
  7091 ;;Total ram usage:        0 bytes
  7092 ;; Hardware stack levels used: 1
  7093 ;; Hardware stack levels required when called: 2
  7094 ;; This function calls:
  7095 ;;		Nothing
  7096 ;; This function is called by:
  7097 ;;		_main
  7098 ;; This function uses a non-reentrant model
  7099 ;;
  7100                           
  7101                           	psect	text6
  7102   004966                     __ptext6:
  7103                           	callstack 0
  7104   004966                     _initMotor:
  7105                           	callstack 28
  7106   004966                     
  7107                           ;MotorDriver.c: 22:     PR4 = 0xC7;
  7108   004966  0EC7               	movlw	199
  7109   004968  6E77               	movwf	119,c	;volatile
  7110   00496A                     
  7111                           ;MotorDriver.c: 23:     T3CONbits.T3CCP1 = 0;
  7112   00496A  9679               	bcf	121,3,c	;volatile
  7113   00496C                     
  7114                           ;MotorDriver.c: 24:     T3CONbits.T3CCP2 = 1;
  7115   00496C  8C79               	bsf	121,6,c	;volatile
  7116                           
  7117                           ;MotorDriver.c: 25:     T4CON = 0x00;
  7118   00496E  0E00               	movlw	0
  7119   004970  6E76               	movwf	118,c	;volatile
  7120   004972  0012               	return		;funcret
  7121   004974                     __end_of_initMotor:
  7122                           	callstack 0
  7123                           
  7124 ;; *************** function _init *****************
  7125 ;; Defined at:
  7126 ;;		line 18 in file "IO.c"
  7127 ;; Parameters:    Size  Location     Type
  7128 ;;		None
  7129 ;; Auto vars:     Size  Location     Type
  7130 ;;		None
  7131 ;; Return value:  Size  Location     Type
  7132 ;;                  1    wreg      void 
  7133 ;; Registers used:
  7134 ;;		wreg, status,2
  7135 ;; Tracked objects:
  7136 ;;		On entry : 0/0
  7137 ;;		On exit  : 0/0
  7138 ;;		Unchanged: 0/0
  7139 ;; Data sizes:     COMRAM   BANK0   BANK1   BANK2   BANK3   BANK4   BANK5   BANK6   BANK7   BANK8   BANK9  BANK10  BANK1
      +1  BANK12  BANK13  BANK14  BANK15
  7140 ;;      Params:         0       0       0       0       0       0       0       0       0       0       0       0       
      +0       0       0       0       0
  7141 ;;      Locals:         0       0       0       0       0       0       0       0       0       0       0       0       
      +0       0       0       0       0
  7142 ;;      Temps:          0       0       0       0       0       0       0       0       0       0       0       0       
      +0       0       0       0       0
  7143 ;;      Totals:         0       0       0       0       0       0       0       0       0       0       0       0       
      +0       0       0       0       0
  7144 ;;Total ram usage:        0 bytes
  7145 ;; Hardware stack levels used: 1
  7146 ;; Hardware stack levels required when called: 2
  7147 ;; This function calls:
  7148 ;;		Nothing
  7149 ;; This function is called by:
  7150 ;;		_main
  7151 ;; This function uses a non-reentrant model
  7152 ;;
  7153                           
  7154                           	psect	text7
  7155   004462                     __ptext7:
  7156                           	callstack 0
  7157   004462                     _init:
  7158                           	callstack 28
  7159   004462                     
  7160                           ;IO.c: 19:     TRISA = 0xFB;
  7161   004462  0EFB               	movlw	251
  7162   004464  6E92               	movwf	146,c	;volatile
  7163   004466                     
  7164                           ;IO.c: 20:     TRISB = 0XFF;
  7165   004466  6893               	setf	147,c	;volatile
  7166                           
  7167                           ;IO.c: 21:     TRISC = 0X84;
  7168   004468  0E84               	movlw	132
  7169   00446A  6E94               	movwf	148,c	;volatile
  7170                           
  7171                           ;IO.c: 22:     TRISD = 0XC0;
  7172   00446C  0EC0               	movlw	192
  7173   00446E  6E95               	movwf	149,c	;volatile
  7174                           
  7175                           ;IO.c: 23:     TRISE = 0X00;
  7176   004470  0E00               	movlw	0
  7177   004472  6E96               	movwf	150,c	;volatile
  7178                           
  7179                           ;IO.c: 24:     TRISF = 0X00;
  7180   004474  0E00               	movlw	0
  7181   004476  6E97               	movwf	151,c	;volatile
  7182                           
  7183                           ;IO.c: 25:     TRISG = 0X05;
  7184   004478  0E05               	movlw	5
  7185   00447A  6E98               	movwf	152,c	;volatile
  7186   00447C                     
  7187                           ;IO.c: 28:     ADCON0bits.VCFG1 = 0;
  7188   00447C  9EC2               	bcf	194,7,c	;volatile
  7189   00447E                     
  7190                           ;IO.c: 29:     ADCON0bits.VCFG0 = 0;
  7191   00447E  9CC2               	bcf	194,6,c	;volatile
  7192   004480                     
  7193                           ;IO.c: 30:     ADCON0bits.ADON = 0;
  7194   004480  90C2               	bcf	194,0,c	;volatile
  7195   004482                     
  7196                           ;IO.c: 33:     ADCON1bits.ADFM = 1;
  7197   004482  8EC1               	bsf	193,7,c	;volatile
  7198   004484                     
  7199                           ;IO.c: 34:     ADCON1bits.ADCAL = 0;
  7200   004484  9CC1               	bcf	193,6,c	;volatile
  7201   004486                     
  7202                           ;IO.c: 35:     ADCON1bits.ACQT2 = 0;
  7203   004486  9AC1               	bcf	193,5,c	;volatile
  7204   004488                     
  7205                           ;IO.c: 36:     ADCON1bits.ACQT1 = 1;
  7206   004488  88C1               	bsf	193,4,c	;volatile
  7207   00448A                     
  7208                           ;IO.c: 37:     ADCON1bits.ACQT0 = 0;
  7209   00448A  96C1               	bcf	193,3,c	;volatile
  7210   00448C                     
  7211                           ;IO.c: 38:     ADCON1bits.ADCS2 = 1;
  7212   00448C  84C1               	bsf	193,2,c	;volatile
  7213   00448E                     
  7214                           ;IO.c: 39:     ADCON1bits.ADCS1 = 0;
  7215   00448E  92C1               	bcf	193,1,c	;volatile
  7216   004490                     
  7217                           ;IO.c: 40:     ADCON1bits.ADCS0 = 0;
  7218   004490  90C1               	bcf	193,0,c	;volatile
  7219   004492                     
  7220                           ;IO.c: 45:     WDTCONbits.ADSHR = 1;
  7221   004492  88C0               	bsf	192,4,c	;volatile
  7222   004494                     
  7223                           ;IO.c: 51:     ANCON0bits.PCFG0 = 0;
  7224   004494  90C1               	bcf	193,0,c	;volatile
  7225   004496                     
  7226                           ;IO.c: 52:     ANCON0bits.PCFG1 = 1;
  7227   004496  82C1               	bsf	193,1,c	;volatile
  7228   004498                     
  7229                           ;IO.c: 53:     ANCON0bits.PCFG2 = 1;
  7230   004498  84C1               	bsf	193,2,c	;volatile
  7231   00449A                     
  7232                           ;IO.c: 54:     ANCON0bits.PCFG3 = 1;
  7233   00449A  86C1               	bsf	193,3,c	;volatile
  7234   00449C                     
  7235                           ;IO.c: 55:     ANCON0bits.PCFG4 = 1;
  7236   00449C  88C1               	bsf	193,4,c	;volatile
  7237   00449E                     
  7238                           ;IO.c: 56:     ANCON0bits.PCFG7 = 1;
  7239   00449E  8EC1               	bsf	193,7,c	;volatile
  7240   0044A0                     
  7241                           ;IO.c: 58:     WDTCONbits.ADSHR = 0;
  7242   0044A0  98C0               	bcf	192,4,c	;volatile
  7243   0044A2                     
  7244                           ;IO.c: 60:     INTCONbits.GIE = 1;
  7245   0044A2  8EF2               	bsf	242,7,c	;volatile
  7246                           
  7247                           ;IO.c: 65:     OSCCONbits.SCS = 0b11;
  7248   0044A4  0E03               	movlw	3
  7249   0044A6  12D3               	iorwf	211,f,c	;volatile
  7250                           
  7251                           ;IO.c: 66:     OSCCONbits.IRCF = 0b111;
  7252   0044A8  0E70               	movlw	112
  7253   0044AA  12D3               	iorwf	211,f,c	;volatile
  7254                           
  7255                           ;IO.c: 68:     ADRES = 0;
  7256   0044AC  0E00               	movlw	0
  7257   0044AE  6EC4               	movwf	196,c	;volatile
  7258   0044B0  0E00               	movlw	0
  7259   0044B2  6EC3               	movwf	195,c	;volatile
  7260   0044B4                     
  7261                           ;IO.c: 71:     ADCON0bits.CHS0 = 0;
  7262   0044B4  94C2               	bcf	194,2,c	;volatile
  7263   0044B6                     
  7264                           ;IO.c: 72:     ADCON0bits.CHS1 = 0;
  7265   0044B6  96C2               	bcf	194,3,c	;volatile
  7266   0044B8                     
  7267                           ;IO.c: 73:     ADCON0bits.CHS2 = 0;
  7268   0044B8  98C2               	bcf	194,4,c	;volatile
  7269   0044BA                     
  7270                           ;IO.c: 74:     ADCON0bits.CHS3 = 0;
  7271   0044BA  9AC2               	bcf	194,5,c	;volatile
  7272   0044BC                     
  7273                           ;IO.c: 75:     ADCON1bits.ADCAL = 1;
  7274   0044BC  8CC1               	bsf	193,6,c	;volatile
  7275   0044BE                     
  7276                           ;IO.c: 76:     ADCON0bits.ADON = 1;
  7277   0044BE  80C2               	bsf	194,0,c	;volatile
  7278   0044C0                     
  7279                           ;IO.c: 78:     ADCON0bits.GO = 1;
  7280   0044C0  82C2               	bsf	194,1,c	;volatile
  7281   0044C2                     l1204:
  7282                           
  7283                           ;IO.c: 79:     while (ADCON0bits.GO) {
  7284   0044C2  B2C2               	btfsc	194,1,c	;volatile
  7285   0044C4  EF66  F022         	goto	u4011
  7286   0044C8  EF68  F022         	goto	u4010
  7287   0044CC                     u4011:
  7288   0044CC  EF61  F022         	goto	l1204
  7289   0044D0                     u4010:
  7290   0044D0                     
  7291                           ;IO.c: 82:     ADCON1bits.ADCAL = 0;
  7292   0044D0  9CC1               	bcf	193,6,c	;volatile
  7293   0044D2  0012               	return		;funcret
  7294   0044D4                     __end_of_init:
  7295                           	callstack 0
  7296                           
  7297 ;; *************** function _i2c_Init *****************
  7298 ;; Defined at:
  7299 ;;		line 25 in file "i2c.c"
  7300 ;; Parameters:    Size  Location     Type
  7301 ;;		None
  7302 ;; Auto vars:     Size  Location     Type
  7303 ;;		None
  7304 ;; Return value:  Size  Location     Type
  7305 ;;                  1    wreg      void 
  7306 ;; Registers used:
  7307 ;;		wreg, status,2
  7308 ;; Tracked objects:
  7309 ;;		On entry : 0/0
  7310 ;;		On exit  : 0/0
  7311 ;;		Unchanged: 0/0
  7312 ;; Data sizes:     COMRAM   BANK0   BANK1   BANK2   BANK3   BANK4   BANK5   BANK6   BANK7   BANK8   BANK9  BANK10  BANK1
      +1  BANK12  BANK13  BANK14  BANK15
  7313 ;;      Params:         0       0       0       0       0       0       0       0       0       0       0       0       
      +0       0       0       0       0
  7314 ;;      Locals:         0       0       0       0       0       0       0       0       0       0       0       0       
      +0       0       0       0       0
  7315 ;;      Temps:          0       0       0       0       0       0       0       0       0       0       0       0       
      +0       0       0       0       0
  7316 ;;      Totals:         0       0       0       0       0       0       0       0       0       0       0       0       
      +0       0       0       0       0
  7317 ;;Total ram usage:        0 bytes
  7318 ;; Hardware stack levels used: 1
  7319 ;; Hardware stack levels required when called: 2
  7320 ;; This function calls:
  7321 ;;		Nothing
  7322 ;; This function is called by:
  7323 ;;		_main
  7324 ;; This function uses a non-reentrant model
  7325 ;;
  7326                           
  7327                           	psect	text8
  7328   0048CE                     __ptext8:
  7329                           	callstack 0
  7330   0048CE                     _i2c_Init:
  7331                           	callstack 28
  7332   0048CE                     
  7333                           ;i2c.c: 29:     TRISD5 = 1;
  7334   0048CE  8A95               	bsf	3989,5,c	;volatile
  7335                           
  7336                           ;i2c.c: 30:     TRISD6 = 1;
  7337   0048D0  8C95               	bsf	3989,6,c	;volatile
  7338   0048D2                     
  7339                           ;i2c.c: 32:     SSP2CON1 = 0b00101000;
  7340   0048D2  0E28               	movlw	40
  7341   0048D4  6E6C               	movwf	108,c	;volatile
  7342                           
  7343                           ;i2c.c: 33:     SSP2CON2 = 0x00;
  7344   0048D6  0E00               	movlw	0
  7345   0048D8  6E6B               	movwf	107,c	;volatile
  7346                           
  7347                           ;i2c.c: 35:     SSP2ADD = 39;
  7348   0048DA  0E27               	movlw	39
  7349   0048DC  6E6E               	movwf	110,c	;volatile
  7350                           
  7351                           ;i2c.c: 37:     SSP2STAT = 0b11000000;
  7352   0048DE  0EC0               	movlw	192
  7353   0048E0  6E6D               	movwf	109,c	;volatile
  7354   0048E2  0012               	return		;funcret
  7355   0048E4                     __end_of_i2c_Init:
  7356                           	callstack 0
  7357                           
  7358 ;; *************** function _flush *****************
  7359 ;; Defined at:
  7360 ;;		line 2208 in file "main.c"
  7361 ;; Parameters:    Size  Location     Type
  7362 ;;		None
  7363 ;; Auto vars:     Size  Location     Type
  7364 ;;  i               2    8[COMRAM] int 
  7365 ;; Return value:  Size  Location     Type
  7366 ;;                  1    wreg      void 
  7367 ;; Registers used:
  7368 ;;		wreg, fsr2l, fsr2h, status,2, status,0
  7369 ;; Tracked objects:
  7370 ;;		On entry : 0/0
  7371 ;;		On exit  : 0/0
  7372 ;;		Unchanged: 0/0
  7373 ;; Data sizes:     COMRAM   BANK0   BANK1   BANK2   BANK3   BANK4   BANK5   BANK6   BANK7   BANK8   BANK9  BANK10  BANK1
      +1  BANK12  BANK13  BANK14  BANK15
  7374 ;;      Params:         0       0       0       0       0       0       0       0       0       0       0       0       
      +0       0       0       0       0
  7375 ;;      Locals:         2       0       0       0       0       0       0       0       0       0       0       0       
      +0       0       0       0       0
  7376 ;;      Temps:          0       0       0       0       0       0       0       0       0       0       0       0       
      +0       0       0       0       0
  7377 ;;      Totals:         2       0       0       0       0       0       0       0       0       0       0       0       
      +0       0       0       0       0
  7378 ;;Total ram usage:        2 bytes
  7379 ;; Hardware stack levels used: 1
  7380 ;; Hardware stack levels required when called: 2
  7381 ;; This function calls:
  7382 ;;		Nothing
  7383 ;; This function is called by:
  7384 ;;		_main
  7385 ;; This function uses a non-reentrant model
  7386 ;;
  7387                           
  7388                           	psect	text9
  7389   004702                     __ptext9:
  7390                           	callstack 0
  7391   004702                     _flush:
  7392                           	callstack 28
  7393   004702                     
  7394                           ;main.c: 2209:     int i;;main.c: 2211:     for (i = 0; i < 16; i++) {
  7395   004702  0E00               	movlw	0
  7396   004704  6E3B               	movwf	(flush@i+1)^0,c
  7397   004706  0E00               	movlw	0
  7398   004708  6E3A               	movwf	flush@i^0,c
  7399   00470A                     l6058:
  7400                           
  7401                           ;main.c: 2212:         Serial_Buffer[i] = 0x00;
  7402   00470A  0E70               	movlw	low _Serial_Buffer
  7403   00470C  243A               	addwf	flush@i^0,w,c
  7404   00470E  6ED9               	movwf	fsr2l,c
  7405   004710  0E00               	movlw	high _Serial_Buffer
  7406   004712  203B               	addwfc	(flush@i+1)^0,w,c
  7407   004714  6EDA               	movwf	fsr2h,c
  7408   004716  0E00               	movlw	0
  7409   004718  6EDF               	movwf	indf2,c
  7410   00471A                     
  7411                           ;main.c: 2213:     }
  7412   00471A  4A3A               	infsnz	flush@i^0,f,c
  7413   00471C  2A3B               	incf	(flush@i+1)^0,f,c
  7414   00471E  BE3B               	btfsc	(flush@i+1)^0,7,c
  7415   004720  EF9B  F023         	goto	u4611
  7416   004724  503B               	movf	(flush@i+1)^0,w,c
  7417   004726  E109               	bnz	u4610
  7418   004728  0E10               	movlw	16
  7419   00472A  5C3A               	subwf	flush@i^0,w,c
  7420   00472C  A0D8               	btfss	status,0,c
  7421   00472E  EF9B  F023         	goto	u4611
  7422   004732  EF9D  F023         	goto	u4610
  7423   004736                     u4611:
  7424   004736  EF85  F023         	goto	l6058
  7425   00473A                     u4610:
  7426   00473A  0012               	return		;funcret
  7427   00473C                     __end_of_flush:
  7428                           	callstack 0
  7429                           
  7430 ;; *************** function _delay2_1ms *****************
  7431 ;; Defined at:
  7432 ;;		line 213 in file "usart.c"
  7433 ;; Parameters:    Size  Location     Type
  7434 ;;  time            2    8[COMRAM] unsigned int 
  7435 ;; Auto vars:     Size  Location     Type
  7436 ;;		None
  7437 ;; Return value:  Size  Location     Type
  7438 ;;                  1    wreg      void 
  7439 ;; Registers used:
  7440 ;;		wreg, status,2, status,0
  7441 ;; Tracked objects:
  7442 ;;		On entry : 0/0
  7443 ;;		On exit  : 0/0
  7444 ;;		Unchanged: 0/0
  7445 ;; Data sizes:     COMRAM   BANK0   BANK1   BANK2   BANK3   BANK4   BANK5   BANK6   BANK7   BANK8   BANK9  BANK10  BANK1
      +1  BANK12  BANK13  BANK14  BANK15
  7446 ;;      Params:         2       0       0       0       0       0       0       0       0       0       0       0       
      +0       0       0       0       0
  7447 ;;      Locals:         0       0       0       0       0       0       0       0       0       0       0       0       
      +0       0       0       0       0
  7448 ;;      Temps:          1       0       0       0       0       0       0       0       0       0       0       0       
      +0       0       0       0       0
  7449 ;;      Totals:         3       0       0       0       0       0       0       0       0       0       0       0       
      +0       0       0       0       0
  7450 ;;Total ram usage:        3 bytes
  7451 ;; Hardware stack levels used: 1
  7452 ;; Hardware stack levels required when called: 2
  7453 ;; This function calls:
  7454 ;;		Nothing
  7455 ;; This function is called by:
  7456 ;;		_main
  7457 ;;		_handle_uart_communication
  7458 ;; This function uses a non-reentrant model
  7459 ;;
  7460                           
  7461                           	psect	text10
  7462   004812                     __ptext10:
  7463                           	callstack 0
  7464   004812                     _delay2_1ms:
  7465                           	callstack 28
  7466   004812                     
  7467                           ;usart.c: 214:     while (time > 0) {
  7468   004812  EF15  F024         	goto	l1023
  7469   004816                     l6048:
  7470                           
  7471                           ;usart.c: 215:         _delay((unsigned long)((1)*(8000000/4000.0)));
  7472   004816  0E03               	movlw	3
  7473   004818  6E3C               	movwf	??_delay2_1ms^0,c
  7474   00481A  0E98               	movlw	152
  7475   00481C                     u8567:
  7476   00481C  2EE8               	decfsz	wreg,f,c
  7477   00481E  D7FE               	bra	u8567
  7478   004820  2E3C               	decfsz	??_delay2_1ms^0,f,c
  7479   004822  D7FC               	bra	u8567
  7480   004824                     
  7481                           ;usart.c: 216:         time--;
  7482   004824  063A               	decf	delay2_1ms@time^0,f,c
  7483   004826  A0D8               	btfss	status,0,c
  7484   004828  063B               	decf	(delay2_1ms@time+1)^0,f,c
  7485   00482A                     l1023:
  7486                           
  7487                           ;usart.c: 214:     while (time > 0) {
  7488   00482A  503A               	movf	delay2_1ms@time^0,w,c
  7489   00482C  103B               	iorwf	(delay2_1ms@time+1)^0,w,c
  7490   00482E  A4D8               	btfss	status,2,c
  7491   004830  EF1C  F024         	goto	u4601
  7492   004834  EF1E  F024         	goto	u4600
  7493   004838                     u4601:
  7494   004838  EF0B  F024         	goto	l6048
  7495   00483C                     u4600:
  7496   00483C  0012               	return		;funcret
  7497   00483E                     __end_of_delay2_1ms:
  7498                           	callstack 0
  7499                           
  7500 ;; *************** function _WriteSTLED316SVibMode *****************
  7501 ;; Defined at:
  7502 ;;		line 244 in file "Display.c"
  7503 ;; Parameters:    Size  Location     Type
  7504 ;;  dc_reg          2   14[COMRAM] unsigned int 
  7505 ;;  v_mode          1   16[COMRAM] unsigned char 
  7506 ;; Auto vars:     Size  Location     Type
  7507 ;;		None
  7508 ;; Return value:  Size  Location     Type
  7509 ;;                  1    wreg      void 
  7510 ;; Registers used:
  7511 ;;		wreg, status,2, status,0, cstack
  7512 ;; Tracked objects:
  7513 ;;		On entry : 0/0
  7514 ;;		On exit  : 0/0
  7515 ;;		Unchanged: 0/0
  7516 ;; Data sizes:     COMRAM   BANK0   BANK1   BANK2   BANK3   BANK4   BANK5   BANK6   BANK7   BANK8   BANK9  BANK10  BANK1
      +1  BANK12  BANK13  BANK14  BANK15
  7517 ;;      Params:         3       0       0       0       0       0       0       0       0       0       0       0       
      +0       0       0       0       0
  7518 ;;      Locals:         0       0       0       0       0       0       0       0       0       0       0       0       
      +0       0       0       0       0
  7519 ;;      Temps:          0       0       0       0       0       0       0       0       0       0       0       0       
      +0       0       0       0       0
  7520 ;;      Totals:         3       0       0       0       0       0       0       0       0       0       0       0       
      +0       0       0       0       0
  7521 ;;Total ram usage:        3 bytes
  7522 ;; Hardware stack levels used: 1
  7523 ;; Hardware stack levels required when called: 3
  7524 ;; This function calls:
  7525 ;;		_STLED316s_SPI_SendData
  7526 ;; This function is called by:
  7527 ;;		_main
  7528 ;; This function uses a non-reentrant model
  7529 ;;
  7530                           
  7531                           	psect	text11
  7532   003A94                     __ptext11:
  7533                           	callstack 0
  7534   003A94                     _WriteSTLED316SVibMode:
  7535                           	callstack 27
  7536   003A94                     
  7537                           ;Display.c: 246:     LATCbits.LATC4 = 0;
  7538   003A94  988B               	bcf	139,4,c	;volatile
  7539   003A96                     
  7540                           ;Display.c: 248:     STLED316s_SPI_SendData(0x00);
  7541   003A96  0E00               	movlw	0
  7542   003A98  ECF1  F021         	call	_STLED316s_SPI_SendData
  7543   003A9C                     
  7544                           ;Display.c: 251:     LATCbits.LATC4 = 1;
  7545   003A9C  888B               	bsf	139,4,c	;volatile
  7546   003A9E                     
  7547                           ;Display.c: 253:     LATCbits.LATC4 = 0;
  7548   003A9E  988B               	bcf	139,4,c	;volatile
  7549                           
  7550                           ;Display.c: 255:     STLED316s_SPI_SendData(0x00);
  7551   003AA0  0E00               	movlw	0
  7552   003AA2  ECF1  F021         	call	_STLED316s_SPI_SendData
  7553   003AA6                     
  7554                           ;Display.c: 261:     if (v_mode == 1 && dc_reg == 0x01) {
  7555   003AA6  0442               	decf	WriteSTLED316SVibMode@v_mode^0,w,c
  7556   003AA8  A4D8               	btfss	status,2,c
  7557   003AAA  EF59  F01D         	goto	u4071
  7558   003AAE  EF5B  F01D         	goto	u4070
  7559   003AB2                     u4071:
  7560   003AB2  EF6C  F01D         	goto	l5700
  7561   003AB6                     u4070:
  7562   003AB6  0440               	decf	WriteSTLED316SVibMode@dc_reg^0,w,c
  7563   003AB8  1041               	iorwf	(WriteSTLED316SVibMode@dc_reg+1)^0,w,c
  7564   003ABA  A4D8               	btfss	status,2,c
  7565   003ABC  EF62  F01D         	goto	u4081
  7566   003AC0  EF64  F01D         	goto	u4080
  7567   003AC4                     u4081:
  7568   003AC4  EF6C  F01D         	goto	l5700
  7569   003AC8                     u4080:
  7570   003AC8                     
  7571                           ;Display.c: 262:         STLED316s_SPI_SendData(0x3E);
  7572   003AC8  0E3E               	movlw	62
  7573   003ACA  ECF1  F021         	call	_STLED316s_SPI_SendData
  7574                           
  7575                           ;Display.c: 263:         STLED316s_SPI_SendData(0x86);
  7576   003ACE  0E86               	movlw	134
  7577   003AD0  ECF1  F021         	call	_STLED316s_SPI_SendData
  7578                           
  7579                           ;Display.c: 264:     }
  7580   003AD4  EFD3  F01D         	goto	l5724
  7581   003AD8                     l5700:
  7582   003AD8  0442               	decf	WriteSTLED316SVibMode@v_mode^0,w,c
  7583   003ADA  A4D8               	btfss	status,2,c
  7584   003ADC  EF72  F01D         	goto	u4091
  7585   003AE0  EF74  F01D         	goto	u4090
  7586   003AE4                     u4091:
  7587   003AE4  EF86  F01D         	goto	l5706
  7588   003AE8                     u4090:
  7589   003AE8  0E02               	movlw	2
  7590   003AEA  1840               	xorwf	WriteSTLED316SVibMode@dc_reg^0,w,c
  7591   003AEC  1041               	iorwf	(WriteSTLED316SVibMode@dc_reg+1)^0,w,c
  7592   003AEE  A4D8               	btfss	status,2,c
  7593   003AF0  EF7C  F01D         	goto	u4101
  7594   003AF4  EF7E  F01D         	goto	u4100
  7595   003AF8                     u4101:
  7596   003AF8  EF86  F01D         	goto	l5706
  7597   003AFC                     u4100:
  7598   003AFC                     
  7599                           ;Display.c: 266:         STLED316s_SPI_SendData(0x3E);
  7600   003AFC  0E3E               	movlw	62
  7601   003AFE  ECF1  F021         	call	_STLED316s_SPI_SendData
  7602                           
  7603                           ;Display.c: 267:         STLED316s_SPI_SendData(0xDB);
  7604   003B02  0EDB               	movlw	219
  7605   003B04  ECF1  F021         	call	_STLED316s_SPI_SendData
  7606                           
  7607                           ;Display.c: 268:     }
  7608   003B08  EFD3  F01D         	goto	l5724
  7609   003B0C                     l5706:
  7610   003B0C  0442               	decf	WriteSTLED316SVibMode@v_mode^0,w,c
  7611   003B0E  A4D8               	btfss	status,2,c
  7612   003B10  EF8C  F01D         	goto	u4111
  7613   003B14  EF8E  F01D         	goto	u4110
  7614   003B18                     u4111:
  7615   003B18  EFA0  F01D         	goto	l5712
  7616   003B1C                     u4110:
  7617   003B1C  0E03               	movlw	3
  7618   003B1E  1840               	xorwf	WriteSTLED316SVibMode@dc_reg^0,w,c
  7619   003B20  1041               	iorwf	(WriteSTLED316SVibMode@dc_reg+1)^0,w,c
  7620   003B22  A4D8               	btfss	status,2,c
  7621   003B24  EF96  F01D         	goto	u4121
  7622   003B28  EF98  F01D         	goto	u4120
  7623   003B2C                     u4121:
  7624   003B2C  EFA0  F01D         	goto	l5712
  7625   003B30                     u4120:
  7626   003B30                     
  7627                           ;Display.c: 270:         STLED316s_SPI_SendData(0x3E);
  7628   003B30  0E3E               	movlw	62
  7629   003B32  ECF1  F021         	call	_STLED316s_SPI_SendData
  7630                           
  7631                           ;Display.c: 271:         STLED316s_SPI_SendData(0xCF);
  7632   003B36  0ECF               	movlw	207
  7633   003B38  ECF1  F021         	call	_STLED316s_SPI_SendData
  7634                           
  7635                           ;Display.c: 272:     }
  7636   003B3C  EFD3  F01D         	goto	l5724
  7637   003B40                     l5712:
  7638   003B40  0442               	decf	WriteSTLED316SVibMode@v_mode^0,w,c
  7639   003B42  A4D8               	btfss	status,2,c
  7640   003B44  EFA6  F01D         	goto	u4131
  7641   003B48  EFA8  F01D         	goto	u4130
  7642   003B4C                     u4131:
  7643   003B4C  EFBA  F01D         	goto	l5718
  7644   003B50                     u4130:
  7645   003B50  0E04               	movlw	4
  7646   003B52  1840               	xorwf	WriteSTLED316SVibMode@dc_reg^0,w,c
  7647   003B54  1041               	iorwf	(WriteSTLED316SVibMode@dc_reg+1)^0,w,c
  7648   003B56  A4D8               	btfss	status,2,c
  7649   003B58  EFB0  F01D         	goto	u4141
  7650   003B5C  EFB2  F01D         	goto	u4140
  7651   003B60                     u4141:
  7652   003B60  EFBA  F01D         	goto	l5718
  7653   003B64                     u4140:
  7654   003B64                     
  7655                           ;Display.c: 274:         STLED316s_SPI_SendData(0x3E);
  7656   003B64  0E3E               	movlw	62
  7657   003B66  ECF1  F021         	call	_STLED316s_SPI_SendData
  7658                           
  7659                           ;Display.c: 275:         STLED316s_SPI_SendData(0xE6);
  7660   003B6A  0EE6               	movlw	230
  7661   003B6C  ECF1  F021         	call	_STLED316s_SPI_SendData
  7662                           
  7663                           ;Display.c: 276:     }
  7664   003B70  EFD3  F01D         	goto	l5724
  7665   003B74                     l5718:
  7666   003B74  5042               	movf	WriteSTLED316SVibMode@v_mode^0,w,c
  7667   003B76  A4D8               	btfss	status,2,c
  7668   003B78  EFC0  F01D         	goto	u4151
  7669   003B7C  EFC2  F01D         	goto	u4150
  7670   003B80                     u4151:
  7671   003B80  EFD3  F01D         	goto	l784
  7672   003B84                     u4150:
  7673   003B84  5040               	movf	WriteSTLED316SVibMode@dc_reg^0,w,c
  7674   003B86  1041               	iorwf	(WriteSTLED316SVibMode@dc_reg+1)^0,w,c
  7675   003B88  A4D8               	btfss	status,2,c
  7676   003B8A  EFC9  F01D         	goto	u4161
  7677   003B8E  EFCB  F01D         	goto	u4160
  7678   003B92                     u4161:
  7679   003B92  EFD3  F01D         	goto	l784
  7680   003B96                     u4160:
  7681   003B96                     
  7682                           ;Display.c: 278:         STLED316s_SPI_SendData(0x3E);
  7683   003B96  0E3E               	movlw	62
  7684   003B98  ECF1  F021         	call	_STLED316s_SPI_SendData
  7685                           
  7686                           ;Display.c: 279:         STLED316s_SPI_SendData(0xBF);
  7687   003B9C  0EBF               	movlw	191
  7688   003B9E  ECF1  F021         	call	_STLED316s_SPI_SendData
  7689   003BA2  EFD3  F01D         	goto	l5724
  7690   003BA6                     l784:
  7691   003BA6                     l5724:
  7692                           
  7693                           ;Display.c: 282:     LATCbits.LATC4 = 1;
  7694   003BA6  888B               	bsf	139,4,c	;volatile
  7695   003BA8                     
  7696                           ;Display.c: 284:     LATCbits.LATC4 = 0;
  7697   003BA8  988B               	bcf	139,4,c	;volatile
  7698                           
  7699                           ;Display.c: 286:     STLED316s_SPI_SendData(0x0D);
  7700   003BAA  0E0D               	movlw	13
  7701   003BAC  ECF1  F021         	call	_STLED316s_SPI_SendData
  7702   003BB0                     
  7703                           ;Display.c: 288:     LATCbits.LATC4 = 1;
  7704   003BB0  888B               	bsf	139,4,c	;volatile
  7705   003BB2  0012               	return		;funcret
  7706   003BB4                     __end_of_WriteSTLED316SVibMode:
  7707                           	callstack 0
  7708                           
  7709 ;; *************** function _ToggleVIB_Mode *****************
  7710 ;; Defined at:
  7711 ;;		line 1941 in file "main.c"
  7712 ;; Parameters:    Size  Location     Type
  7713 ;;		None
  7714 ;; Auto vars:     Size  Location     Type
  7715 ;;		None
  7716 ;; Return value:  Size  Location     Type
  7717 ;;                  1    wreg      void 
  7718 ;; Registers used:
  7719 ;;		wreg, status,2, status,0, cstack
  7720 ;; Tracked objects:
  7721 ;;		On entry : 0/0
  7722 ;;		On exit  : 0/0
  7723 ;;		Unchanged: 0/0
  7724 ;; Data sizes:     COMRAM   BANK0   BANK1   BANK2   BANK3   BANK4   BANK5   BANK6   BANK7   BANK8   BANK9  BANK10  BANK1
      +1  BANK12  BANK13  BANK14  BANK15
  7725 ;;      Params:         0       0       0       0       0       0       0       0       0       0       0       0       
      +0       0       0       0       0
  7726 ;;      Locals:         0       0       0       0       0       0       0       0       0       0       0       0       
      +0       0       0       0       0
  7727 ;;      Temps:          0       0       0       0       0       0       0       0       0       0       0       0       
      +0       0       0       0       0
  7728 ;;      Totals:         0       0       0       0       0       0       0       0       0       0       0       0       
      +0       0       0       0       0
  7729 ;;Total ram usage:        0 bytes
  7730 ;; Hardware stack levels used: 1
  7731 ;; Hardware stack levels required when called: 5
  7732 ;; This function calls:
  7733 ;;		_write_i2c
  7734 ;; This function is called by:
  7735 ;;		_main
  7736 ;;		_vibrationMotorControl
  7737 ;; This function uses a non-reentrant model
  7738 ;;
  7739                           
  7740                           	psect	text12
  7741   0046C4                     __ptext12:
  7742                           	callstack 0
  7743   0046C4                     _ToggleVIB_Mode:
  7744                           	callstack 25
  7745   0046C4                     
  7746                           ;main.c: 1943:     if (dutyCycle_reg == 0x00)
  7747   0046C4  5013               	movf	_dutyCycle_reg^0,w,c
  7748   0046C6  1014               	iorwf	(_dutyCycle_reg+1)^0,w,c
  7749   0046C8  A4D8               	btfss	status,2,c
  7750   0046CA  EF69  F023         	goto	u6741
  7751   0046CE  EF6B  F023         	goto	u6740
  7752   0046D2                     u6741:
  7753   0046D2  EF6F  F023         	goto	l8604
  7754   0046D6                     u6740:
  7755   0046D6                     
  7756                           ;main.c: 1944:         vibration_mode = 0;
  7757   0046D6  0E00               	movlw	0
  7758   0046D8  6E2C               	movwf	_vibration_mode^0,c
  7759   0046DA  EF71  F023         	goto	l8606
  7760   0046DE                     l8604:
  7761                           
  7762                           ;main.c: 1946:         vibration_mode = 1;
  7763   0046DE  0E01               	movlw	1
  7764   0046E0  6E2C               	movwf	_vibration_mode^0,c
  7765   0046E2                     l8606:
  7766                           
  7767                           ;main.c: 1953:     INTCONbits.GIE = 0;
  7768   0046E2  9EF2               	bcf	242,7,c	;volatile
  7769   0046E4                     
  7770                           ;main.c: 1954:     write_i2c(0x0010, vibration_mode);
  7771   0046E4  0E10               	movlw	16
  7772   0046E6  6E48               	movwf	write_i2c@address^0,c
  7773   0046E8  0E00               	movlw	0
  7774   0046EA  6E49               	movwf	(write_i2c@address+1)^0,c
  7775   0046EC  0E00               	movlw	0
  7776   0046EE  6E4A               	movwf	(write_i2c@address+2)^0,c
  7777   0046F0  0E00               	movlw	0
  7778   0046F2  6E4B               	movwf	(write_i2c@address+3)^0,c
  7779   0046F4  C02C  F04C         	movff	_vibration_mode,write_i2c@data
  7780   0046F8  6A4D               	clrf	(write_i2c@data+1)^0,c
  7781   0046FA  EC1D  F023         	call	_write_i2c	;wreg free
  7782   0046FE                     
  7783                           ;main.c: 1955:     INTCONbits.GIE = 1;
  7784   0046FE  8EF2               	bsf	242,7,c	;volatile
  7785   004700  0012               	return		;funcret
  7786   004702                     __end_of_ToggleVIB_Mode:
  7787                           	callstack 0
  7788                           
  7789 ;; *************** function _PWM_Selection *****************
  7790 ;; Defined at:
  7791 ;;		line 2303 in file "main.c"
  7792 ;; Parameters:    Size  Location     Type
  7793 ;;  msg             2    0[BANK0 ] unsigned int 
  7794 ;; Auto vars:     Size  Location     Type
  7795 ;;  dcSelected      2    4[BANK0 ] int 
  7796 ;; Return value:  Size  Location     Type
  7797 ;;                  2    0[BANK0 ] unsigned int 
  7798 ;; Registers used:
  7799 ;;		wreg, status,2, status,0, cstack
  7800 ;; Tracked objects:
  7801 ;;		On entry : 0/0
  7802 ;;		On exit  : 0/0
  7803 ;;		Unchanged: 0/0
  7804 ;; Data sizes:     COMRAM   BANK0   BANK1   BANK2   BANK3   BANK4   BANK5   BANK6   BANK7   BANK8   BANK9  BANK10  BANK1
      +1  BANK12  BANK13  BANK14  BANK15
  7805 ;;      Params:         0       2       0       0       0       0       0       0       0       0       0       0       
      +0       0       0       0       0
  7806 ;;      Locals:         0       2       0       0       0       0       0       0       0       0       0       0       
      +0       0       0       0       0
  7807 ;;      Temps:          0       2       0       0       0       0       0       0       0       0       0       0       
      +0       0       0       0       0
  7808 ;;      Totals:         0       6       0       0       0       0       0       0       0       0       0       0       
      +0       0       0       0       0
  7809 ;;Total ram usage:        6 bytes
  7810 ;; Hardware stack levels used: 1
  7811 ;; Hardware stack levels required when called: 5
  7812 ;; This function calls:
  7813 ;;		_write_i2c
  7814 ;; This function is called by:
  7815 ;;		_main
  7816 ;;		_vibrationMotorControl
  7817 ;; This function uses a non-reentrant model
  7818 ;;
  7819                           
  7820                           	psect	text13
  7821   003964                     __ptext13:
  7822                           	callstack 0
  7823   003964                     _PWM_Selection:
  7824                           	callstack 25
  7825   003964                     
  7826                           ;main.c: 2304:     int dcSelected;;main.c: 2305:     switch(msg){
  7827   003964  EF22  F01D         	goto	l8594
  7828   003968                     l8552:
  7829                           
  7830                           ; BSR set to: 0
  7831                           ;main.c: 2307:             dcSelected = 7;
  7832   003968  0E00               	movlw	0
  7833   00396A  6FA8               	movwf	(PWM_Selection@dcSelected+1)& (0+255),b
  7834   00396C  0E07               	movlw	7
  7835   00396E  6FA7               	movwf	PWM_Selection@dcSelected& (0+255),b
  7836   003970                     
  7837                           ; BSR set to: 0
  7838                           ;main.c: 2308:             INTCONbits.GIE = 0;
  7839   003970  9EF2               	bcf	242,7,c	;volatile
  7840   003972                     
  7841                           ; BSR set to: 0
  7842                           ;main.c: 2309:             write_i2c(0x0070, 0x01);
  7843   003972  0E70               	movlw	112
  7844   003974  6E48               	movwf	write_i2c@address^0,c
  7845   003976  0E00               	movlw	0
  7846   003978  6E49               	movwf	(write_i2c@address+1)^0,c
  7847   00397A  0E00               	movlw	0
  7848   00397C  6E4A               	movwf	(write_i2c@address+2)^0,c
  7849   00397E  0E00               	movlw	0
  7850   003980  6E4B               	movwf	(write_i2c@address+3)^0,c
  7851   003982  0E00               	movlw	0
  7852   003984  6E4D               	movwf	(write_i2c@data+1)^0,c
  7853   003986  0E01               	movlw	1
  7854   003988  6E4C               	movwf	write_i2c@data^0,c
  7855   00398A  EC1D  F023         	call	_write_i2c	;wreg free
  7856   00398E                     
  7857                           ;main.c: 2310:             INTCONbits.GIE = 1;
  7858   00398E  8EF2               	bsf	242,7,c	;volatile
  7859                           
  7860                           ;main.c: 2311:             break;
  7861   003990  EF45  F01D         	goto	l690
  7862   003994                     l8560:
  7863                           
  7864                           ; BSR set to: 0
  7865                           ;main.c: 2313:             dcSelected = 9;
  7866   003994  0E00               	movlw	0
  7867   003996  6FA8               	movwf	(PWM_Selection@dcSelected+1)& (0+255),b
  7868   003998  0E09               	movlw	9
  7869   00399A  6FA7               	movwf	PWM_Selection@dcSelected& (0+255),b
  7870   00399C                     
  7871                           ; BSR set to: 0
  7872                           ;main.c: 2314:             INTCONbits.GIE = 0;
  7873   00399C  9EF2               	bcf	242,7,c	;volatile
  7874   00399E                     
  7875                           ; BSR set to: 0
  7876                           ;main.c: 2315:             write_i2c(0x0070, 0x02);
  7877   00399E  0E70               	movlw	112
  7878   0039A0  6E48               	movwf	write_i2c@address^0,c
  7879   0039A2  0E00               	movlw	0
  7880   0039A4  6E49               	movwf	(write_i2c@address+1)^0,c
  7881   0039A6  0E00               	movlw	0
  7882   0039A8  6E4A               	movwf	(write_i2c@address+2)^0,c
  7883   0039AA  0E00               	movlw	0
  7884   0039AC  6E4B               	movwf	(write_i2c@address+3)^0,c
  7885   0039AE  0E00               	movlw	0
  7886   0039B0  6E4D               	movwf	(write_i2c@data+1)^0,c
  7887   0039B2  0E02               	movlw	2
  7888   0039B4  6E4C               	movwf	write_i2c@data^0,c
  7889   0039B6  EC1D  F023         	call	_write_i2c	;wreg free
  7890   0039BA                     
  7891                           ;main.c: 2316:             INTCONbits.GIE = 1;
  7892   0039BA  8EF2               	bsf	242,7,c	;volatile
  7893                           
  7894                           ;main.c: 2317:             break;
  7895   0039BC  EF45  F01D         	goto	l690
  7896   0039C0                     l8568:
  7897                           
  7898                           ; BSR set to: 0
  7899                           ;main.c: 2319:             dcSelected = 12;
  7900   0039C0  0E00               	movlw	0
  7901   0039C2  6FA8               	movwf	(PWM_Selection@dcSelected+1)& (0+255),b
  7902   0039C4  0E0C               	movlw	12
  7903   0039C6  6FA7               	movwf	PWM_Selection@dcSelected& (0+255),b
  7904   0039C8                     
  7905                           ; BSR set to: 0
  7906                           ;main.c: 2320:             INTCONbits.GIE = 0;
  7907   0039C8  9EF2               	bcf	242,7,c	;volatile
  7908   0039CA                     
  7909                           ; BSR set to: 0
  7910                           ;main.c: 2321:             write_i2c(0x0070, 0x03);
  7911   0039CA  0E70               	movlw	112
  7912   0039CC  6E48               	movwf	write_i2c@address^0,c
  7913   0039CE  0E00               	movlw	0
  7914   0039D0  6E49               	movwf	(write_i2c@address+1)^0,c
  7915   0039D2  0E00               	movlw	0
  7916   0039D4  6E4A               	movwf	(write_i2c@address+2)^0,c
  7917   0039D6  0E00               	movlw	0
  7918   0039D8  6E4B               	movwf	(write_i2c@address+3)^0,c
  7919   0039DA  0E00               	movlw	0
  7920   0039DC  6E4D               	movwf	(write_i2c@data+1)^0,c
  7921   0039DE  0E03               	movlw	3
  7922   0039E0  6E4C               	movwf	write_i2c@data^0,c
  7923   0039E2  EC1D  F023         	call	_write_i2c	;wreg free
  7924   0039E6                     
  7925                           ;main.c: 2322:             INTCONbits.GIE = 1;
  7926   0039E6  8EF2               	bsf	242,7,c	;volatile
  7927                           
  7928                           ;main.c: 2323:             break;
  7929   0039E8  EF45  F01D         	goto	l690
  7930   0039EC                     l8576:
  7931                           
  7932                           ; BSR set to: 0
  7933                           ;main.c: 2325:             dcSelected = 20;
  7934   0039EC  0E00               	movlw	0
  7935   0039EE  6FA8               	movwf	(PWM_Selection@dcSelected+1)& (0+255),b
  7936   0039F0  0E14               	movlw	20
  7937   0039F2  6FA7               	movwf	PWM_Selection@dcSelected& (0+255),b
  7938   0039F4                     
  7939                           ; BSR set to: 0
  7940                           ;main.c: 2326:             INTCONbits.GIE = 0;
  7941   0039F4  9EF2               	bcf	242,7,c	;volatile
  7942   0039F6                     
  7943                           ; BSR set to: 0
  7944                           ;main.c: 2327:             write_i2c(0x0070, 0x04);
  7945   0039F6  0E70               	movlw	112
  7946   0039F8  6E48               	movwf	write_i2c@address^0,c
  7947   0039FA  0E00               	movlw	0
  7948   0039FC  6E49               	movwf	(write_i2c@address+1)^0,c
  7949   0039FE  0E00               	movlw	0
  7950   003A00  6E4A               	movwf	(write_i2c@address+2)^0,c
  7951   003A02  0E00               	movlw	0
  7952   003A04  6E4B               	movwf	(write_i2c@address+3)^0,c
  7953   003A06  0E00               	movlw	0
  7954   003A08  6E4D               	movwf	(write_i2c@data+1)^0,c
  7955   003A0A  0E04               	movlw	4
  7956   003A0C  6E4C               	movwf	write_i2c@data^0,c
  7957   003A0E  EC1D  F023         	call	_write_i2c	;wreg free
  7958   003A12                     
  7959                           ;main.c: 2328:             INTCONbits.GIE = 1;
  7960   003A12  8EF2               	bsf	242,7,c	;volatile
  7961                           
  7962                           ;main.c: 2329:             break;
  7963   003A14  EF45  F01D         	goto	l690
  7964   003A18                     l8584:
  7965                           
  7966                           ; BSR set to: 0
  7967                           ;main.c: 2331:             dcSelected = 0;
  7968   003A18  0E00               	movlw	0
  7969   003A1A  6FA8               	movwf	(PWM_Selection@dcSelected+1)& (0+255),b
  7970   003A1C  0E00               	movlw	0
  7971   003A1E  6FA7               	movwf	PWM_Selection@dcSelected& (0+255),b
  7972   003A20                     
  7973                           ; BSR set to: 0
  7974                           ;main.c: 2332:             INTCONbits.GIE = 0;
  7975   003A20  9EF2               	bcf	242,7,c	;volatile
  7976   003A22                     
  7977                           ; BSR set to: 0
  7978                           ;main.c: 2333:             write_i2c(0x0070, 0x00);
  7979   003A22  0E70               	movlw	112
  7980   003A24  6E48               	movwf	write_i2c@address^0,c
  7981   003A26  0E00               	movlw	0
  7982   003A28  6E49               	movwf	(write_i2c@address+1)^0,c
  7983   003A2A  0E00               	movlw	0
  7984   003A2C  6E4A               	movwf	(write_i2c@address+2)^0,c
  7985   003A2E  0E00               	movlw	0
  7986   003A30  6E4B               	movwf	(write_i2c@address+3)^0,c
  7987   003A32  0E00               	movlw	0
  7988   003A34  6E4D               	movwf	(write_i2c@data+1)^0,c
  7989   003A36  0E00               	movlw	0
  7990   003A38  6E4C               	movwf	write_i2c@data^0,c
  7991   003A3A  EC1D  F023         	call	_write_i2c	;wreg free
  7992   003A3E                     
  7993                           ;main.c: 2334:             INTCONbits.GIE = 1;
  7994   003A3E  8EF2               	bsf	242,7,c	;volatile
  7995                           
  7996                           ;main.c: 2335:             break;
  7997   003A40  EF45  F01D         	goto	l690
  7998   003A44                     l8594:
  7999   003A44  C0A3  F0A5         	movff	PWM_Selection@msg,??_PWM_Selection
  8000   003A48  C0A4  F0A6         	movff	PWM_Selection@msg+1,??_PWM_Selection+1
  8001                           
  8002                           ; Switch on 2 bytes has been partitioned into a top level switch of size 1, and 1 sub-sw
      +                          itches
  8003                           ; Switch size 1, requested type "simple"
  8004                           ; Number of cases is 1, Range of values is 0 to 0
  8005                           ; switch strategies available:
  8006                           ; Name         Instructions Cycles
  8007                           ; simple_byte            4     3 (average)
  8008                           ;	Chosen strategy is simple_byte
  8009   003A4C  0100               	movlb	0	; () banked
  8010   003A4E  51A6               	movf	(??_PWM_Selection+1)& (0+255),w,b
  8011   003A50  0A00               	xorlw	0	; case 0
  8012   003A52  B4D8               	btfsc	status,2,c
  8013   003A54  EF2E  F01D         	goto	l10624
  8014   003A58  EF45  F01D         	goto	l690
  8015   003A5C                     l10624:
  8016                           
  8017                           ; BSR set to: 0
  8018                           ; Switch size 1, requested type "simple"
  8019                           ; Number of cases is 5, Range of values is 0 to 4
  8020                           ; switch strategies available:
  8021                           ; Name         Instructions Cycles
  8022                           ; simple_byte           16     9 (average)
  8023                           ;	Chosen strategy is simple_byte
  8024   003A5C  51A5               	movf	??_PWM_Selection& (0+255),w,b
  8025   003A5E  0A00               	xorlw	0	; case 0
  8026   003A60  B4D8               	btfsc	status,2,c
  8027   003A62  EFB4  F01C         	goto	l8552
  8028   003A66  0A01               	xorlw	1	; case 1
  8029   003A68  B4D8               	btfsc	status,2,c
  8030   003A6A  EFCA  F01C         	goto	l8560
  8031   003A6E  0A03               	xorlw	3	; case 2
  8032   003A70  B4D8               	btfsc	status,2,c
  8033   003A72  EFE0  F01C         	goto	l8568
  8034   003A76  0A01               	xorlw	1	; case 3
  8035   003A78  B4D8               	btfsc	status,2,c
  8036   003A7A  EFF6  F01C         	goto	l8576
  8037   003A7E  0A07               	xorlw	7	; case 4
  8038   003A80  B4D8               	btfsc	status,2,c
  8039   003A82  EF0C  F01D         	goto	l8584
  8040   003A86  EF45  F01D         	goto	l690
  8041   003A8A                     l690:
  8042                           
  8043                           ;main.c: 2339:     return(dcSelected);
  8044   003A8A  C0A7  F0A3         	movff	PWM_Selection@dcSelected,?_PWM_Selection
  8045   003A8E  C0A8  F0A4         	movff	PWM_Selection@dcSelected+1,?_PWM_Selection+1
  8046   003A92  0012               	return		;funcret
  8047   003A94                     __end_of_PWM_Selection:
  8048                           	callstack 0
  8049                           
  8050 ;; *************** function _write_i2c *****************
  8051 ;; Defined at:
  8052 ;;		line 109 in file "i2c.c"
  8053 ;; Parameters:    Size  Location     Type
  8054 ;;  address         4   22[COMRAM] long 
  8055 ;;  data            2   26[COMRAM] int 
  8056 ;; Auto vars:     Size  Location     Type
  8057 ;;		None
  8058 ;; Return value:  Size  Location     Type
  8059 ;;                  1    wreg      void 
  8060 ;; Registers used:
  8061 ;;		wreg, status,2, status,0, cstack
  8062 ;; Tracked objects:
  8063 ;;		On entry : 0/0
  8064 ;;		On exit  : 0/0
  8065 ;;		Unchanged: 0/0
  8066 ;; Data sizes:     COMRAM   BANK0   BANK1   BANK2   BANK3   BANK4   BANK5   BANK6   BANK7   BANK8   BANK9  BANK10  BANK1
      +1  BANK12  BANK13  BANK14  BANK15
  8067 ;;      Params:         6       0       0       0       0       0       0       0       0       0       0       0       
      +0       0       0       0       0
  8068 ;;      Locals:         0       0       0       0       0       0       0       0       0       0       0       0       
      +0       0       0       0       0
  8069 ;;      Temps:          0       0       0       0       0       0       0       0       0       0       0       0       
      +0       0       0       0       0
  8070 ;;      Totals:         6       0       0       0       0       0       0       0       0       0       0       0       
      +0       0       0       0       0
  8071 ;;Total ram usage:        6 bytes
  8072 ;; Hardware stack levels used: 1
  8073 ;; Hardware stack levels required when called: 4
  8074 ;; This function calls:
  8075 ;;		___aldiv
  8076 ;;		_i2c_Address
  8077 ;;		_i2c_Start
  8078 ;;		_i2c_Stop
  8079 ;;		_i2c_Write
  8080 ;; This function is called by:
  8081 ;;		_main
  8082 ;;		_ToggleVIB_Mode
  8083 ;;		_PWM_Selection
  8084 ;; This function uses a non-reentrant model
  8085 ;;
  8086                           
  8087                           	psect	text14
  8088   00463A                     __ptext14:
  8089                           	callstack 0
  8090   00463A                     _write_i2c:
  8091                           	callstack 26
  8092   00463A                     
  8093                           ;i2c.c: 110:     i2c_Start();
  8094   00463A  ECD7  F024         	call	_i2c_Start	;wreg free
  8095                           
  8096                           ;i2c.c: 111:     i2c_Address(0xA0, 0);
  8097   00463E  0E00               	movlw	0
  8098   004640  6E3B               	movwf	i2c_Address@mode^0,c
  8099   004642  0EA0               	movlw	160
  8100   004644  ECA9  F024         	call	_i2c_Address
  8101                           
  8102                           ;i2c.c: 112:     i2c_Write((unsigned char) (address / 0x100));
  8103   004648  C048  F03A         	movff	write_i2c@address,___aldiv@dividend
  8104   00464C  C049  F03B         	movff	write_i2c@address+1,___aldiv@dividend+1
  8105   004650  C04A  F03C         	movff	write_i2c@address+2,___aldiv@dividend+2
  8106   004654  C04B  F03D         	movff	write_i2c@address+3,___aldiv@dividend+3
  8107   004658  0E00               	movlw	0
  8108   00465A  6E3E               	movwf	___aldiv@divisor^0,c
  8109   00465C  0E01               	movlw	1
  8110   00465E  6E3F               	movwf	(___aldiv@divisor+1)^0,c
  8111   004660  0E00               	movlw	0
  8112   004662  6E40               	movwf	(___aldiv@divisor+2)^0,c
  8113   004664  0E00               	movlw	0
  8114   004666  6E41               	movwf	(___aldiv@divisor+3)^0,c
  8115   004668  ECDA  F01D         	call	___aldiv	;wreg free
  8116   00466C  503A               	movf	?___aldiv^0,w,c
  8117   00466E  ECBA  F024         	call	_i2c_Write
  8118                           
  8119                           ;i2c.c: 113:     i2c_Write((unsigned char) (address & 0xFF));
  8120   004672  5048               	movf	write_i2c@address^0,w,c
  8121   004674  ECBA  F024         	call	_i2c_Write
  8122                           
  8123                           ;i2c.c: 114:     i2c_Write((unsigned char) data);
  8124   004678  504C               	movf	write_i2c@data^0,w,c
  8125   00467A  ECBA  F024         	call	_i2c_Write
  8126                           
  8127                           ;i2c.c: 115:     i2c_Stop();
  8128   00467E  ECD3  F024         	call	_i2c_Stop	;wreg free
  8129   004682  0012               	return		;funcret
  8130   004684                     __end_of_write_i2c:
  8131                           	callstack 0
  8132                           
  8133 ;; *************** function _i2c_Write *****************
  8134 ;; Defined at:
  8135 ;;		line 70 in file "i2c.c"
  8136 ;; Parameters:    Size  Location     Type
  8137 ;;  data            1    wreg     unsigned char 
  8138 ;; Auto vars:     Size  Location     Type
  8139 ;;  data            1    9[COMRAM] unsigned char 
  8140 ;; Return value:  Size  Location     Type
  8141 ;;                  1    wreg      void 
  8142 ;; Registers used:
  8143 ;;		wreg, status,2, status,0, cstack
  8144 ;; Tracked objects:
  8145 ;;		On entry : 0/0
  8146 ;;		On exit  : 0/0
  8147 ;;		Unchanged: 0/0
  8148 ;; Data sizes:     COMRAM   BANK0   BANK1   BANK2   BANK3   BANK4   BANK5   BANK6   BANK7   BANK8   BANK9  BANK10  BANK1
      +1  BANK12  BANK13  BANK14  BANK15
  8149 ;;      Params:         0       0       0       0       0       0       0       0       0       0       0       0       
      +0       0       0       0       0
  8150 ;;      Locals:         1       0       0       0       0       0       0       0       0       0       0       0       
      +0       0       0       0       0
  8151 ;;      Temps:          0       0       0       0       0       0       0       0       0       0       0       0       
      +0       0       0       0       0
  8152 ;;      Totals:         1       0       0       0       0       0       0       0       0       0       0       0       
      +0       0       0       0       0
  8153 ;;Total ram usage:        1 bytes
  8154 ;; Hardware stack levels used: 1
  8155 ;; Hardware stack levels required when called: 3
  8156 ;; This function calls:
  8157 ;;		_i2c_Wait
  8158 ;; This function is called by:
  8159 ;;		_write_i2c
  8160 ;;		_read_i2c
  8161 ;; This function uses a non-reentrant model
  8162 ;;
  8163                           
  8164                           	psect	text15
  8165   004974                     __ptext15:
  8166                           	callstack 0
  8167   004974                     _i2c_Write:
  8168                           	callstack 26
  8169                           
  8170                           ;incstack = 0
  8171                           ;i2c_Write@data stored from wreg
  8172   004974  6E3B               	movwf	i2c_Write@data^0,c
  8173   004976                     
  8174                           ;i2c.c: 71:     i2c_Wait();
  8175   004976  EC35  F024         	call	_i2c_Wait	;wreg free
  8176   00497A                     
  8177                           ;i2c.c: 72:     SSP2BUF = data;
  8178   00497A  C03B  FF6F         	movff	i2c_Write@data,3951	;volatile
  8179   00497E  0012               	return		;funcret
  8180   004980                     __end_of_i2c_Write:
  8181                           	callstack 0
  8182                           
  8183 ;; *************** function _i2c_Stop *****************
  8184 ;; Defined at:
  8185 ;;		line 63 in file "i2c.c"
  8186 ;; Parameters:    Size  Location     Type
  8187 ;;		None
  8188 ;; Auto vars:     Size  Location     Type
  8189 ;;		None
  8190 ;; Return value:  Size  Location     Type
  8191 ;;                  1    wreg      void 
  8192 ;; Registers used:
  8193 ;;		wreg, status,2, status,0, cstack
  8194 ;; Tracked objects:
  8195 ;;		On entry : 0/0
  8196 ;;		On exit  : 0/0
  8197 ;;		Unchanged: 0/0
  8198 ;; Data sizes:     COMRAM   BANK0   BANK1   BANK2   BANK3   BANK4   BANK5   BANK6   BANK7   BANK8   BANK9  BANK10  BANK1
      +1  BANK12  BANK13  BANK14  BANK15
  8199 ;;      Params:         0       0       0       0       0       0       0       0       0       0       0       0       
      +0       0       0       0       0
  8200 ;;      Locals:         0       0       0       0       0       0       0       0       0       0       0       0       
      +0       0       0       0       0
  8201 ;;      Temps:          0       0       0       0       0       0       0       0       0       0       0       0       
      +0       0       0       0       0
  8202 ;;      Totals:         0       0       0       0       0       0       0       0       0       0       0       0       
      +0       0       0       0       0
  8203 ;;Total ram usage:        0 bytes
  8204 ;; Hardware stack levels used: 1
  8205 ;; Hardware stack levels required when called: 3
  8206 ;; This function calls:
  8207 ;;		_i2c_Wait
  8208 ;; This function is called by:
  8209 ;;		_write_i2c
  8210 ;;		_read_i2c
  8211 ;; This function uses a non-reentrant model
  8212 ;;
  8213                           
  8214                           	psect	text16
  8215   0049A6                     __ptext16:
  8216                           	callstack 0
  8217   0049A6                     _i2c_Stop:
  8218                           	callstack 26
  8219   0049A6                     
  8220                           ;i2c.c: 64:     i2c_Wait();
  8221   0049A6  EC35  F024         	call	_i2c_Wait	;wreg free
  8222   0049AA                     
  8223                           ;i2c.c: 65:     PEN2 = 1;
  8224   0049AA  846B               	bsf	3947,2,c	;volatile
  8225   0049AC  0012               	return		;funcret
  8226   0049AE                     __end_of_i2c_Stop:
  8227                           	callstack 0
  8228                           
  8229 ;; *************** function _i2c_Start *****************
  8230 ;; Defined at:
  8231 ;;		line 49 in file "i2c.c"
  8232 ;; Parameters:    Size  Location     Type
  8233 ;;		None
  8234 ;; Auto vars:     Size  Location     Type
  8235 ;;		None
  8236 ;; Return value:  Size  Location     Type
  8237 ;;                  1    wreg      void 
  8238 ;; Registers used:
  8239 ;;		wreg, status,2, status,0, cstack
  8240 ;; Tracked objects:
  8241 ;;		On entry : 0/0
  8242 ;;		On exit  : 0/0
  8243 ;;		Unchanged: 0/0
  8244 ;; Data sizes:     COMRAM   BANK0   BANK1   BANK2   BANK3   BANK4   BANK5   BANK6   BANK7   BANK8   BANK9  BANK10  BANK1
      +1  BANK12  BANK13  BANK14  BANK15
  8245 ;;      Params:         0       0       0       0       0       0       0       0       0       0       0       0       
      +0       0       0       0       0
  8246 ;;      Locals:         0       0       0       0       0       0       0       0       0       0       0       0       
      +0       0       0       0       0
  8247 ;;      Temps:          0       0       0       0       0       0       0       0       0       0       0       0       
      +0       0       0       0       0
  8248 ;;      Totals:         0       0       0       0       0       0       0       0       0       0       0       0       
      +0       0       0       0       0
  8249 ;;Total ram usage:        0 bytes
  8250 ;; Hardware stack levels used: 1
  8251 ;; Hardware stack levels required when called: 3
  8252 ;; This function calls:
  8253 ;;		_i2c_Wait
  8254 ;; This function is called by:
  8255 ;;		_write_i2c
  8256 ;;		_read_i2c
  8257 ;; This function uses a non-reentrant model
  8258 ;;
  8259                           
  8260                           	psect	text17
  8261   0049AE                     __ptext17:
  8262                           	callstack 0
  8263   0049AE                     _i2c_Start:
  8264                           	callstack 26
  8265   0049AE                     
  8266                           ;i2c.c: 50:     i2c_Wait();
  8267   0049AE  EC35  F024         	call	_i2c_Wait	;wreg free
  8268   0049B2                     
  8269                           ;i2c.c: 51:     SEN2 = 1;
  8270   0049B2  806B               	bsf	3947,0,c	;volatile
  8271   0049B4  0012               	return		;funcret
  8272   0049B6                     __end_of_i2c_Start:
  8273                           	callstack 0
  8274                           
  8275 ;; *************** function _i2c_Address *****************
  8276 ;; Defined at:
  8277 ;;		line 78 in file "i2c.c"
  8278 ;; Parameters:    Size  Location     Type
  8279 ;;  address         1    wreg     unsigned char 
  8280 ;;  mode            1    9[COMRAM] unsigned char 
  8281 ;; Auto vars:     Size  Location     Type
  8282 ;;  address         1   10[COMRAM] unsigned char 
  8283 ;;  l_address       1   11[COMRAM] unsigned char 
  8284 ;; Return value:  Size  Location     Type
  8285 ;;                  1    wreg      void 
  8286 ;; Registers used:
  8287 ;;		wreg, status,2, status,0, cstack
  8288 ;; Tracked objects:
  8289 ;;		On entry : 0/0
  8290 ;;		On exit  : 0/0
  8291 ;;		Unchanged: 0/0
  8292 ;; Data sizes:     COMRAM   BANK0   BANK1   BANK2   BANK3   BANK4   BANK5   BANK6   BANK7   BANK8   BANK9  BANK10  BANK1
      +1  BANK12  BANK13  BANK14  BANK15
  8293 ;;      Params:         1       0       0       0       0       0       0       0       0       0       0       0       
      +0       0       0       0       0
  8294 ;;      Locals:         2       0       0       0       0       0       0       0       0       0       0       0       
      +0       0       0       0       0
  8295 ;;      Temps:          0       0       0       0       0       0       0       0       0       0       0       0       
      +0       0       0       0       0
  8296 ;;      Totals:         3       0       0       0       0       0       0       0       0       0       0       0       
      +0       0       0       0       0
  8297 ;;Total ram usage:        3 bytes
  8298 ;; Hardware stack levels used: 1
  8299 ;; Hardware stack levels required when called: 3
  8300 ;; This function calls:
  8301 ;;		_i2c_Wait
  8302 ;; This function is called by:
  8303 ;;		_write_i2c
  8304 ;;		_read_i2c
  8305 ;; This function uses a non-reentrant model
  8306 ;;
  8307                           
  8308                           	psect	text18
  8309   004952                     __ptext18:
  8310                           	callstack 0
  8311   004952                     _i2c_Address:
  8312                           	callstack 26
  8313                           
  8314                           ;incstack = 0
  8315                           ;i2c_Address@address stored from wreg
  8316   004952  6E3C               	movwf	i2c_Address@address^0,c
  8317   004954                     
  8318                           ;i2c.c: 79:     unsigned char l_address;;i2c.c: 81:     l_address = address;
  8319   004954  C03C  F03D         	movff	i2c_Address@address,i2c_Address@l_address
  8320   004958                     
  8321                           ;i2c.c: 82:     l_address += mode;
  8322   004958  503B               	movf	i2c_Address@mode^0,w,c
  8323   00495A  263D               	addwf	i2c_Address@l_address^0,f,c
  8324   00495C                     
  8325                           ;i2c.c: 83:     i2c_Wait();
  8326   00495C  EC35  F024         	call	_i2c_Wait	;wreg free
  8327   004960                     
  8328                           ;i2c.c: 84:     SSP2BUF = l_address;
  8329   004960  C03D  FF6F         	movff	i2c_Address@l_address,3951	;volatile
  8330   004964  0012               	return		;funcret
  8331   004966                     __end_of_i2c_Address:
  8332                           	callstack 0
  8333                           
  8334 ;; *************** function _i2c_Wait *****************
  8335 ;; Defined at:
  8336 ;;		line 43 in file "i2c.c"
  8337 ;; Parameters:    Size  Location     Type
  8338 ;;		None
  8339 ;; Auto vars:     Size  Location     Type
  8340 ;;		None
  8341 ;; Return value:  Size  Location     Type
  8342 ;;                  1    wreg      void 
  8343 ;; Registers used:
  8344 ;;		wreg, status,2, status,0
  8345 ;; Tracked objects:
  8346 ;;		On entry : 0/0
  8347 ;;		On exit  : 0/0
  8348 ;;		Unchanged: 0/0
  8349 ;; Data sizes:     COMRAM   BANK0   BANK1   BANK2   BANK3   BANK4   BANK5   BANK6   BANK7   BANK8   BANK9  BANK10  BANK1
      +1  BANK12  BANK13  BANK14  BANK15
  8350 ;;      Params:         0       0       0       0       0       0       0       0       0       0       0       0       
      +0       0       0       0       0
  8351 ;;      Locals:         0       0       0       0       0       0       0       0       0       0       0       0       
      +0       0       0       0       0
  8352 ;;      Temps:          1       0       0       0       0       0       0       0       0       0       0       0       
      +0       0       0       0       0
  8353 ;;      Totals:         1       0       0       0       0       0       0       0       0       0       0       0       
      +0       0       0       0       0
  8354 ;;Total ram usage:        1 bytes
  8355 ;; Hardware stack levels used: 1
  8356 ;; Hardware stack levels required when called: 2
  8357 ;; This function calls:
  8358 ;;		Nothing
  8359 ;; This function is called by:
  8360 ;;		_i2c_Start
  8361 ;;		_i2c_Restart
  8362 ;;		_i2c_Stop
  8363 ;;		_i2c_Write
  8364 ;;		_i2c_Address
  8365 ;;		_i2c_Read
  8366 ;; This function uses a non-reentrant model
  8367 ;;
  8368                           
  8369                           	psect	text19
  8370   00486A                     __ptext19:
  8371                           	callstack 0
  8372   00486A                     _i2c_Wait:
  8373                           	callstack 26
  8374   00486A                     l8460:
  8375   00486A  CF6B F03A          	movff	3947,??_i2c_Wait	;volatile
  8376   00486E  0E1F               	movlw	31
  8377   004870  163A               	andwf	??_i2c_Wait^0,f,c
  8378   004872  A4D8               	btfss	status,2,c
  8379   004874  EF3E  F024         	goto	u6651
  8380   004878  EF40  F024         	goto	u6650
  8381   00487C                     u6651:
  8382   00487C  EF35  F024         	goto	l8460
  8383   004880                     u6650:
  8384   004880  B46D               	btfsc	109,2,c	;volatile
  8385   004882  EF45  F024         	goto	u6661
  8386   004886  EF47  F024         	goto	u6660
  8387   00488A                     u6661:
  8388   00488A  EF35  F024         	goto	l8460
  8389   00488E                     u6660:
  8390   00488E  0012               	return		;funcret
  8391   004890                     __end_of_i2c_Wait:
  8392                           	callstack 0
  8393                           
  8394 ;; *************** function ___aldiv *****************
  8395 ;; Defined at:
  8396 ;;		line 7 in file "C:\Program Files\Microchip\xc8\v2.40\pic\sources\c99\common\aldiv.c"
  8397 ;; Parameters:    Size  Location     Type
  8398 ;;  dividend        4    8[COMRAM] long 
  8399 ;;  divisor         4   12[COMRAM] long 
  8400 ;; Auto vars:     Size  Location     Type
  8401 ;;  quotient        4   18[COMRAM] long 
  8402 ;;  sign            1   17[COMRAM] unsigned char 
  8403 ;;  counter         1   16[COMRAM] unsigned char 
  8404 ;; Return value:  Size  Location     Type
  8405 ;;                  4    8[COMRAM] long 
  8406 ;; Registers used:
  8407 ;;		wreg, status,2, status,0
  8408 ;; Tracked objects:
  8409 ;;		On entry : 0/0
  8410 ;;		On exit  : 0/0
  8411 ;;		Unchanged: 0/0
  8412 ;; Data sizes:     COMRAM   BANK0   BANK1   BANK2   BANK3   BANK4   BANK5   BANK6   BANK7   BANK8   BANK9  BANK10  BANK1
      +1  BANK12  BANK13  BANK14  BANK15
  8413 ;;      Params:         8       0       0       0       0       0       0       0       0       0       0       0       
      +0       0       0       0       0
  8414 ;;      Locals:         6       0       0       0       0       0       0       0       0       0       0       0       
      +0       0       0       0       0
  8415 ;;      Temps:          0       0       0       0       0       0       0       0       0       0       0       0       
      +0       0       0       0       0
  8416 ;;      Totals:        14       0       0       0       0       0       0       0       0       0       0       0       
      +0       0       0       0       0
  8417 ;;Total ram usage:       14 bytes
  8418 ;; Hardware stack levels used: 1
  8419 ;; Hardware stack levels required when called: 2
  8420 ;; This function calls:
  8421 ;;		Nothing
  8422 ;; This function is called by:
  8423 ;;		_write_i2c
  8424 ;;		_read_i2c
  8425 ;;		_PWM1_Init
  8426 ;; This function uses a non-reentrant model
  8427 ;;
  8428                           
  8429                           	psect	text20
  8430   003BB4                     __ptext20:
  8431                           	callstack 0
  8432   003BB4                     ___aldiv:
  8433                           	callstack 27
  8434   003BB4  0E00               	movlw	0
  8435   003BB6  6E43               	movwf	___aldiv@sign^0,c
  8436   003BB8  BE41               	btfsc	(___aldiv@divisor+3)^0,7,c
  8437   003BBA  EFE3  F01D         	goto	u6670
  8438   003BBE  EFE1  F01D         	goto	u6671
  8439   003BC2                     u6671:
  8440   003BC2  EFED  F01D         	goto	l8492
  8441   003BC6                     u6670:
  8442   003BC6  1E41               	comf	(___aldiv@divisor+3)^0,f,c
  8443   003BC8  1E40               	comf	(___aldiv@divisor+2)^0,f,c
  8444   003BCA  1E3F               	comf	(___aldiv@divisor+1)^0,f,c
  8445   003BCC  6C3E               	negf	___aldiv@divisor^0,c
  8446   003BCE  0E00               	movlw	0
  8447   003BD0  223F               	addwfc	(___aldiv@divisor+1)^0,f,c
  8448   003BD2  2240               	addwfc	(___aldiv@divisor+2)^0,f,c
  8449   003BD4  2241               	addwfc	(___aldiv@divisor+3)^0,f,c
  8450   003BD6  0E01               	movlw	1
  8451   003BD8  6E43               	movwf	___aldiv@sign^0,c
  8452   003BDA                     l8492:
  8453   003BDA  BE3D               	btfsc	(___aldiv@dividend+3)^0,7,c
  8454   003BDC  EFF4  F01D         	goto	u6680
  8455   003BE0  EFF2  F01D         	goto	u6681
  8456   003BE4                     u6681:
  8457   003BE4  EFFE  F01D         	goto	l8498
  8458   003BE8                     u6680:
  8459   003BE8  1E3D               	comf	(___aldiv@dividend+3)^0,f,c
  8460   003BEA  1E3C               	comf	(___aldiv@dividend+2)^0,f,c
  8461   003BEC  1E3B               	comf	(___aldiv@dividend+1)^0,f,c
  8462   003BEE  6C3A               	negf	___aldiv@dividend^0,c
  8463   003BF0  0E00               	movlw	0
  8464   003BF2  223B               	addwfc	(___aldiv@dividend+1)^0,f,c
  8465   003BF4  223C               	addwfc	(___aldiv@dividend+2)^0,f,c
  8466   003BF6  223D               	addwfc	(___aldiv@dividend+3)^0,f,c
  8467   003BF8  0E01               	movlw	1
  8468   003BFA  1A43               	xorwf	___aldiv@sign^0,f,c
  8469   003BFC                     l8498:
  8470   003BFC  0E00               	movlw	0
  8471   003BFE  6E44               	movwf	___aldiv@quotient^0,c
  8472   003C00  0E00               	movlw	0
  8473   003C02  6E45               	movwf	(___aldiv@quotient+1)^0,c
  8474   003C04  0E00               	movlw	0
  8475   003C06  6E46               	movwf	(___aldiv@quotient+2)^0,c
  8476   003C08  0E00               	movlw	0
  8477   003C0A  6E47               	movwf	(___aldiv@quotient+3)^0,c
  8478   003C0C  503E               	movf	___aldiv@divisor^0,w,c
  8479   003C0E  103F               	iorwf	(___aldiv@divisor+1)^0,w,c
  8480   003C10  1040               	iorwf	(___aldiv@divisor+2)^0,w,c
  8481   003C12  1041               	iorwf	(___aldiv@divisor+3)^0,w,c
  8482   003C14  B4D8               	btfsc	status,2,c
  8483   003C16  EF0F  F01E         	goto	u6691
  8484   003C1A  EF11  F01E         	goto	u6690
  8485   003C1E                     u6691:
  8486   003C1E  EF47  F01E         	goto	l8520
  8487   003C22                     u6690:
  8488   003C22  0E01               	movlw	1
  8489   003C24  6E42               	movwf	___aldiv@counter^0,c
  8490   003C26  EF1B  F01E         	goto	l8506
  8491   003C2A                     l8504:
  8492   003C2A  90D8               	bcf	status,0,c
  8493   003C2C  363E               	rlcf	___aldiv@divisor^0,f,c
  8494   003C2E  363F               	rlcf	(___aldiv@divisor+1)^0,f,c
  8495   003C30  3640               	rlcf	(___aldiv@divisor+2)^0,f,c
  8496   003C32  3641               	rlcf	(___aldiv@divisor+3)^0,f,c
  8497   003C34  2A42               	incf	___aldiv@counter^0,f,c
  8498   003C36                     l8506:
  8499   003C36  AE41               	btfss	(___aldiv@divisor+3)^0,7,c
  8500   003C38  EF20  F01E         	goto	u6701
  8501   003C3C  EF22  F01E         	goto	u6700
  8502   003C40                     u6701:
  8503   003C40  EF15  F01E         	goto	l8504
  8504   003C44                     u6700:
  8505   003C44                     l8508:
  8506   003C44  90D8               	bcf	status,0,c
  8507   003C46  3644               	rlcf	___aldiv@quotient^0,f,c
  8508   003C48  3645               	rlcf	(___aldiv@quotient+1)^0,f,c
  8509   003C4A  3646               	rlcf	(___aldiv@quotient+2)^0,f,c
  8510   003C4C  3647               	rlcf	(___aldiv@quotient+3)^0,f,c
  8511   003C4E  503E               	movf	___aldiv@divisor^0,w,c
  8512   003C50  5C3A               	subwf	___aldiv@dividend^0,w,c
  8513   003C52  503F               	movf	(___aldiv@divisor+1)^0,w,c
  8514   003C54  583B               	subwfb	(___aldiv@dividend+1)^0,w,c
  8515   003C56  5040               	movf	(___aldiv@divisor+2)^0,w,c
  8516   003C58  583C               	subwfb	(___aldiv@dividend+2)^0,w,c
  8517   003C5A  5041               	movf	(___aldiv@divisor+3)^0,w,c
  8518   003C5C  583D               	subwfb	(___aldiv@dividend+3)^0,w,c
  8519   003C5E  A0D8               	btfss	status,0,c
  8520   003C60  EF34  F01E         	goto	u6711
  8521   003C64  EF36  F01E         	goto	u6710
  8522   003C68                     u6711:
  8523   003C68  EF3F  F01E         	goto	l8516
  8524   003C6C                     u6710:
  8525   003C6C  503E               	movf	___aldiv@divisor^0,w,c
  8526   003C6E  5E3A               	subwf	___aldiv@dividend^0,f,c
  8527   003C70  503F               	movf	(___aldiv@divisor+1)^0,w,c
  8528   003C72  5A3B               	subwfb	(___aldiv@dividend+1)^0,f,c
  8529   003C74  5040               	movf	(___aldiv@divisor+2)^0,w,c
  8530   003C76  5A3C               	subwfb	(___aldiv@dividend+2)^0,f,c
  8531   003C78  5041               	movf	(___aldiv@divisor+3)^0,w,c
  8532   003C7A  5A3D               	subwfb	(___aldiv@dividend+3)^0,f,c
  8533   003C7C  8044               	bsf	___aldiv@quotient^0,0,c
  8534   003C7E                     l8516:
  8535   003C7E  90D8               	bcf	status,0,c
  8536   003C80  3241               	rrcf	(___aldiv@divisor+3)^0,f,c
  8537   003C82  3240               	rrcf	(___aldiv@divisor+2)^0,f,c
  8538   003C84  323F               	rrcf	(___aldiv@divisor+1)^0,f,c
  8539   003C86  323E               	rrcf	___aldiv@divisor^0,f,c
  8540   003C88  2E42               	decfsz	___aldiv@counter^0,f,c
  8541   003C8A  EF22  F01E         	goto	l8508
  8542   003C8E                     l8520:
  8543   003C8E  5043               	movf	___aldiv@sign^0,w,c
  8544   003C90  B4D8               	btfsc	status,2,c
  8545   003C92  EF4D  F01E         	goto	u6721
  8546   003C96  EF4F  F01E         	goto	u6720
  8547   003C9A                     u6721:
  8548   003C9A  EF57  F01E         	goto	l8524
  8549   003C9E                     u6720:
  8550   003C9E  1E47               	comf	(___aldiv@quotient+3)^0,f,c
  8551   003CA0  1E46               	comf	(___aldiv@quotient+2)^0,f,c
  8552   003CA2  1E45               	comf	(___aldiv@quotient+1)^0,f,c
  8553   003CA4  6C44               	negf	___aldiv@quotient^0,c
  8554   003CA6  0E00               	movlw	0
  8555   003CA8  2245               	addwfc	(___aldiv@quotient+1)^0,f,c
  8556   003CAA  2246               	addwfc	(___aldiv@quotient+2)^0,f,c
  8557   003CAC  2247               	addwfc	(___aldiv@quotient+3)^0,f,c
  8558   003CAE                     l8524:
  8559   003CAE  C044  F03A         	movff	___aldiv@quotient,?___aldiv
  8560   003CB2  C045  F03B         	movff	___aldiv@quotient+1,?___aldiv+1
  8561   003CB6  C046  F03C         	movff	___aldiv@quotient+2,?___aldiv+2
  8562   003CBA  C047  F03D         	movff	___aldiv@quotient+3,?___aldiv+3
  8563   003CBE  0012               	return		;funcret
  8564   003CC0                     __end_of___aldiv:
  8565                           	callstack 0
  8566                           
  8567 ;; *************** function _MotorPosition_Init *****************
  8568 ;; Defined at:
  8569 ;;		line 1901 in file "main.c"
  8570 ;; Parameters:    Size  Location     Type
  8571 ;;		None
  8572 ;; Auto vars:     Size  Location     Type
  8573 ;;		None
  8574 ;; Return value:  Size  Location     Type
  8575 ;;                  1    wreg      void 
  8576 ;; Registers used:
  8577 ;;		wreg, status,2, status,0, cstack
  8578 ;; Tracked objects:
  8579 ;;		On entry : 0/0
  8580 ;;		On exit  : 0/0
  8581 ;;		Unchanged: 0/0
  8582 ;; Data sizes:     COMRAM   BANK0   BANK1   BANK2   BANK3   BANK4   BANK5   BANK6   BANK7   BANK8   BANK9  BANK10  BANK1
      +1  BANK12  BANK13  BANK14  BANK15
  8583 ;;      Params:         0       0       0       0       0       0       0       0       0       0       0       0       
      +0       0       0       0       0
  8584 ;;      Locals:         0       0       0       0       0       0       0       0       0       0       0       0       
      +0       0       0       0       0
  8585 ;;      Temps:          2       0       0       0       0       0       0       0       0       0       0       0       
      +0       0       0       0       0
  8586 ;;      Totals:         2       0       0       0       0       0       0       0       0       0       0       0       
      +0       0       0       0       0
  8587 ;;Total ram usage:        2 bytes
  8588 ;; Hardware stack levels used: 1
  8589 ;; Hardware stack levels required when called: 4
  8590 ;; This function calls:
  8591 ;;		_MotorBREAK
  8592 ;;		_MotorON
  8593 ;;		_Read_IR
  8594 ;;		_WriteSTLED316SErr
  8595 ;;		_delay_1ms
  8596 ;; This function is called by:
  8597 ;;		_main
  8598 ;; This function uses a non-reentrant model
  8599 ;;
  8600                           
  8601                           	psect	text21
  8602   003CC0                     __ptext21:
  8603                           	callstack 0
  8604   003CC0                     _MotorPosition_Init:
  8605                           	callstack 26
  8606   003CC0                     
  8607                           ;main.c: 1902:     LATAbits.LATA2 = 1;
  8608   003CC0  8489               	bsf	137,2,c	;volatile
  8609   003CC2                     
  8610                           ;main.c: 1903:     MotorON();
  8611   003CC2  ECC0  F024         	call	_MotorON	;wreg free
  8612   003CC6                     
  8613                           ;main.c: 1904:     _delay((unsigned long)((350)*(8000000/4000.0)));
  8614   003CC6  0E04               	movlw	4
  8615   003CC8  6E44               	movwf	(??_MotorPosition_Init+1)^0,c
  8616   003CCA  0E8E               	movlw	142
  8617   003CCC  6E43               	movwf	??_MotorPosition_Init^0,c
  8618   003CCE  0E12               	movlw	18
  8619   003CD0                     u8577:
  8620   003CD0  2EE8               	decfsz	wreg,f,c
  8621   003CD2  D7FE               	bra	u8577
  8622   003CD4  2E43               	decfsz	??_MotorPosition_Init^0,f,c
  8623   003CD6  D7FC               	bra	u8577
  8624   003CD8  2E44               	decfsz	(??_MotorPosition_Init+1)^0,f,c
  8625   003CDA  D7FA               	bra	u8577
  8626   003CDC  D000               	nop2	
  8627   003CDE                     
  8628                           ;main.c: 1905:     errorcounter = 30;
  8629   003CDE  0E1E               	movlw	30
  8630   003CE0  6E4E               	movwf	_errorcounter^0,c	;volatile
  8631   003CE2  0E00               	movlw	0
  8632   003CE4  6E4F               	movwf	(_errorcounter+1)^0,c	;volatile
  8633   003CE6  0E00               	movlw	0
  8634   003CE8  6E50               	movwf	(_errorcounter+2)^0,c	;volatile
  8635   003CEA  0E00               	movlw	0
  8636   003CEC  6E51               	movwf	(_errorcounter+3)^0,c	;volatile
  8637   003CEE                     l5650:
  8638                           
  8639                           ;main.c: 1908:         IR_SENSORF = Read_IR();
  8640   003CEE  ECCF  F022         	call	_Read_IR	;wreg free
  8641   003CF2  C03A  F017         	movff	?_Read_IR,_IR_SENSORF
  8642   003CF6  C03B  F018         	movff	?_Read_IR+1,_IR_SENSORF+1
  8643   003CFA                     
  8644                           ;main.c: 1909:         if (errorcounter == 0) {
  8645   003CFA  504E               	movf	_errorcounter^0,w,c	;volatile
  8646   003CFC  104F               	iorwf	(_errorcounter+1)^0,w,c	;volatile
  8647   003CFE  1050               	iorwf	(_errorcounter+2)^0,w,c	;volatile
  8648   003D00  1051               	iorwf	(_errorcounter+3)^0,w,c	;volatile
  8649   003D02  A4D8               	btfss	status,2,c
  8650   003D04  EF86  F01E         	goto	u4031
  8651   003D08  EF88  F01E         	goto	u4030
  8652   003D0C                     u4031:
  8653   003D0C  EF8D  F01E         	goto	l5658
  8654   003D10                     u4030:
  8655   003D10                     
  8656                           ;main.c: 1910:             WriteSTLED316SErr('1');
  8657   003D10  0E31               	movlw	49
  8658   003D12  EC66  F01F         	call	_WriteSTLED316SErr
  8659   003D16                     
  8660                           ;main.c: 1911:             MotorBREAK();
  8661   003D16  ECC5  F024         	call	_MotorBREAK	;wreg free
  8662   003D1A                     l5658:
  8663                           
  8664                           ;main.c: 1914:     } while (IR_SENSORF != 0);
  8665   003D1A  5017               	movf	_IR_SENSORF^0,w,c
  8666   003D1C  1018               	iorwf	(_IR_SENSORF+1)^0,w,c
  8667   003D1E  A4D8               	btfss	status,2,c
  8668   003D20  EF94  F01E         	goto	u4041
  8669   003D24  EF96  F01E         	goto	u4040
  8670   003D28                     u4041:
  8671   003D28  EF77  F01E         	goto	l5650
  8672   003D2C                     u4040:
  8673   003D2C                     
  8674                           ;main.c: 1916:     _delay((unsigned long)((30)*(8000000/4000.0)));
  8675   003D2C  0E4E               	movlw	78
  8676   003D2E  6E43               	movwf	??_MotorPosition_Init^0,c
  8677   003D30  0EEB               	movlw	235
  8678   003D32                     u8587:
  8679   003D32  2EE8               	decfsz	wreg,f,c
  8680   003D34  D7FE               	bra	u8587
  8681   003D36  2E43               	decfsz	??_MotorPosition_Init^0,f,c
  8682   003D38  D7FC               	bra	u8587
  8683   003D3A  F000               	nop	
  8684   003D3C                     
  8685                           ;main.c: 1917:     errorcounter = 30;
  8686   003D3C  0E1E               	movlw	30
  8687   003D3E  6E4E               	movwf	_errorcounter^0,c	;volatile
  8688   003D40  0E00               	movlw	0
  8689   003D42  6E4F               	movwf	(_errorcounter+1)^0,c	;volatile
  8690   003D44  0E00               	movlw	0
  8691   003D46  6E50               	movwf	(_errorcounter+2)^0,c	;volatile
  8692   003D48  0E00               	movlw	0
  8693   003D4A  6E51               	movwf	(_errorcounter+3)^0,c	;volatile
  8694   003D4C                     l5664:
  8695                           
  8696                           ;main.c: 1919:         IR_SENSORF = Read_IR();
  8697   003D4C  ECCF  F022         	call	_Read_IR	;wreg free
  8698   003D50  C03A  F017         	movff	?_Read_IR,_IR_SENSORF
  8699   003D54  C03B  F018         	movff	?_Read_IR+1,_IR_SENSORF+1
  8700   003D58                     
  8701                           ;main.c: 1920:         if (errorcounter == 0) {
  8702   003D58  504E               	movf	_errorcounter^0,w,c	;volatile
  8703   003D5A  104F               	iorwf	(_errorcounter+1)^0,w,c	;volatile
  8704   003D5C  1050               	iorwf	(_errorcounter+2)^0,w,c	;volatile
  8705   003D5E  1051               	iorwf	(_errorcounter+3)^0,w,c	;volatile
  8706   003D60  A4D8               	btfss	status,2,c
  8707   003D62  EFB5  F01E         	goto	u4051
  8708   003D66  EFB7  F01E         	goto	u4050
  8709   003D6A                     u4051:
  8710   003D6A  EFBC  F01E         	goto	l5672
  8711   003D6E                     u4050:
  8712   003D6E                     
  8713                           ;main.c: 1921:             WriteSTLED316SErr('2');
  8714   003D6E  0E32               	movlw	50
  8715   003D70  EC66  F01F         	call	_WriteSTLED316SErr
  8716   003D74                     
  8717                           ;main.c: 1922:             MotorBREAK();
  8718   003D74  ECC5  F024         	call	_MotorBREAK	;wreg free
  8719   003D78                     l5672:
  8720                           
  8721                           ;main.c: 1925:     } while (IR_SENSORF != 1);
  8722   003D78  0417               	decf	_IR_SENSORF^0,w,c
  8723   003D7A  1018               	iorwf	(_IR_SENSORF+1)^0,w,c
  8724   003D7C  A4D8               	btfss	status,2,c
  8725   003D7E  EFC3  F01E         	goto	u4061
  8726   003D82  EFC5  F01E         	goto	u4060
  8727   003D86                     u4061:
  8728   003D86  EFA6  F01E         	goto	l5664
  8729   003D8A                     u4060:
  8730   003D8A                     
  8731                           ;main.c: 1927:     errorcounter = 30;
  8732   003D8A  0E1E               	movlw	30
  8733   003D8C  6E4E               	movwf	_errorcounter^0,c	;volatile
  8734   003D8E  0E00               	movlw	0
  8735   003D90  6E4F               	movwf	(_errorcounter+1)^0,c	;volatile
  8736   003D92  0E00               	movlw	0
  8737   003D94  6E50               	movwf	(_errorcounter+2)^0,c	;volatile
  8738   003D96  0E00               	movlw	0
  8739   003D98  6E51               	movwf	(_errorcounter+3)^0,c	;volatile
  8740   003D9A                     
  8741                           ;main.c: 1929:     delay_1ms(Motor_Stop_Delay_Time);
  8742   003D9A  C021  F03A         	movff	_Motor_Stop_Delay_Time,delay_1ms@time
  8743   003D9E  C022  F03B         	movff	_Motor_Stop_Delay_Time+1,delay_1ms@time+1
  8744   003DA2  EC1F  F024         	call	_delay_1ms	;wreg free
  8745   003DA6                     
  8746                           ;main.c: 1930:     MotorBREAK();
  8747   003DA6  ECC5  F024         	call	_MotorBREAK	;wreg free
  8748   003DAA                     
  8749                           ;main.c: 1931:     _delay((unsigned long)((500)*(8000000/4000.0)));
  8750   003DAA  0E06               	movlw	6
  8751   003DAC  6E44               	movwf	(??_MotorPosition_Init+1)^0,c
  8752   003DAE  0E13               	movlw	19
  8753   003DB0  6E43               	movwf	??_MotorPosition_Init^0,c
  8754   003DB2  0EAE               	movlw	174
  8755   003DB4                     u8597:
  8756   003DB4  2EE8               	decfsz	wreg,f,c
  8757   003DB6  D7FE               	bra	u8597
  8758   003DB8  2E43               	decfsz	??_MotorPosition_Init^0,f,c
  8759   003DBA  D7FC               	bra	u8597
  8760   003DBC  2E44               	decfsz	(??_MotorPosition_Init+1)^0,f,c
  8761   003DBE  D7FA               	bra	u8597
  8762   003DC0                     
  8763                           ;main.c: 1932:     IR_SENSORF = 0;
  8764   003DC0  0E00               	movlw	0
  8765   003DC2  6E18               	movwf	(_IR_SENSORF+1)^0,c
  8766   003DC4  0E00               	movlw	0
  8767   003DC6  6E17               	movwf	_IR_SENSORF^0,c
  8768   003DC8                     
  8769                           ;main.c: 1934:     LATAbits.LATA2 = 0;
  8770   003DC8  9489               	bcf	137,2,c	;volatile
  8771   003DCA  0012               	return		;funcret
  8772   003DCC                     __end_of_MotorPosition_Init:
  8773                           	callstack 0
  8774                           
  8775 ;; *************** function _InitTimer1 *****************
  8776 ;; Defined at:
  8777 ;;		line 2254 in file "main.c"
  8778 ;; Parameters:    Size  Location     Type
  8779 ;;		None
  8780 ;; Auto vars:     Size  Location     Type
  8781 ;;		None
  8782 ;; Return value:  Size  Location     Type
  8783 ;;                  1    wreg      void 
  8784 ;; Registers used:
  8785 ;;		wreg, status,2
  8786 ;; Tracked objects:
  8787 ;;		On entry : 0/0
  8788 ;;		On exit  : 0/0
  8789 ;;		Unchanged: 0/0
  8790 ;; Data sizes:     COMRAM   BANK0   BANK1   BANK2   BANK3   BANK4   BANK5   BANK6   BANK7   BANK8   BANK9  BANK10  BANK1
      +1  BANK12  BANK13  BANK14  BANK15
  8791 ;;      Params:         0       0       0       0       0       0       0       0       0       0       0       0       
      +0       0       0       0       0
  8792 ;;      Locals:         0       0       0       0       0       0       0       0       0       0       0       0       
      +0       0       0       0       0
  8793 ;;      Temps:          0       0       0       0       0       0       0       0       0       0       0       0       
      +0       0       0       0       0
  8794 ;;      Totals:         0       0       0       0       0       0       0       0       0       0       0       0       
      +0       0       0       0       0
  8795 ;;Total ram usage:        0 bytes
  8796 ;; Hardware stack levels used: 1
  8797 ;; Hardware stack levels required when called: 2
  8798 ;; This function calls:
  8799 ;;		Nothing
  8800 ;; This function is called by:
  8801 ;;		_main
  8802 ;; This function uses a non-reentrant model
  8803 ;;
  8804                           
  8805                           	psect	text22
  8806   0048B6                     __ptext22:
  8807                           	callstack 0
  8808   0048B6                     _InitTimer1:
  8809                           	callstack 28
  8810   0048B6                     
  8811                           ;main.c: 2255:     T1CON = 0b00110001;
  8812   0048B6  0E31               	movlw	49
  8813   0048B8  6ECD               	movwf	205,c	;volatile
  8814                           
  8815                           ;main.c: 2258:     TMR1 = 0x9E57;
  8816   0048BA  0E9E               	movlw	158
  8817   0048BC  6ECF               	movwf	207,c	;volatile
  8818   0048BE  0E57               	movlw	87
  8819   0048C0  6ECE               	movwf	206,c	;volatile
  8820   0048C2                     
  8821                           ;main.c: 2259:     TMR1IF = 0;
  8822   0048C2  909E               	bcf	3998,0,c	;volatile
  8823   0048C4                     
  8824                           ;main.c: 2260:     TMR1IE = 1;
  8825   0048C4  809D               	bsf	3997,0,c	;volatile
  8826   0048C6                     
  8827                           ;main.c: 2261:     IPR1bits.TMR1IP = 1;
  8828   0048C6  809F               	bsf	159,0,c	;volatile
  8829                           
  8830                           ;main.c: 2263:     TMR1IF_triggered = 0;
  8831   0048C8  0E00               	movlw	0
  8832   0048CA  6E27               	movwf	_TMR1IF_triggered^0,c	;volatile
  8833   0048CC  0012               	return		;funcret
  8834   0048CE                     __end_of_InitTimer1:
  8835                           	callstack 0
  8836                           
  8837 ;; *************** function _InitSTLED316 *****************
  8838 ;; Defined at:
  8839 ;;		line 14 in file "Display.c"
  8840 ;; Parameters:    Size  Location     Type
  8841 ;;  Brightness      1    wreg     unsigned char 
  8842 ;; Auto vars:     Size  Location     Type
  8843 ;;  Brightness      1   16[COMRAM] unsigned char 
  8844 ;;  i               2    0        int 
  8845 ;; Return value:  Size  Location     Type
  8846 ;;                  1    wreg      void 
  8847 ;; Registers used:
  8848 ;;		wreg, status,2, status,0, cstack
  8849 ;; Tracked objects:
  8850 ;;		On entry : 0/0
  8851 ;;		On exit  : 0/0
  8852 ;;		Unchanged: 0/0
  8853 ;; Data sizes:     COMRAM   BANK0   BANK1   BANK2   BANK3   BANK4   BANK5   BANK6   BANK7   BANK8   BANK9  BANK10  BANK1
      +1  BANK12  BANK13  BANK14  BANK15
  8854 ;;      Params:         0       0       0       0       0       0       0       0       0       0       0       0       
      +0       0       0       0       0
  8855 ;;      Locals:         1       0       0       0       0       0       0       0       0       0       0       0       
      +0       0       0       0       0
  8856 ;;      Temps:          2       0       0       0       0       0       0       0       0       0       0       0       
      +0       0       0       0       0
  8857 ;;      Totals:         3       0       0       0       0       0       0       0       0       0       0       0       
      +0       0       0       0       0
  8858 ;;Total ram usage:        3 bytes
  8859 ;; Hardware stack levels used: 1
  8860 ;; Hardware stack levels required when called: 3
  8861 ;; This function calls:
  8862 ;;		_STLED316s_SPI_SendData
  8863 ;; This function is called by:
  8864 ;;		_main
  8865 ;; This function uses a non-reentrant model
  8866 ;;
  8867                           
  8868                           	psect	text23
  8869   004356                     __ptext23:
  8870                           	callstack 0
  8871   004356                     _InitSTLED316:
  8872                           	callstack 27
  8873                           
  8874                           ;incstack = 0
  8875                           ;InitSTLED316@Brightness stored from wreg
  8876   004356  6E42               	movwf	InitSTLED316@Brightness^0,c
  8877   004358                     
  8878                           ;Display.c: 14: void InitSTLED316(unsigned char Brightness);Display.c: 15: {;Display.c: 
      +                          16:     int i;;Display.c: 18:     LATCbits.LATC4 = 1;
  8879   004358  888B               	bsf	139,4,c	;volatile
  8880                           
  8881                           ;Display.c: 20:     LATCbits.LATC4 = 0;
  8882   00435A  988B               	bcf	139,4,c	;volatile
  8883   00435C                     
  8884                           ;Display.c: 22:     STLED316s_SPI_SendData(0x00 + (0x02 << 3) + 0x20 + 0x00);
  8885   00435C  0E30               	movlw	48
  8886   00435E  ECF1  F021         	call	_STLED316s_SPI_SendData
  8887   004362                     
  8888                           ;Display.c: 25:     LATCbits.LATC4 = 1;
  8889   004362  888B               	bsf	139,4,c	;volatile
  8890   004364                     
  8891                           ;Display.c: 27:     LATCbits.LATC4 = 0;
  8892   004364  988B               	bcf	139,4,c	;volatile
  8893                           
  8894                           ;Display.c: 30:     STLED316s_SPI_SendData(0x00 + (0x02 << 3) + 0x20 + 0x00);
  8895   004366  0E30               	movlw	48
  8896   004368  ECF1  F021         	call	_STLED316s_SPI_SendData
  8897                           
  8898                           ;Display.c: 32:     STLED316s_SPI_SendData(((Brightness >> 4) << 5) | 0x00 | 0x5);
  8899   00436C  C042  F040         	movff	InitSTLED316@Brightness,??_InitSTLED316
  8900   004370  3A40               	swapf	??_InitSTLED316^0,f,c
  8901   004372  0E0F               	movlw	15
  8902   004374  1640               	andwf	??_InitSTLED316^0,f,c
  8903   004376  0E05               	movlw	5
  8904   004378  6E41               	movwf	(??_InitSTLED316+1)^0,c
  8905   00437A                     u4025:
  8906   00437A  90D8               	bcf	status,0,c
  8907   00437C  3640               	rlcf	??_InitSTLED316^0,f,c
  8908   00437E  2E41               	decfsz	(??_InitSTLED316+1)^0,f,c
  8909   004380  EFBD  F021         	goto	u4025
  8910   004384  5040               	movf	??_InitSTLED316^0,w,c
  8911   004386  0905               	iorlw	5
  8912   004388  ECF1  F021         	call	_STLED316s_SPI_SendData
  8913   00438C                     
  8914                           ;Display.c: 34:     LATCbits.LATC4 = 1;
  8915   00438C  888B               	bsf	139,4,c	;volatile
  8916   00438E                     
  8917                           ;Display.c: 36:     LATCbits.LATC4 = 0;
  8918   00438E  988B               	bcf	139,4,c	;volatile
  8919                           
  8920                           ;Display.c: 39:     STLED316s_SPI_SendData((0x02 << 3) + 0x01 + 0x00 + 0x00);
  8921   004390  0E11               	movlw	17
  8922   004392  ECF1  F021         	call	_STLED316s_SPI_SendData
  8923   004396                     
  8924                           ;Display.c: 45:     LATCbits.LATC4 = 1;
  8925   004396  888B               	bsf	139,4,c	;volatile
  8926   004398                     
  8927                           ;Display.c: 47:     LATCbits.LATC4 = 0;
  8928   004398  988B               	bcf	139,4,c	;volatile
  8929                           
  8930                           ;Display.c: 50:     STLED316s_SPI_SendData((0x02 << 3) + 0x01 + 0x00 + 0x00);
  8931   00439A  0E11               	movlw	17
  8932   00439C  ECF1  F021         	call	_STLED316s_SPI_SendData
  8933                           
  8934                           ;Display.c: 52:     STLED316s_SPI_SendData(Brightness);
  8935   0043A0  5042               	movf	InitSTLED316@Brightness^0,w,c
  8936   0043A2  ECF1  F021         	call	_STLED316s_SPI_SendData
  8937                           
  8938                           ;Display.c: 53:     STLED316s_SPI_SendData(Brightness);
  8939   0043A6  5042               	movf	InitSTLED316@Brightness^0,w,c
  8940   0043A8  ECF1  F021         	call	_STLED316s_SPI_SendData
  8941                           
  8942                           ;Display.c: 54:     STLED316s_SPI_SendData(Brightness);
  8943   0043AC  5042               	movf	InitSTLED316@Brightness^0,w,c
  8944   0043AE  ECF1  F021         	call	_STLED316s_SPI_SendData
  8945   0043B2                     
  8946                           ;Display.c: 58:     LATCbits.LATC4 = 1;
  8947   0043B2  888B               	bsf	139,4,c	;volatile
  8948   0043B4                     
  8949                           ;Display.c: 60:     LATCbits.LATC4 = 0;
  8950   0043B4  988B               	bcf	139,4,c	;volatile
  8951                           
  8952                           ;Display.c: 63:     STLED316s_SPI_SendData((0x03 << 3) + 0x00 + 0x00 + 0x00);
  8953   0043B6  0E18               	movlw	24
  8954   0043B8  ECF1  F021         	call	_STLED316s_SPI_SendData
  8955   0043BC                     
  8956                           ;Display.c: 66:     LATCbits.LATC4 = 1;
  8957   0043BC  888B               	bsf	139,4,c	;volatile
  8958   0043BE                     
  8959                           ;Display.c: 68:     LATCbits.LATC4 = 0;
  8960   0043BE  988B               	bcf	139,4,c	;volatile
  8961                           
  8962                           ;Display.c: 70:     STLED316s_SPI_SendData((0x03 << 3) + 0x00 + 0x00 + 0x00);
  8963   0043C0  0E18               	movlw	24
  8964   0043C2  ECF1  F021         	call	_STLED316s_SPI_SendData
  8965                           
  8966                           ;Display.c: 72:     STLED316s_SPI_SendData(Brightness);
  8967   0043C6  5042               	movf	InitSTLED316@Brightness^0,w,c
  8968   0043C8  ECF1  F021         	call	_STLED316s_SPI_SendData
  8969                           
  8970                           ;Display.c: 73:     STLED316s_SPI_SendData(Brightness);
  8971   0043CC  5042               	movf	InitSTLED316@Brightness^0,w,c
  8972   0043CE  ECF1  F021         	call	_STLED316s_SPI_SendData
  8973                           
  8974                           ;Display.c: 74:     STLED316s_SPI_SendData(Brightness);
  8975   0043D2  5042               	movf	InitSTLED316@Brightness^0,w,c
  8976   0043D4  ECF1  F021         	call	_STLED316s_SPI_SendData
  8977                           
  8978                           ;Display.c: 75:     STLED316s_SPI_SendData(Brightness);
  8979   0043D8  5042               	movf	InitSTLED316@Brightness^0,w,c
  8980   0043DA  ECF1  F021         	call	_STLED316s_SPI_SendData
  8981   0043DE                     
  8982                           ;Display.c: 79:     LATCbits.LATC4 = 1;
  8983   0043DE  888B               	bsf	139,4,c	;volatile
  8984   0043E0  0012               	return		;funcret
  8985   0043E2                     __end_of_InitSTLED316:
  8986                           	callstack 0
  8987                           
  8988 ;; *************** function _Homing_Again_Manual *****************
  8989 ;; Defined at:
  8990 ;;		line 1963 in file "main.c"
  8991 ;; Parameters:    Size  Location     Type
  8992 ;;		None
  8993 ;; Auto vars:     Size  Location     Type
  8994 ;;  NUMInit         2    0        int 
  8995 ;; Return value:  Size  Location     Type
  8996 ;;                  1    wreg      void 
  8997 ;; Registers used:
  8998 ;;		wreg, fsr2l, fsr2h, status,2, status,0, cstack
  8999 ;; Tracked objects:
  9000 ;;		On entry : 0/0
  9001 ;;		On exit  : 0/0
  9002 ;;		Unchanged: 0/0
  9003 ;; Data sizes:     COMRAM   BANK0   BANK1   BANK2   BANK3   BANK4   BANK5   BANK6   BANK7   BANK8   BANK9  BANK10  BANK1
      +1  BANK12  BANK13  BANK14  BANK15
  9004 ;;      Params:         0       0       0       0       0       0       0       0       0       0       0       0       
      +0       0       0       0       0
  9005 ;;      Locals:         0       0       0       0       0       0       0       0       0       0       0       0       
      +0       0       0       0       0
  9006 ;;      Temps:          2       0       0       0       0       0       0       0       0       0       0       0       
      +0       0       0       0       0
  9007 ;;      Totals:         2       0       0       0       0       0       0       0       0       0       0       0       
      +0       0       0       0       0
  9008 ;;Total ram usage:        2 bytes
  9009 ;; Hardware stack levels used: 1
  9010 ;; Hardware stack levels required when called: 4
  9011 ;; This function calls:
  9012 ;;		_AD_capture_BattVoltage
  9013 ;;		_MotorBREAK
  9014 ;;		_MotorON
  9015 ;;		_Read_IR
  9016 ;;		_WriteSTLED316SData
  9017 ;;		_WriteSTLED316SErr
  9018 ;;		_delay_1ms
  9019 ;;		_readWeighingData
  9020 ;; This function is called by:
  9021 ;;		_main
  9022 ;; This function uses a non-reentrant model
  9023 ;;
  9024                           
  9025                           	psect	text24
  9026   003306                     __ptext24:
  9027                           	callstack 0
  9028   003306                     _Homing_Again_Manual:
  9029                           	callstack 26
  9030   003306                     
  9031                           ;main.c: 1966:     if (vibration_mode == 1) {
  9032   003306  042C               	decf	_vibration_mode^0,w,c
  9033   003308  A4D8               	btfss	status,2,c
  9034   00330A  EF89  F019         	goto	u4181
  9035   00330E  EF8B  F019         	goto	u4180
  9036   003312                     u4181:
  9037   003312  EFA0  F019         	goto	l591
  9038   003316                     u4180:
  9039   003316                     
  9040                           ;main.c: 1967:         LATCbits.LATC1 = 1;
  9041   003316  828B               	bsf	139,1,c	;volatile
  9042   003318                     
  9043                           ;main.c: 1968:         delay_1ms(Vmotor_Time);
  9044   003318  C054  F03A         	movff	_Vmotor_Time,delay_1ms@time
  9045   00331C  C055  F03B         	movff	_Vmotor_Time+1,delay_1ms@time+1
  9046   003320  EC1F  F024         	call	_delay_1ms	;wreg free
  9047   003324                     
  9048                           ;main.c: 1969:         LATCbits.LATC1 = 0;
  9049   003324  928B               	bcf	139,1,c	;volatile
  9050   003326                     l5800:
  9051                           
  9052                           ;main.c: 1970:         _delay((unsigned long)((300)*(8000000/4000.0)));
  9053   003326  0E04               	movlw	4
  9054   003328  6E4C               	movwf	(??_Homing_Again_Manual+1)^0,c
  9055   00332A  0E0C               	movlw	12
  9056   00332C  6E4B               	movwf	??_Homing_Again_Manual^0,c
  9057   00332E  0E34               	movlw	52
  9058   003330                     u8607:
  9059   003330  2EE8               	decfsz	wreg,f,c
  9060   003332  D7FE               	bra	u8607
  9061   003334  2E4B               	decfsz	??_Homing_Again_Manual^0,f,c
  9062   003336  D7FC               	bra	u8607
  9063   003338  2E4C               	decfsz	(??_Homing_Again_Manual+1)^0,f,c
  9064   00333A  D7FA               	bra	u8607
  9065                           
  9066                           ;main.c: 1971:     } else {
  9067   00333C  EFA3  F019         	goto	l5804
  9068   003340                     l591:
  9069                           
  9070                           ;main.c: 1972:         LATCbits.LATC1 = 0;
  9071   003340  928B               	bcf	139,1,c	;volatile
  9072   003342  EF93  F019         	goto	l5800
  9073   003346                     l5804:
  9074                           
  9075                           ;main.c: 1976:     LATAbits.LATA2 = 1;
  9076   003346  8489               	bsf	137,2,c	;volatile
  9077   003348                     
  9078                           ;main.c: 1979:     if (NUM == 0) {
  9079   003348  501F               	movf	_NUM^0,w,c
  9080   00334A  1020               	iorwf	(_NUM+1)^0,w,c
  9081   00334C  A4D8               	btfss	status,2,c
  9082   00334E  EFAB  F019         	goto	u4191
  9083   003352  EFAD  F019         	goto	u4190
  9084   003356                     u4191:
  9085   003356  EFB3  F019         	goto	l5812
  9086   00335A                     u4190:
  9087   00335A                     
  9088                           ;main.c: 1980:         i_RUN_ZERO = 1;
  9089   00335A  0E00               	movlw	0
  9090   00335C  6E1E               	movwf	(_i_RUN_ZERO+1)^0,c
  9091   00335E  0E01               	movlw	1
  9092   003360  6E1D               	movwf	_i_RUN_ZERO^0,c
  9093                           
  9094                           ;main.c: 1981:     }
  9095   003362  EF3C  F01B         	goto	l5920
  9096   003366                     l5812:
  9097                           
  9098                           ;main.c: 1983:     {;main.c: 1984:         i_RUN_ZERO = 0;
  9099   003366  0E00               	movlw	0
  9100   003368  6E1E               	movwf	(_i_RUN_ZERO+1)^0,c
  9101   00336A  0E00               	movlw	0
  9102   00336C  6E1D               	movwf	_i_RUN_ZERO^0,c
  9103   00336E  EF3C  F01B         	goto	l5920
  9104   003372                     l596:
  9105   003372  0004               	clrwdt		;# 
  9106   003374                     
  9107                           ;main.c: 1990:         readWeighingData();
  9108   003374  ECA2  F020         	call	_readWeighingData	;wreg free
  9109   003378                     
  9110                           ;main.c: 1991:         AD_capture_BattVoltage();
  9111   003378  EC42  F023         	call	_AD_capture_BattVoltage	;wreg free
  9112   00337C                     
  9113                           ;main.c: 1992:         delay_1ms(Motor_Pause_Time);
  9114   00337C  C095  F03A         	movff	_Motor_Pause_Time,delay_1ms@time
  9115   003380  C096  F03B         	movff	_Motor_Pause_Time+1,delay_1ms@time+1
  9116   003384  EC1F  F024         	call	_delay_1ms	;wreg free
  9117   003388                     
  9118                           ;main.c: 1993:         MotorON();
  9119   003388  ECC0  F024         	call	_MotorON	;wreg free
  9120   00338C                     
  9121                           ;main.c: 1997:         _delay((unsigned long)((140)*(8000000/4000.0)));
  9122   00338C  0E02               	movlw	2
  9123   00338E  6E4C               	movwf	(??_Homing_Again_Manual+1)^0,c
  9124   003390  0E6C               	movlw	108
  9125   003392  6E4B               	movwf	??_Homing_Again_Manual^0,c
  9126   003394  0EA0               	movlw	160
  9127   003396                     u8617:
  9128   003396  2EE8               	decfsz	wreg,f,c
  9129   003398  D7FE               	bra	u8617
  9130   00339A  2E4B               	decfsz	??_Homing_Again_Manual^0,f,c
  9131   00339C  D7FC               	bra	u8617
  9132   00339E  2E4C               	decfsz	(??_Homing_Again_Manual+1)^0,f,c
  9133   0033A0  D7FA               	bra	u8617
  9134   0033A2                     
  9135                           ;main.c: 1998:         errorcounter = 30;
  9136   0033A2  0E1E               	movlw	30
  9137   0033A4  6E4E               	movwf	_errorcounter^0,c	;volatile
  9138   0033A6  0E00               	movlw	0
  9139   0033A8  6E4F               	movwf	(_errorcounter+1)^0,c	;volatile
  9140   0033AA  0E00               	movlw	0
  9141   0033AC  6E50               	movwf	(_errorcounter+2)^0,c	;volatile
  9142   0033AE  0E00               	movlw	0
  9143   0033B0  6E51               	movwf	(_errorcounter+3)^0,c	;volatile
  9144   0033B2                     l5826:
  9145                           
  9146                           ;main.c: 2002:             IR_SENSORF = Read_IR();
  9147   0033B2  ECCF  F022         	call	_Read_IR	;wreg free
  9148   0033B6  C03A  F017         	movff	?_Read_IR,_IR_SENSORF
  9149   0033BA  C03B  F018         	movff	?_Read_IR+1,_IR_SENSORF+1
  9150   0033BE                     
  9151                           ;main.c: 2003:             if (errorcounter == 0) {
  9152   0033BE  504E               	movf	_errorcounter^0,w,c	;volatile
  9153   0033C0  104F               	iorwf	(_errorcounter+1)^0,w,c	;volatile
  9154   0033C2  1050               	iorwf	(_errorcounter+2)^0,w,c	;volatile
  9155   0033C4  1051               	iorwf	(_errorcounter+3)^0,w,c	;volatile
  9156   0033C6  A4D8               	btfss	status,2,c
  9157   0033C8  EFE8  F019         	goto	u4201
  9158   0033CC  EFEA  F019         	goto	u4200
  9159   0033D0                     u4201:
  9160   0033D0  EFEF  F019         	goto	l5834
  9161   0033D4                     u4200:
  9162   0033D4                     
  9163                           ;main.c: 2004:                 WriteSTLED316SErr('1');
  9164   0033D4  0E31               	movlw	49
  9165   0033D6  EC66  F01F         	call	_WriteSTLED316SErr
  9166   0033DA                     
  9167                           ;main.c: 2005:                 MotorBREAK();
  9168   0033DA  ECC5  F024         	call	_MotorBREAK	;wreg free
  9169   0033DE                     l5834:
  9170                           
  9171                           ;main.c: 2008:         } while (IR_SENSORF != 0);
  9172   0033DE  5017               	movf	_IR_SENSORF^0,w,c
  9173   0033E0  1018               	iorwf	(_IR_SENSORF+1)^0,w,c
  9174   0033E2  A4D8               	btfss	status,2,c
  9175   0033E4  EFF6  F019         	goto	u4211
  9176   0033E8  EFF8  F019         	goto	u4210
  9177   0033EC                     u4211:
  9178   0033EC  EFD9  F019         	goto	l5826
  9179   0033F0                     u4210:
  9180   0033F0                     
  9181                           ;main.c: 2010:         _delay((unsigned long)((30)*(8000000/4000.0)));
  9182   0033F0  0E4E               	movlw	78
  9183   0033F2  6E4B               	movwf	??_Homing_Again_Manual^0,c
  9184   0033F4  0EEB               	movlw	235
  9185   0033F6                     u8627:
  9186   0033F6  2EE8               	decfsz	wreg,f,c
  9187   0033F8  D7FE               	bra	u8627
  9188   0033FA  2E4B               	decfsz	??_Homing_Again_Manual^0,f,c
  9189   0033FC  D7FC               	bra	u8627
  9190   0033FE  F000               	nop	
  9191   003400                     
  9192                           ;main.c: 2012:         errorcounter = 30;
  9193   003400  0E1E               	movlw	30
  9194   003402  6E4E               	movwf	_errorcounter^0,c	;volatile
  9195   003404  0E00               	movlw	0
  9196   003406  6E4F               	movwf	(_errorcounter+1)^0,c	;volatile
  9197   003408  0E00               	movlw	0
  9198   00340A  6E50               	movwf	(_errorcounter+2)^0,c	;volatile
  9199   00340C  0E00               	movlw	0
  9200   00340E  6E51               	movwf	(_errorcounter+3)^0,c	;volatile
  9201   003410                     l5840:
  9202                           
  9203                           ;main.c: 2015:             IR_SENSORF = Read_IR();
  9204   003410  ECCF  F022         	call	_Read_IR	;wreg free
  9205   003414  C03A  F017         	movff	?_Read_IR,_IR_SENSORF
  9206   003418  C03B  F018         	movff	?_Read_IR+1,_IR_SENSORF+1
  9207   00341C                     
  9208                           ;main.c: 2016:             if (errorcounter == 0) {
  9209   00341C  504E               	movf	_errorcounter^0,w,c	;volatile
  9210   00341E  104F               	iorwf	(_errorcounter+1)^0,w,c	;volatile
  9211   003420  1050               	iorwf	(_errorcounter+2)^0,w,c	;volatile
  9212   003422  1051               	iorwf	(_errorcounter+3)^0,w,c	;volatile
  9213   003424  A4D8               	btfss	status,2,c
  9214   003426  EF17  F01A         	goto	u4221
  9215   00342A  EF19  F01A         	goto	u4220
  9216   00342E                     u4221:
  9217   00342E  EF1E  F01A         	goto	l5848
  9218   003432                     u4220:
  9219   003432                     
  9220                           ;main.c: 2017:                 WriteSTLED316SErr('2');
  9221   003432  0E32               	movlw	50
  9222   003434  EC66  F01F         	call	_WriteSTLED316SErr
  9223   003438                     
  9224                           ;main.c: 2018:                 MotorBREAK();
  9225   003438  ECC5  F024         	call	_MotorBREAK	;wreg free
  9226   00343C                     l5848:
  9227                           
  9228                           ;main.c: 2020:         } while (IR_SENSORF != 1);
  9229   00343C  0417               	decf	_IR_SENSORF^0,w,c
  9230   00343E  1018               	iorwf	(_IR_SENSORF+1)^0,w,c
  9231   003440  A4D8               	btfss	status,2,c
  9232   003442  EF25  F01A         	goto	u4231
  9233   003446  EF27  F01A         	goto	u4230
  9234   00344A                     u4231:
  9235   00344A  EF08  F01A         	goto	l5840
  9236   00344E                     u4230:
  9237   00344E                     
  9238                           ;main.c: 2023:         errorcounter = 30;
  9239   00344E  0E1E               	movlw	30
  9240   003450  6E4E               	movwf	_errorcounter^0,c	;volatile
  9241   003452  0E00               	movlw	0
  9242   003454  6E4F               	movwf	(_errorcounter+1)^0,c	;volatile
  9243   003456  0E00               	movlw	0
  9244   003458  6E50               	movwf	(_errorcounter+2)^0,c	;volatile
  9245   00345A  0E00               	movlw	0
  9246   00345C  6E51               	movwf	(_errorcounter+3)^0,c	;volatile
  9247   00345E                     
  9248                           ;main.c: 2024:         delay_1ms(Motor_Stop_Delay_Time);
  9249   00345E  C021  F03A         	movff	_Motor_Stop_Delay_Time,delay_1ms@time
  9250   003462  C022  F03B         	movff	_Motor_Stop_Delay_Time+1,delay_1ms@time+1
  9251   003466  EC1F  F024         	call	_delay_1ms	;wreg free
  9252   00346A                     
  9253                           ;main.c: 2025:         MotorBREAK();
  9254   00346A  ECC5  F024         	call	_MotorBREAK	;wreg free
  9255                           
  9256                           ;main.c: 2028:         if (NUM > 0 && i_RUN_ZERO != 1) {
  9257   00346E  501F               	movf	_NUM^0,w,c
  9258   003470  1020               	iorwf	(_NUM+1)^0,w,c
  9259   003472  B4D8               	btfsc	status,2,c
  9260   003474  EF3E  F01A         	goto	u4241
  9261   003478  EF40  F01A         	goto	u4240
  9262   00347C                     u4241:
  9263   00347C  EF4C  F01A         	goto	l5860
  9264   003480                     u4240:
  9265   003480  041D               	decf	_i_RUN_ZERO^0,w,c
  9266   003482  101E               	iorwf	(_i_RUN_ZERO+1)^0,w,c
  9267   003484  B4D8               	btfsc	status,2,c
  9268   003486  EF47  F01A         	goto	u4251
  9269   00348A  EF49  F01A         	goto	u4250
  9270   00348E                     u4251:
  9271   00348E  EF4C  F01A         	goto	l5860
  9272   003492                     u4250:
  9273   003492                     
  9274                           ;main.c: 2029:             NUM--;
  9275   003492  061F               	decf	_NUM^0,f,c
  9276   003494  A0D8               	btfss	status,0,c
  9277   003496  0620               	decf	(_NUM+1)^0,f,c
  9278   003498                     l5860:
  9279                           
  9280                           ;main.c: 2032:         WriteSTLED316SData(NUM, vibration_mode);
  9281   003498  C01F  F042         	movff	_NUM,WriteSTLED316SData@number
  9282   00349C  C020  F043         	movff	_NUM+1,WriteSTLED316SData@number+1
  9283   0034A0  C02C  F044         	movff	_vibration_mode,WriteSTLED316SData@v_mode
  9284   0034A4  EC57  F021         	call	_WriteSTLED316SData	;wreg free
  9285   0034A8                     
  9286                           ;main.c: 2033:         if (vibration_mode == 1 && (NUM != 0 || i_RUN_ZERO == 1)) {
  9287   0034A8  042C               	decf	_vibration_mode^0,w,c
  9288   0034AA  A4D8               	btfss	status,2,c
  9289   0034AC  EF5A  F01A         	goto	u4261
  9290   0034B0  EF5C  F01A         	goto	u4260
  9291   0034B4                     u4261:
  9292   0034B4  EF83  F01A         	goto	l5874
  9293   0034B8                     u4260:
  9294   0034B8  501F               	movf	_NUM^0,w,c
  9295   0034BA  1020               	iorwf	(_NUM+1)^0,w,c
  9296   0034BC  A4D8               	btfss	status,2,c
  9297   0034BE  EF63  F01A         	goto	u4271
  9298   0034C2  EF65  F01A         	goto	u4270
  9299   0034C6                     u4271:
  9300   0034C6  EF6E  F01A         	goto	l606
  9301   0034CA                     u4270:
  9302   0034CA  041D               	decf	_i_RUN_ZERO^0,w,c
  9303   0034CC  101E               	iorwf	(_i_RUN_ZERO+1)^0,w,c
  9304   0034CE  A4D8               	btfss	status,2,c
  9305   0034D0  EF6C  F01A         	goto	u4281
  9306   0034D4  EF6E  F01A         	goto	u4280
  9307   0034D8                     u4281:
  9308   0034D8  EF83  F01A         	goto	l5874
  9309   0034DC                     u4280:
  9310   0034DC                     l606:
  9311                           
  9312                           ;main.c: 2034:             LATCbits.LATC1 = 1;
  9313   0034DC  828B               	bsf	139,1,c	;volatile
  9314   0034DE                     
  9315                           ;main.c: 2035:             delay_1ms(Vmotor_Time);
  9316   0034DE  C054  F03A         	movff	_Vmotor_Time,delay_1ms@time
  9317   0034E2  C055  F03B         	movff	_Vmotor_Time+1,delay_1ms@time+1
  9318   0034E6  EC1F  F024         	call	_delay_1ms	;wreg free
  9319   0034EA                     
  9320                           ;main.c: 2036:             LATCbits.LATC1 = 0;
  9321   0034EA  928B               	bcf	139,1,c	;volatile
  9322   0034EC                     
  9323                           ;main.c: 2037:             _delay((unsigned long)((300)*(8000000/4000.0)));
  9324   0034EC  0E04               	movlw	4
  9325   0034EE  6E4C               	movwf	(??_Homing_Again_Manual+1)^0,c
  9326   0034F0  0E0C               	movlw	12
  9327   0034F2  6E4B               	movwf	??_Homing_Again_Manual^0,c
  9328   0034F4  0E34               	movlw	52
  9329   0034F6                     u8637:
  9330   0034F6  2EE8               	decfsz	wreg,f,c
  9331   0034F8  D7FE               	bra	u8637
  9332   0034FA  2E4B               	decfsz	??_Homing_Again_Manual^0,f,c
  9333   0034FC  D7FC               	bra	u8637
  9334   0034FE  2E4C               	decfsz	(??_Homing_Again_Manual+1)^0,f,c
  9335   003500  D7FA               	bra	u8637
  9336                           
  9337                           ;main.c: 2039:         } else if (vibration_mode == 0 && (NUM != 0 || i_RUN_ZERO == 1)) 
      +                          {
  9338   003502  EFC3  F01A         	goto	l5888
  9339   003506                     l5874:
  9340   003506  502C               	movf	_vibration_mode^0,w,c
  9341   003508  A4D8               	btfss	status,2,c
  9342   00350A  EF89  F01A         	goto	u4291
  9343   00350E  EF8B  F01A         	goto	u4290
  9344   003512                     u4291:
  9345   003512  EFC3  F01A         	goto	l5888
  9346   003516                     u4290:
  9347   003516  501F               	movf	_NUM^0,w,c
  9348   003518  1020               	iorwf	(_NUM+1)^0,w,c
  9349   00351A  A4D8               	btfss	status,2,c
  9350   00351C  EF92  F01A         	goto	u4301
  9351   003520  EF94  F01A         	goto	u4300
  9352   003524                     u4301:
  9353   003524  EF9D  F01A         	goto	l610
  9354   003528                     u4300:
  9355   003528  041D               	decf	_i_RUN_ZERO^0,w,c
  9356   00352A  101E               	iorwf	(_i_RUN_ZERO+1)^0,w,c
  9357   00352C  A4D8               	btfss	status,2,c
  9358   00352E  EF9B  F01A         	goto	u4311
  9359   003532  EF9D  F01A         	goto	u4310
  9360   003536                     u4311:
  9361   003536  EFC3  F01A         	goto	l5888
  9362   00353A                     u4310:
  9363   00353A                     l610:
  9364                           
  9365                           ;main.c: 2040:             LATCbits.LATC1 = 0;
  9366   00353A  928B               	bcf	139,1,c	;volatile
  9367   00353C                     
  9368                           ;main.c: 2041:             if (NUM != 0 || i_RUN_ZERO == 1) {
  9369   00353C  501F               	movf	_NUM^0,w,c
  9370   00353E  1020               	iorwf	(_NUM+1)^0,w,c
  9371   003540  A4D8               	btfss	status,2,c
  9372   003542  EFA5  F01A         	goto	u4321
  9373   003546  EFA7  F01A         	goto	u4320
  9374   00354A                     u4321:
  9375   00354A  EFB0  F01A         	goto	l5884
  9376   00354E                     u4320:
  9377   00354E  041D               	decf	_i_RUN_ZERO^0,w,c
  9378   003550  101E               	iorwf	(_i_RUN_ZERO+1)^0,w,c
  9379   003552  A4D8               	btfss	status,2,c
  9380   003554  EFAE  F01A         	goto	u4331
  9381   003558  EFB0  F01A         	goto	u4330
  9382   00355C                     u4331:
  9383   00355C  EFB8  F01A         	goto	l5886
  9384   003560                     u4330:
  9385   003560                     l5884:
  9386                           
  9387                           ;main.c: 2042:                 delay_1ms(Vmotor_Time);
  9388   003560  C054  F03A         	movff	_Vmotor_Time,delay_1ms@time
  9389   003564  C055  F03B         	movff	_Vmotor_Time+1,delay_1ms@time+1
  9390   003568  EC1F  F024         	call	_delay_1ms	;wreg free
  9391                           
  9392                           ;main.c: 2043:             } else {
  9393   00356C  EFC3  F01A         	goto	l5888
  9394   003570                     l5886:
  9395                           
  9396                           ;main.c: 2044:                 _delay((unsigned long)((500)*(8000000/4000.0)));
  9397   003570  0E06               	movlw	6
  9398   003572  6E4C               	movwf	(??_Homing_Again_Manual+1)^0,c
  9399   003574  0E13               	movlw	19
  9400   003576  6E4B               	movwf	??_Homing_Again_Manual^0,c
  9401   003578  0EAE               	movlw	174
  9402   00357A                     u8647:
  9403   00357A  2EE8               	decfsz	wreg,f,c
  9404   00357C  D7FE               	bra	u8647
  9405   00357E  2E4B               	decfsz	??_Homing_Again_Manual^0,f,c
  9406   003580  D7FC               	bra	u8647
  9407   003582  2E4C               	decfsz	(??_Homing_Again_Manual+1)^0,f,c
  9408   003584  D7FA               	bra	u8647
  9409   003586                     l5888:
  9410                           
  9411                           ;main.c: 2050:         if (Stop == 1)
  9412   003586  042E               	decf	_Stop^0,w,c
  9413   003588  A4D8               	btfss	status,2,c
  9414   00358A  EFC9  F01A         	goto	u4341
  9415   00358E  EFCB  F01A         	goto	u4340
  9416   003592                     u4341:
  9417   003592  EFF8  F01A         	goto	l5902
  9418   003596                     u4340:
  9419   003596  EF4E  F01B         	goto	l616
  9420   00359A                     l5892:
  9421                           
  9422                           ;main.c: 2065:             i_RUN_ZERO = 2;
  9423   00359A  0E00               	movlw	0
  9424   00359C  6E1E               	movwf	(_i_RUN_ZERO+1)^0,c
  9425   00359E  0E02               	movlw	2
  9426   0035A0  6E1D               	movwf	_i_RUN_ZERO^0,c
  9427   0035A2                     
  9428                           ;main.c: 2066:             WriteSTLED316SData(NUM, !vibration_mode);
  9429   0035A2  C01F  F042         	movff	_NUM,WriteSTLED316SData@number
  9430   0035A6  C020  F043         	movff	_NUM+1,WriteSTLED316SData@number+1
  9431   0035AA  502C               	movf	_vibration_mode^0,w,c
  9432   0035AC  B4D8               	btfsc	status,2,c
  9433   0035AE  EFDB  F01A         	goto	u4351
  9434   0035B2  EFDE  F01A         	goto	u4350
  9435   0035B6                     u4351:
  9436   0035B6  0E01               	movlw	1
  9437   0035B8  EFDF  F01A         	goto	u4360
  9438   0035BC                     u4350:
  9439   0035BC  0E00               	movlw	0
  9440   0035BE                     u4360:
  9441   0035BE  6E44               	movwf	WriteSTLED316SData@v_mode^0,c
  9442   0035C0  EC57  F021         	call	_WriteSTLED316SData	;wreg free
  9443   0035C4                     
  9444                           ;main.c: 2067:             _delay((unsigned long)((50)*(8000000/4000.0)));
  9445   0035C4  0E82               	movlw	130
  9446   0035C6  6E4B               	movwf	??_Homing_Again_Manual^0,c
  9447   0035C8  0EDE               	movlw	222
  9448   0035CA                     u8657:
  9449   0035CA  2EE8               	decfsz	wreg,f,c
  9450   0035CC  D7FE               	bra	u8657
  9451   0035CE  2E4B               	decfsz	??_Homing_Again_Manual^0,f,c
  9452   0035D0  D7FC               	bra	u8657
  9453   0035D2                     
  9454                           ;main.c: 2068:             WriteSTLED316SData(NUM, vibration_mode);
  9455   0035D2  C01F  F042         	movff	_NUM,WriteSTLED316SData@number
  9456   0035D6  C020  F043         	movff	_NUM+1,WriteSTLED316SData@number+1
  9457   0035DA  C02C  F044         	movff	_vibration_mode,WriteSTLED316SData@v_mode
  9458   0035DE  EC57  F021         	call	_WriteSTLED316SData	;wreg free
  9459   0035E2                     
  9460                           ;main.c: 2069:             _delay((unsigned long)((50)*(8000000/4000.0)));
  9461   0035E2  0E82               	movlw	130
  9462   0035E4  6E4B               	movwf	??_Homing_Again_Manual^0,c
  9463   0035E6  0EDE               	movlw	222
  9464   0035E8                     u8667:
  9465   0035E8  2EE8               	decfsz	wreg,f,c
  9466   0035EA  D7FE               	bra	u8667
  9467   0035EC  2E4B               	decfsz	??_Homing_Again_Manual^0,f,c
  9468   0035EE  D7FC               	bra	u8667
  9469   0035F0                     l5902:
  9470                           
  9471                           ;main.c: 2064:         while (dispense == 0 && (i_RUN_ZERO == 1 || i_RUN_ZERO == 0)) {
  9472   0035F0  5011               	movf	_dispense^0,w,c
  9473   0035F2  1012               	iorwf	(_dispense+1)^0,w,c
  9474   0035F4  A4D8               	btfss	status,2,c
  9475   0035F6  EFFF  F01A         	goto	u4371
  9476   0035FA  EF01  F01B         	goto	u4370
  9477   0035FE                     u4371:
  9478   0035FE  EF13  F01B         	goto	l5908
  9479   003602                     u4370:
  9480   003602  041D               	decf	_i_RUN_ZERO^0,w,c
  9481   003604  101E               	iorwf	(_i_RUN_ZERO+1)^0,w,c
  9482   003606  B4D8               	btfsc	status,2,c
  9483   003608  EF08  F01B         	goto	u4381
  9484   00360C  EF0A  F01B         	goto	u4380
  9485   003610                     u4381:
  9486   003610  EFCD  F01A         	goto	l5892
  9487   003614                     u4380:
  9488   003614  501D               	movf	_i_RUN_ZERO^0,w,c
  9489   003616  101E               	iorwf	(_i_RUN_ZERO+1)^0,w,c
  9490   003618  B4D8               	btfsc	status,2,c
  9491   00361A  EF11  F01B         	goto	u4391
  9492   00361E  EF13  F01B         	goto	u4390
  9493   003622                     u4391:
  9494   003622  EFCD  F01A         	goto	l5892
  9495   003626                     u4390:
  9496   003626                     l5908:
  9497                           
  9498                           ;main.c: 2076:         WriteSTLED316SData(NUM, vibration_mode);
  9499   003626  C01F  F042         	movff	_NUM,WriteSTLED316SData@number
  9500   00362A  C020  F043         	movff	_NUM+1,WriteSTLED316SData@number+1
  9501   00362E  C02C  F044         	movff	_vibration_mode,WriteSTLED316SData@v_mode
  9502   003632  EC57  F021         	call	_WriteSTLED316SData	;wreg free
  9503   003636                     
  9504                           ;main.c: 2078:         if(dispense == 0 && NUM != 0)
  9505   003636  5011               	movf	_dispense^0,w,c
  9506   003638  1012               	iorwf	(_dispense+1)^0,w,c
  9507   00363A  A4D8               	btfss	status,2,c
  9508   00363C  EF22  F01B         	goto	u4401
  9509   003640  EF24  F01B         	goto	u4400
  9510   003644                     u4401:
  9511   003644  EF35  F01B         	goto	l5918
  9512   003648                     u4400:
  9513   003648  501F               	movf	_NUM^0,w,c
  9514   00364A  1020               	iorwf	(_NUM+1)^0,w,c
  9515   00364C  B4D8               	btfsc	status,2,c
  9516   00364E  EF2B  F01B         	goto	u4411
  9517   003652  EF2D  F01B         	goto	u4410
  9518   003656                     u4411:
  9519   003656  EF35  F01B         	goto	l5918
  9520   00365A                     u4410:
  9521   00365A                     
  9522                           ;main.c: 2079:         {;main.c: 2080:             NUM_REC = NUM;
  9523   00365A  C01F  F01B         	movff	_NUM,_NUM_REC
  9524   00365E  C020  F01C         	movff	_NUM+1,_NUM_REC+1
  9525   003662                     
  9526                           ;main.c: 2081:             NUM = 0;
  9527   003662  0E00               	movlw	0
  9528   003664  6E20               	movwf	(_NUM+1)^0,c
  9529   003666  0E00               	movlw	0
  9530   003668  6E1F               	movwf	_NUM^0,c
  9531   00366A                     l5918:
  9532                           
  9533                           ;main.c: 2083:         _delay((unsigned long)((50)*(8000000/4000.0)));
  9534   00366A  0E82               	movlw	130
  9535   00366C  6E4B               	movwf	??_Homing_Again_Manual^0,c
  9536   00366E  0EDE               	movlw	222
  9537   003670                     u8677:
  9538   003670  2EE8               	decfsz	wreg,f,c
  9539   003672  D7FE               	bra	u8677
  9540   003674  2E4B               	decfsz	??_Homing_Again_Manual^0,f,c
  9541   003676  D7FC               	bra	u8677
  9542   003678                     l5920:
  9543                           
  9544                           ;main.c: 1988:     while (NUM > 0 || i_RUN_ZERO == 1) {
  9545   003678  501F               	movf	_NUM^0,w,c
  9546   00367A  1020               	iorwf	(_NUM+1)^0,w,c
  9547   00367C  A4D8               	btfss	status,2,c
  9548   00367E  EF43  F01B         	goto	u4421
  9549   003682  EF45  F01B         	goto	u4420
  9550   003686                     u4421:
  9551   003686  EFB9  F019         	goto	l596
  9552   00368A                     u4420:
  9553   00368A  041D               	decf	_i_RUN_ZERO^0,w,c
  9554   00368C  101E               	iorwf	(_i_RUN_ZERO+1)^0,w,c
  9555   00368E  B4D8               	btfsc	status,2,c
  9556   003690  EF4C  F01B         	goto	u4431
  9557   003694  EF4E  F01B         	goto	u4430
  9558   003698                     u4431:
  9559   003698  EFB9  F019         	goto	l596
  9560   00369C                     u4430:
  9561   00369C                     l616:
  9562                           
  9563                           ;main.c: 2087:     LATAbits.LATA2 = 0;
  9564   00369C  9489               	bcf	137,2,c	;volatile
  9565   00369E                     
  9566                           ;main.c: 2089:     if ((NUM == 0 || Stop == 1) && i_RUN_ZERO == 0) {
  9567   00369E  501F               	movf	_NUM^0,w,c
  9568   0036A0  1020               	iorwf	(_NUM+1)^0,w,c
  9569   0036A2  B4D8               	btfsc	status,2,c
  9570   0036A4  EF56  F01B         	goto	u4441
  9571   0036A8  EF58  F01B         	goto	u4440
  9572   0036AC                     u4441:
  9573   0036AC  EF60  F01B         	goto	l5928
  9574   0036B0                     u4440:
  9575   0036B0  042E               	decf	_Stop^0,w,c
  9576   0036B2  A4D8               	btfss	status,2,c
  9577   0036B4  EF5E  F01B         	goto	u4451
  9578   0036B8  EF60  F01B         	goto	u4450
  9579   0036BC                     u4451:
  9580   0036BC  EF84  F01B         	goto	l5940
  9581   0036C0                     u4450:
  9582   0036C0                     l5928:
  9583   0036C0  501D               	movf	_i_RUN_ZERO^0,w,c
  9584   0036C2  101E               	iorwf	(_i_RUN_ZERO+1)^0,w,c
  9585   0036C4  A4D8               	btfss	status,2,c
  9586   0036C6  EF67  F01B         	goto	u4461
  9587   0036CA  EF69  F01B         	goto	u4460
  9588   0036CE                     u4461:
  9589   0036CE  EF84  F01B         	goto	l5940
  9590   0036D2                     u4460:
  9591   0036D2                     
  9592                           ;main.c: 2091:         if (vibration_mode == 1) {
  9593   0036D2  042C               	decf	_vibration_mode^0,w,c
  9594   0036D4  A4D8               	btfss	status,2,c
  9595   0036D6  EF6F  F01B         	goto	u4471
  9596   0036DA  EF71  F01B         	goto	u4470
  9597   0036DE                     u4471:
  9598   0036DE  EF84  F01B         	goto	l5940
  9599   0036E2                     u4470:
  9600   0036E2                     
  9601                           ;main.c: 2092:             LATCbits.LATC1 = 1;
  9602   0036E2  828B               	bsf	139,1,c	;volatile
  9603   0036E4                     
  9604                           ;main.c: 2093:             delay_1ms(Vmotor_Time);
  9605   0036E4  C054  F03A         	movff	_Vmotor_Time,delay_1ms@time
  9606   0036E8  C055  F03B         	movff	_Vmotor_Time+1,delay_1ms@time+1
  9607   0036EC  EC1F  F024         	call	_delay_1ms	;wreg free
  9608   0036F0                     
  9609                           ;main.c: 2095:             LATCbits.LATC1 = 0;
  9610   0036F0  928B               	bcf	139,1,c	;volatile
  9611   0036F2                     
  9612                           ;main.c: 2096:             _delay((unsigned long)((300)*(8000000/4000.0)));
  9613   0036F2  0E04               	movlw	4
  9614   0036F4  6E4C               	movwf	(??_Homing_Again_Manual+1)^0,c
  9615   0036F6  0E0C               	movlw	12
  9616   0036F8  6E4B               	movwf	??_Homing_Again_Manual^0,c
  9617   0036FA  0E34               	movlw	52
  9618   0036FC                     u8687:
  9619   0036FC  2EE8               	decfsz	wreg,f,c
  9620   0036FE  D7FE               	bra	u8687
  9621   003700  2E4B               	decfsz	??_Homing_Again_Manual^0,f,c
  9622   003702  D7FC               	bra	u8687
  9623   003704  2E4C               	decfsz	(??_Homing_Again_Manual+1)^0,f,c
  9624   003706  D7FA               	bra	u8687
  9625   003708                     l5940:
  9626                           
  9627                           ;main.c: 2100:     i_RUN_ZERO = 0;
  9628   003708  0E00               	movlw	0
  9629   00370A  6E1E               	movwf	(_i_RUN_ZERO+1)^0,c
  9630   00370C  0E00               	movlw	0
  9631   00370E  6E1D               	movwf	_i_RUN_ZERO^0,c
  9632   003710                     
  9633                           ;main.c: 2101:     NUM = 0;
  9634   003710  0E00               	movlw	0
  9635   003712  6E20               	movwf	(_NUM+1)^0,c
  9636   003714  0E00               	movlw	0
  9637   003716  6E1F               	movwf	_NUM^0,c
  9638   003718                     
  9639                           ;main.c: 2103:     dispense = 0;
  9640   003718  0E00               	movlw	0
  9641   00371A  6E12               	movwf	(_dispense+1)^0,c
  9642   00371C  0E00               	movlw	0
  9643   00371E  6E11               	movwf	_dispense^0,c
  9644   003720                     
  9645                           ;main.c: 2104:     OpMode = MANUAL_MODE;
  9646   003720  0E00               	movlw	0
  9647   003722  6E2B               	movwf	_OpMode^0,c	;volatile
  9648   003724  0012               	return		;funcret
  9649   003726                     __end_of_Homing_Again_Manual:
  9650                           	callstack 0
  9651                           
  9652 ;; *************** function _WriteSTLED316SData *****************
  9653 ;; Defined at:
  9654 ;;		line 145 in file "Display.c"
  9655 ;; Parameters:    Size  Location     Type
  9656 ;;  number          2   16[COMRAM] int 
  9657 ;;  v_mode          1   18[COMRAM] unsigned char 
  9658 ;; Auto vars:     Size  Location     Type
  9659 ;;  NUM_DIG1        2   21[COMRAM] int 
  9660 ;;  NUM_DIG0        2   19[COMRAM] int 
  9661 ;;  data4           1   24[COMRAM] unsigned char 
  9662 ;;  data3           1   23[COMRAM] unsigned char 
  9663 ;; Return value:  Size  Location     Type
  9664 ;;                  1    wreg      void 
  9665 ;; Registers used:
  9666 ;;		wreg, status,2, status,0, cstack
  9667 ;; Tracked objects:
  9668 ;;		On entry : 0/0
  9669 ;;		On exit  : 0/0
  9670 ;;		Unchanged: 0/0
  9671 ;; Data sizes:     COMRAM   BANK0   BANK1   BANK2   BANK3   BANK4   BANK5   BANK6   BANK7   BANK8   BANK9  BANK10  BANK1
      +1  BANK12  BANK13  BANK14  BANK15
  9672 ;;      Params:         3       0       0       0       0       0       0       0       0       0       0       0       
      +0       0       0       0       0
  9673 ;;      Locals:         6       0       0       0       0       0       0       0       0       0       0       0       
      +0       0       0       0       0
  9674 ;;      Temps:          0       0       0       0       0       0       0       0       0       0       0       0       
      +0       0       0       0       0
  9675 ;;      Totals:         9       0       0       0       0       0       0       0       0       0       0       0       
      +0       0       0       0       0
  9676 ;;Total ram usage:        9 bytes
  9677 ;; Hardware stack levels used: 1
  9678 ;; Hardware stack levels required when called: 3
  9679 ;; This function calls:
  9680 ;;		_Get7Seg
  9681 ;;		_STLED316s_SPI_SendData
  9682 ;;		___awdiv
  9683 ;;		___awmod
  9684 ;; This function is called by:
  9685 ;;		_main
  9686 ;;		_Homing_Again_Manual
  9687 ;; This function uses a non-reentrant model
  9688 ;;
  9689                           
  9690                           	psect	text25
  9691   0042AE                     __ptext25:
  9692                           	callstack 0
  9693   0042AE                     _WriteSTLED316SData:
  9694                           	callstack 27
  9695   0042AE                     
  9696                           ;Display.c: 146:     unsigned char data3, data4;;Display.c: 147:     int NUM_DIG0, NUM_D
      +                          IG1;;Display.c: 149:     NUM_DIG0 = (int) number % 10;
  9697   0042AE  C042  F03A         	movff	WriteSTLED316SData@number,___awmod@dividend
  9698   0042B2  C043  F03B         	movff	WriteSTLED316SData@number+1,___awmod@dividend+1
  9699   0042B6  0E00               	movlw	0
  9700   0042B8  6E3D               	movwf	(___awmod@divisor+1)^0,c
  9701   0042BA  0E0A               	movlw	10
  9702   0042BC  6E3C               	movwf	___awmod@divisor^0,c
  9703   0042BE  ECFF  F020         	call	___awmod	;wreg free
  9704   0042C2  C03A  F045         	movff	?___awmod,WriteSTLED316SData@NUM_DIG0
  9705   0042C6  C03B  F046         	movff	?___awmod+1,WriteSTLED316SData@NUM_DIG0+1
  9706                           
  9707                           ;Display.c: 150:     NUM_DIG1 = (int) number / 10;
  9708   0042CA  C042  F03A         	movff	WriteSTLED316SData@number,___awdiv@dividend
  9709   0042CE  C043  F03B         	movff	WriteSTLED316SData@number+1,___awdiv@dividend+1
  9710   0042D2  0E00               	movlw	0
  9711   0042D4  6E3D               	movwf	(___awdiv@divisor+1)^0,c
  9712   0042D6  0E0A               	movlw	10
  9713   0042D8  6E3C               	movwf	___awdiv@divisor^0,c
  9714   0042DA  EC40  F020         	call	___awdiv	;wreg free
  9715   0042DE  C03A  F047         	movff	?___awdiv,WriteSTLED316SData@NUM_DIG1
  9716   0042E2  C03B  F048         	movff	?___awdiv+1,WriteSTLED316SData@NUM_DIG1+1
  9717   0042E6                     
  9718                           ;Display.c: 152:     LATCbits.LATC4 = 0;
  9719   0042E6  988B               	bcf	139,4,c	;volatile
  9720                           
  9721                           ;Display.c: 154:     STLED316s_SPI_SendData(0x00);
  9722   0042E8  0E00               	movlw	0
  9723   0042EA  ECF1  F021         	call	_STLED316s_SPI_SendData
  9724   0042EE                     
  9725                           ;Display.c: 156:     LATCbits.LATC4 = 1;
  9726   0042EE  888B               	bsf	139,4,c	;volatile
  9727   0042F0                     
  9728                           ;Display.c: 158:     LATCbits.LATC4 = 0;
  9729   0042F0  988B               	bcf	139,4,c	;volatile
  9730                           
  9731                           ;Display.c: 160:     STLED316s_SPI_SendData(0x00);
  9732   0042F2  0E00               	movlw	0
  9733   0042F4  ECF1  F021         	call	_STLED316s_SPI_SendData
  9734                           
  9735                           ;Display.c: 162:     data4 = Get7Seg(NUM_DIG1);
  9736   0042F8  C047  F03A         	movff	WriteSTLED316SData@NUM_DIG1,Get7Seg@Digit
  9737   0042FC  C048  F03B         	movff	WriteSTLED316SData@NUM_DIG1+1,Get7Seg@Digit+1
  9738   004300  ECDA  F01F         	call	_Get7Seg	;wreg free
  9739   004304  6E4A               	movwf	WriteSTLED316SData@data4^0,c
  9740                           
  9741                           ;Display.c: 163:     data3 = Get7Seg(NUM_DIG0);
  9742   004306  C045  F03A         	movff	WriteSTLED316SData@NUM_DIG0,Get7Seg@Digit
  9743   00430A  C046  F03B         	movff	WriteSTLED316SData@NUM_DIG0+1,Get7Seg@Digit+1
  9744   00430E  ECDA  F01F         	call	_Get7Seg	;wreg free
  9745   004312  6E49               	movwf	WriteSTLED316SData@data3^0,c
  9746   004314                     
  9747                           ;Display.c: 165:     if (v_mode) {
  9748   004314  5044               	movf	WriteSTLED316SData@v_mode^0,w,c
  9749   004316  B4D8               	btfsc	status,2,c
  9750   004318  EF90  F021         	goto	u3841
  9751   00431C  EF92  F021         	goto	u3840
  9752   004320                     u3841:
  9753   004320  EF9E  F021         	goto	l5330
  9754   004324                     u3840:
  9755   004324                     
  9756                           ;Display.c: 166:         if (v_mode == 0xFF)
  9757   004324  2844               	incf	WriteSTLED316SData@v_mode^0,w,c
  9758   004326  A4D8               	btfss	status,2,c
  9759   004328  EF98  F021         	goto	u3851
  9760   00432C  EF9A  F021         	goto	u3850
  9761   004330                     u3851:
  9762   004330  EF9D  F021         	goto	l5328
  9763   004334                     u3850:
  9764   004334                     
  9765                           ;Display.c: 167:             data4 |= 0x80;
  9766   004334  8E4A               	bsf	WriteSTLED316SData@data4^0,7,c
  9767   004336  EF9E  F021         	goto	l5330
  9768   00433A                     l5328:
  9769                           
  9770                           ;Display.c: 169:             data3 |= 0x80;
  9771   00433A  8E49               	bsf	WriteSTLED316SData@data3^0,7,c
  9772   00433C                     l5330:
  9773                           
  9774                           ;Display.c: 172:     STLED316s_SPI_SendData(data4);
  9775   00433C  504A               	movf	WriteSTLED316SData@data4^0,w,c
  9776   00433E  ECF1  F021         	call	_STLED316s_SPI_SendData
  9777   004342                     
  9778                           ;Display.c: 173:     STLED316s_SPI_SendData(data3);
  9779   004342  5049               	movf	WriteSTLED316SData@data3^0,w,c
  9780   004344  ECF1  F021         	call	_STLED316s_SPI_SendData
  9781   004348                     
  9782                           ;Display.c: 175:     LATCbits.LATC4 = 1;
  9783   004348  888B               	bsf	139,4,c	;volatile
  9784   00434A                     
  9785                           ;Display.c: 177:     LATCbits.LATC4 = 0;
  9786   00434A  988B               	bcf	139,4,c	;volatile
  9787   00434C                     
  9788                           ;Display.c: 179:     STLED316s_SPI_SendData(0x0D);
  9789   00434C  0E0D               	movlw	13
  9790   00434E  ECF1  F021         	call	_STLED316s_SPI_SendData
  9791   004352                     
  9792                           ;Display.c: 181:     LATCbits.LATC4 = 1;
  9793   004352  888B               	bsf	139,4,c	;volatile
  9794   004354  0012               	return		;funcret
  9795   004356                     __end_of_WriteSTLED316SData:
  9796                           	callstack 0
  9797                           
  9798 ;; *************** function ___awmod *****************
  9799 ;; Defined at:
  9800 ;;		line 7 in file "C:\Program Files\Microchip\xc8\v2.40\pic\sources\c99\common\awmod.c"
  9801 ;; Parameters:    Size  Location     Type
  9802 ;;  dividend        2    8[COMRAM] int 
  9803 ;;  divisor         2   10[COMRAM] int 
  9804 ;; Auto vars:     Size  Location     Type
  9805 ;;  sign            1   13[COMRAM] unsigned char 
  9806 ;;  counter         1   12[COMRAM] unsigned char 
  9807 ;; Return value:  Size  Location     Type
  9808 ;;                  2    8[COMRAM] int 
  9809 ;; Registers used:
  9810 ;;		wreg, status,2, status,0
  9811 ;; Tracked objects:
  9812 ;;		On entry : 0/0
  9813 ;;		On exit  : 0/0
  9814 ;;		Unchanged: 0/0
  9815 ;; Data sizes:     COMRAM   BANK0   BANK1   BANK2   BANK3   BANK4   BANK5   BANK6   BANK7   BANK8   BANK9  BANK10  BANK1
      +1  BANK12  BANK13  BANK14  BANK15
  9816 ;;      Params:         4       0       0       0       0       0       0       0       0       0       0       0       
      +0       0       0       0       0
  9817 ;;      Locals:         2       0       0       0       0       0       0       0       0       0       0       0       
      +0       0       0       0       0
  9818 ;;      Temps:          0       0       0       0       0       0       0       0       0       0       0       0       
      +0       0       0       0       0
  9819 ;;      Totals:         6       0       0       0       0       0       0       0       0       0       0       0       
      +0       0       0       0       0
  9820 ;;Total ram usage:        6 bytes
  9821 ;; Hardware stack levels used: 1
  9822 ;; Hardware stack levels required when called: 2
  9823 ;; This function calls:
  9824 ;;		Nothing
  9825 ;; This function is called by:
  9826 ;;		_WriteSTLED316SData
  9827 ;; This function uses a non-reentrant model
  9828 ;;
  9829                           
  9830                           	psect	text26
  9831   0041FE                     __ptext26:
  9832                           	callstack 0
  9833   0041FE                     ___awmod:
  9834                           	callstack 27
  9835   0041FE  0E00               	movlw	0
  9836   004200  6E3F               	movwf	___awmod@sign^0,c
  9837   004202  BE3B               	btfsc	(___awmod@dividend+1)^0,7,c
  9838   004204  EF08  F021         	goto	u3780
  9839   004208  EF06  F021         	goto	u3781
  9840   00420C                     u3781:
  9841   00420C  EF0E  F021         	goto	l5286
  9842   004210                     u3780:
  9843   004210  6C3A               	negf	___awmod@dividend^0,c
  9844   004212  1E3B               	comf	(___awmod@dividend+1)^0,f,c
  9845   004214  B0D8               	btfsc	status,0,c
  9846   004216  2A3B               	incf	(___awmod@dividend+1)^0,f,c
  9847   004218  0E01               	movlw	1
  9848   00421A  6E3F               	movwf	___awmod@sign^0,c
  9849   00421C                     l5286:
  9850   00421C  BE3D               	btfsc	(___awmod@divisor+1)^0,7,c
  9851   00421E  EF15  F021         	goto	u3790
  9852   004222  EF13  F021         	goto	u3791
  9853   004226                     u3791:
  9854   004226  EF19  F021         	goto	l5290
  9855   00422A                     u3790:
  9856   00422A  6C3C               	negf	___awmod@divisor^0,c
  9857   00422C  1E3D               	comf	(___awmod@divisor+1)^0,f,c
  9858   00422E  B0D8               	btfsc	status,0,c
  9859   004230  2A3D               	incf	(___awmod@divisor+1)^0,f,c
  9860   004232                     l5290:
  9861   004232  503C               	movf	___awmod@divisor^0,w,c
  9862   004234  103D               	iorwf	(___awmod@divisor+1)^0,w,c
  9863   004236  B4D8               	btfsc	status,2,c
  9864   004238  EF20  F021         	goto	u3801
  9865   00423C  EF22  F021         	goto	u3800
  9866   004240                     u3801:
  9867   004240  EF46  F021         	goto	l5306
  9868   004244                     u3800:
  9869   004244  0E01               	movlw	1
  9870   004246  6E3E               	movwf	___awmod@counter^0,c
  9871   004248  EF2A  F021         	goto	l5296
  9872   00424C                     l5294:
  9873   00424C  90D8               	bcf	status,0,c
  9874   00424E  363C               	rlcf	___awmod@divisor^0,f,c
  9875   004250  363D               	rlcf	(___awmod@divisor+1)^0,f,c
  9876   004252  2A3E               	incf	___awmod@counter^0,f,c
  9877   004254                     l5296:
  9878   004254  AE3D               	btfss	(___awmod@divisor+1)^0,7,c
  9879   004256  EF2F  F021         	goto	u3811
  9880   00425A  EF31  F021         	goto	u3810
  9881   00425E                     u3811:
  9882   00425E  EF26  F021         	goto	l5294
  9883   004262                     u3810:
  9884   004262                     l5298:
  9885   004262  503C               	movf	___awmod@divisor^0,w,c
  9886   004264  5C3A               	subwf	___awmod@dividend^0,w,c
  9887   004266  503D               	movf	(___awmod@divisor+1)^0,w,c
  9888   004268  583B               	subwfb	(___awmod@dividend+1)^0,w,c
  9889   00426A  A0D8               	btfss	status,0,c
  9890   00426C  EF3A  F021         	goto	u3821
  9891   004270  EF3C  F021         	goto	u3820
  9892   004274                     u3821:
  9893   004274  EF40  F021         	goto	l5302
  9894   004278                     u3820:
  9895   004278  503C               	movf	___awmod@divisor^0,w,c
  9896   00427A  5E3A               	subwf	___awmod@dividend^0,f,c
  9897   00427C  503D               	movf	(___awmod@divisor+1)^0,w,c
  9898   00427E  5A3B               	subwfb	(___awmod@dividend+1)^0,f,c
  9899   004280                     l5302:
  9900   004280  90D8               	bcf	status,0,c
  9901   004282  323D               	rrcf	(___awmod@divisor+1)^0,f,c
  9902   004284  323C               	rrcf	___awmod@divisor^0,f,c
  9903   004286  2E3E               	decfsz	___awmod@counter^0,f,c
  9904   004288  EF31  F021         	goto	l5298
  9905   00428C                     l5306:
  9906   00428C  503F               	movf	___awmod@sign^0,w,c
  9907   00428E  B4D8               	btfsc	status,2,c
  9908   004290  EF4C  F021         	goto	u3831
  9909   004294  EF4E  F021         	goto	u3830
  9910   004298                     u3831:
  9911   004298  EF52  F021         	goto	l5310
  9912   00429C                     u3830:
  9913   00429C  6C3A               	negf	___awmod@dividend^0,c
  9914   00429E  1E3B               	comf	(___awmod@dividend+1)^0,f,c
  9915   0042A0  B0D8               	btfsc	status,0,c
  9916   0042A2  2A3B               	incf	(___awmod@dividend+1)^0,f,c
  9917   0042A4                     l5310:
  9918   0042A4  C03A  F03A         	movff	___awmod@dividend,?___awmod
  9919   0042A8  C03B  F03B         	movff	___awmod@dividend+1,?___awmod+1
  9920   0042AC  0012               	return		;funcret
  9921   0042AE                     __end_of___awmod:
  9922                           	callstack 0
  9923                           
  9924 ;; *************** function ___awdiv *****************
  9925 ;; Defined at:
  9926 ;;		line 7 in file "C:\Program Files\Microchip\xc8\v2.40\pic\sources\c99\common\awdiv.c"
  9927 ;; Parameters:    Size  Location     Type
  9928 ;;  dividend        2    8[COMRAM] int 
  9929 ;;  divisor         2   10[COMRAM] int 
  9930 ;; Auto vars:     Size  Location     Type
  9931 ;;  quotient        2   14[COMRAM] int 
  9932 ;;  sign            1   13[COMRAM] unsigned char 
  9933 ;;  counter         1   12[COMRAM] unsigned char 
  9934 ;; Return value:  Size  Location     Type
  9935 ;;                  2    8[COMRAM] int 
  9936 ;; Registers used:
  9937 ;;		wreg, status,2, status,0
  9938 ;; Tracked objects:
  9939 ;;		On entry : 0/0
  9940 ;;		On exit  : 0/0
  9941 ;;		Unchanged: 0/0
  9942 ;; Data sizes:     COMRAM   BANK0   BANK1   BANK2   BANK3   BANK4   BANK5   BANK6   BANK7   BANK8   BANK9  BANK10  BANK1
      +1  BANK12  BANK13  BANK14  BANK15
  9943 ;;      Params:         4       0       0       0       0       0       0       0       0       0       0       0       
      +0       0       0       0       0
  9944 ;;      Locals:         4       0       0       0       0       0       0       0       0       0       0       0       
      +0       0       0       0       0
  9945 ;;      Temps:          0       0       0       0       0       0       0       0       0       0       0       0       
      +0       0       0       0       0
  9946 ;;      Totals:         8       0       0       0       0       0       0       0       0       0       0       0       
      +0       0       0       0       0
  9947 ;;Total ram usage:        8 bytes
  9948 ;; Hardware stack levels used: 1
  9949 ;; Hardware stack levels required when called: 2
  9950 ;; This function calls:
  9951 ;;		Nothing
  9952 ;; This function is called by:
  9953 ;;		_WriteSTLED316SData
  9954 ;; This function uses a non-reentrant model
  9955 ;;
  9956                           
  9957                           	psect	text27
  9958   004080                     __ptext27:
  9959                           	callstack 0
  9960   004080                     ___awdiv:
  9961                           	callstack 27
  9962   004080  0E00               	movlw	0
  9963   004082  6E3F               	movwf	___awdiv@sign^0,c
  9964   004084  BE3D               	btfsc	(___awdiv@divisor+1)^0,7,c
  9965   004086  EF49  F020         	goto	u3720
  9966   00408A  EF47  F020         	goto	u3721
  9967   00408E                     u3721:
  9968   00408E  EF4F  F020         	goto	l5242
  9969   004092                     u3720:
  9970   004092  6C3C               	negf	___awdiv@divisor^0,c
  9971   004094  1E3D               	comf	(___awdiv@divisor+1)^0,f,c
  9972   004096  B0D8               	btfsc	status,0,c
  9973   004098  2A3D               	incf	(___awdiv@divisor+1)^0,f,c
  9974   00409A  0E01               	movlw	1
  9975   00409C  6E3F               	movwf	___awdiv@sign^0,c
  9976   00409E                     l5242:
  9977   00409E  BE3B               	btfsc	(___awdiv@dividend+1)^0,7,c
  9978   0040A0  EF56  F020         	goto	u3730
  9979   0040A4  EF54  F020         	goto	u3731
  9980   0040A8                     u3731:
  9981   0040A8  EF5C  F020         	goto	l5248
  9982   0040AC                     u3730:
  9983   0040AC  6C3A               	negf	___awdiv@dividend^0,c
  9984   0040AE  1E3B               	comf	(___awdiv@dividend+1)^0,f,c
  9985   0040B0  B0D8               	btfsc	status,0,c
  9986   0040B2  2A3B               	incf	(___awdiv@dividend+1)^0,f,c
  9987   0040B4  0E01               	movlw	1
  9988   0040B6  1A3F               	xorwf	___awdiv@sign^0,f,c
  9989   0040B8                     l5248:
  9990   0040B8  0E00               	movlw	0
  9991   0040BA  6E41               	movwf	(___awdiv@quotient+1)^0,c
  9992   0040BC  0E00               	movlw	0
  9993   0040BE  6E40               	movwf	___awdiv@quotient^0,c
  9994   0040C0  503C               	movf	___awdiv@divisor^0,w,c
  9995   0040C2  103D               	iorwf	(___awdiv@divisor+1)^0,w,c
  9996   0040C4  B4D8               	btfsc	status,2,c
  9997   0040C6  EF67  F020         	goto	u3741
  9998   0040CA  EF69  F020         	goto	u3740
  9999   0040CE                     u3741:
 10000   0040CE  EF91  F020         	goto	l5270
 10001   0040D2                     u3740:
 10002   0040D2  0E01               	movlw	1
 10003   0040D4  6E3E               	movwf	___awdiv@counter^0,c
 10004   0040D6  EF71  F020         	goto	l5256
 10005   0040DA                     l5254:
 10006   0040DA  90D8               	bcf	status,0,c
 10007   0040DC  363C               	rlcf	___awdiv@divisor^0,f,c
 10008   0040DE  363D               	rlcf	(___awdiv@divisor+1)^0,f,c
 10009   0040E0  2A3E               	incf	___awdiv@counter^0,f,c
 10010   0040E2                     l5256:
 10011   0040E2  AE3D               	btfss	(___awdiv@divisor+1)^0,7,c
 10012   0040E4  EF76  F020         	goto	u3751
 10013   0040E8  EF78  F020         	goto	u3750
 10014   0040EC                     u3751:
 10015   0040EC  EF6D  F020         	goto	l5254
 10016   0040F0                     u3750:
 10017   0040F0                     l5258:
 10018   0040F0  90D8               	bcf	status,0,c
 10019   0040F2  3640               	rlcf	___awdiv@quotient^0,f,c
 10020   0040F4  3641               	rlcf	(___awdiv@quotient+1)^0,f,c
 10021   0040F6  503C               	movf	___awdiv@divisor^0,w,c
 10022   0040F8  5C3A               	subwf	___awdiv@dividend^0,w,c
 10023   0040FA  503D               	movf	(___awdiv@divisor+1)^0,w,c
 10024   0040FC  583B               	subwfb	(___awdiv@dividend+1)^0,w,c
 10025   0040FE  A0D8               	btfss	status,0,c
 10026   004100  EF84  F020         	goto	u3761
 10027   004104  EF86  F020         	goto	u3760
 10028   004108                     u3761:
 10029   004108  EF8B  F020         	goto	l5266
 10030   00410C                     u3760:
 10031   00410C  503C               	movf	___awdiv@divisor^0,w,c
 10032   00410E  5E3A               	subwf	___awdiv@dividend^0,f,c
 10033   004110  503D               	movf	(___awdiv@divisor+1)^0,w,c
 10034   004112  5A3B               	subwfb	(___awdiv@dividend+1)^0,f,c
 10035   004114  8040               	bsf	___awdiv@quotient^0,0,c
 10036   004116                     l5266:
 10037   004116  90D8               	bcf	status,0,c
 10038   004118  323D               	rrcf	(___awdiv@divisor+1)^0,f,c
 10039   00411A  323C               	rrcf	___awdiv@divisor^0,f,c
 10040   00411C  2E3E               	decfsz	___awdiv@counter^0,f,c
 10041   00411E  EF78  F020         	goto	l5258
 10042   004122                     l5270:
 10043   004122  503F               	movf	___awdiv@sign^0,w,c
 10044   004124  B4D8               	btfsc	status,2,c
 10045   004126  EF97  F020         	goto	u3771
 10046   00412A  EF99  F020         	goto	u3770
 10047   00412E                     u3771:
 10048   00412E  EF9D  F020         	goto	l5274
 10049   004132                     u3770:
 10050   004132  6C40               	negf	___awdiv@quotient^0,c
 10051   004134  1E41               	comf	(___awdiv@quotient+1)^0,f,c
 10052   004136  B0D8               	btfsc	status,0,c
 10053   004138  2A41               	incf	(___awdiv@quotient+1)^0,f,c
 10054   00413A                     l5274:
 10055   00413A  C040  F03A         	movff	___awdiv@quotient,?___awdiv
 10056   00413E  C041  F03B         	movff	___awdiv@quotient+1,?___awdiv+1
 10057   004142  0012               	return		;funcret
 10058   004144                     __end_of___awdiv:
 10059                           	callstack 0
 10060                           
 10061 ;; *************** function _Get7Seg *****************
 10062 ;; Defined at:
 10063 ;;		line 104 in file "Display.c"
 10064 ;; Parameters:    Size  Location     Type
 10065 ;;  Digit           2    8[COMRAM] int 
 10066 ;; Auto vars:     Size  Location     Type
 10067 ;;  Data            1   12[COMRAM] unsigned char 
 10068 ;; Return value:  Size  Location     Type
 10069 ;;                  1    wreg      unsigned char 
 10070 ;; Registers used:
 10071 ;;		wreg, status,2, status,0
 10072 ;; Tracked objects:
 10073 ;;		On entry : 0/0
 10074 ;;		On exit  : 0/0
 10075 ;;		Unchanged: 0/0
 10076 ;; Data sizes:     COMRAM   BANK0   BANK1   BANK2   BANK3   BANK4   BANK5   BANK6   BANK7   BANK8   BANK9  BANK10  BANK1
      +1  BANK12  BANK13  BANK14  BANK15
 10077 ;;      Params:         2       0       0       0       0       0       0       0       0       0       0       0       
      +0       0       0       0       0
 10078 ;;      Locals:         1       0       0       0       0       0       0       0       0       0       0       0       
      +0       0       0       0       0
 10079 ;;      Temps:          2       0       0       0       0       0       0       0       0       0       0       0       
      +0       0       0       0       0
 10080 ;;      Totals:         5       0       0       0       0       0       0       0       0       0       0       0       
      +0       0       0       0       0
 10081 ;;Total ram usage:        5 bytes
 10082 ;; Hardware stack levels used: 1
 10083 ;; Hardware stack levels required when called: 2
 10084 ;; This function calls:
 10085 ;;		Nothing
 10086 ;; This function is called by:
 10087 ;;		_WriteSTLED316SData
 10088 ;; This function uses a non-reentrant model
 10089 ;;
 10090                           
 10091                           	psect	text28
 10092   003FB4                     __ptext28:
 10093                           	callstack 0
 10094   003FB4                     _Get7Seg:
 10095                           	callstack 27
 10096   003FB4                     
 10097                           ;Display.c: 105:     unsigned char Data;;Display.c: 107:     switch (Digit) {
 10098   003FB4  EF08  F020         	goto	l5148
 10099   003FB8                     l5124:
 10100                           
 10101                           ;Display.c: 109:             Data = 0x3F;
 10102   003FB8  0E3F               	movlw	63
 10103   003FBA  6E3E               	movwf	Get7Seg@Data^0,c
 10104                           
 10105                           ;Display.c: 110:             break;
 10106   003FBC  EF3E  F020         	goto	l5150
 10107   003FC0                     l5126:
 10108                           
 10109                           ;Display.c: 112:             Data = 0x06;
 10110   003FC0  0E06               	movlw	6
 10111   003FC2  6E3E               	movwf	Get7Seg@Data^0,c
 10112                           
 10113                           ;Display.c: 113:             break;
 10114   003FC4  EF3E  F020         	goto	l5150
 10115   003FC8                     l5128:
 10116                           
 10117                           ;Display.c: 115:             Data = 0x5B;
 10118   003FC8  0E5B               	movlw	91
 10119   003FCA  6E3E               	movwf	Get7Seg@Data^0,c
 10120                           
 10121                           ;Display.c: 116:             break;
 10122   003FCC  EF3E  F020         	goto	l5150
 10123   003FD0                     l5130:
 10124                           
 10125                           ;Display.c: 118:             Data = 0x4F;
 10126   003FD0  0E4F               	movlw	79
 10127   003FD2  6E3E               	movwf	Get7Seg@Data^0,c
 10128                           
 10129                           ;Display.c: 119:             break;
 10130   003FD4  EF3E  F020         	goto	l5150
 10131   003FD8                     l5132:
 10132                           
 10133                           ;Display.c: 121:             Data = 0x66;
 10134   003FD8  0E66               	movlw	102
 10135   003FDA  6E3E               	movwf	Get7Seg@Data^0,c
 10136                           
 10137                           ;Display.c: 122:             break;
 10138   003FDC  EF3E  F020         	goto	l5150
 10139   003FE0                     l5134:
 10140                           
 10141                           ;Display.c: 124:             Data = 0x6D;
 10142   003FE0  0E6D               	movlw	109
 10143   003FE2  6E3E               	movwf	Get7Seg@Data^0,c
 10144                           
 10145                           ;Display.c: 125:             break;
 10146   003FE4  EF3E  F020         	goto	l5150
 10147   003FE8                     l5136:
 10148                           
 10149                           ;Display.c: 127:             Data = 0x7D;
 10150   003FE8  0E7D               	movlw	125
 10151   003FEA  6E3E               	movwf	Get7Seg@Data^0,c
 10152                           
 10153                           ;Display.c: 128:             break;
 10154   003FEC  EF3E  F020         	goto	l5150
 10155   003FF0                     l5138:
 10156                           
 10157                           ;Display.c: 130:             Data = 0x07;
 10158   003FF0  0E07               	movlw	7
 10159   003FF2  6E3E               	movwf	Get7Seg@Data^0,c
 10160                           
 10161                           ;Display.c: 131:             break;
 10162   003FF4  EF3E  F020         	goto	l5150
 10163   003FF8                     l5140:
 10164                           
 10165                           ;Display.c: 133:             Data = 0x7F;
 10166   003FF8  0E7F               	movlw	127
 10167   003FFA  6E3E               	movwf	Get7Seg@Data^0,c
 10168                           
 10169                           ;Display.c: 134:             break;
 10170   003FFC  EF3E  F020         	goto	l5150
 10171   004000                     l5142:
 10172                           
 10173                           ;Display.c: 136:             Data = 0x6F;
 10174   004000  0E6F               	movlw	111
 10175   004002  6E3E               	movwf	Get7Seg@Data^0,c
 10176                           
 10177                           ;Display.c: 137:             break;
 10178   004004  EF3E  F020         	goto	l5150
 10179   004008                     l5144:
 10180                           
 10181                           ;Display.c: 139:             Data = 0x00;
 10182   004008  0E00               	movlw	0
 10183   00400A  6E3E               	movwf	Get7Seg@Data^0,c
 10184                           
 10185                           ;Display.c: 140:             break;
 10186   00400C  EF3E  F020         	goto	l5150
 10187   004010                     l5148:
 10188   004010  C03A  F03C         	movff	Get7Seg@Digit,??_Get7Seg
 10189   004014  C03B  F03D         	movff	Get7Seg@Digit+1,??_Get7Seg+1
 10190                           
 10191                           ; Switch on 2 bytes has been partitioned into a top level switch of size 1, and 1 sub-sw
      +                          itches
 10192                           ; Switch size 1, requested type "simple"
 10193                           ; Number of cases is 1, Range of values is 0 to 0
 10194                           ; switch strategies available:
 10195                           ; Name         Instructions Cycles
 10196                           ; simple_byte            4     3 (average)
 10197                           ;	Chosen strategy is simple_byte
 10198   004018  503D               	movf	(??_Get7Seg+1)^0,w,c
 10199   00401A  0A00               	xorlw	0	; case 0
 10200   00401C  B4D8               	btfsc	status,2,c
 10201   00401E  EF13  F020         	goto	l10626
 10202   004022  EF04  F020         	goto	l5144
 10203   004026                     l10626:
 10204                           
 10205                           ; Switch size 1, requested type "simple"
 10206                           ; Number of cases is 10, Range of values is 0 to 9
 10207                           ; switch strategies available:
 10208                           ; Name         Instructions Cycles
 10209                           ; simple_byte           31    16 (average)
 10210                           ;	Chosen strategy is simple_byte
 10211   004026  503C               	movf	??_Get7Seg^0,w,c
 10212   004028  0A00               	xorlw	0	; case 0
 10213   00402A  B4D8               	btfsc	status,2,c
 10214   00402C  EFDC  F01F         	goto	l5124
 10215   004030  0A01               	xorlw	1	; case 1
 10216   004032  B4D8               	btfsc	status,2,c
 10217   004034  EFE0  F01F         	goto	l5126
 10218   004038  0A03               	xorlw	3	; case 2
 10219   00403A  B4D8               	btfsc	status,2,c
 10220   00403C  EFE4  F01F         	goto	l5128
 10221   004040  0A01               	xorlw	1	; case 3
 10222   004042  B4D8               	btfsc	status,2,c
 10223   004044  EFE8  F01F         	goto	l5130
 10224   004048  0A07               	xorlw	7	; case 4
 10225   00404A  B4D8               	btfsc	status,2,c
 10226   00404C  EFEC  F01F         	goto	l5132
 10227   004050  0A01               	xorlw	1	; case 5
 10228   004052  B4D8               	btfsc	status,2,c
 10229   004054  EFF0  F01F         	goto	l5134
 10230   004058  0A03               	xorlw	3	; case 6
 10231   00405A  B4D8               	btfsc	status,2,c
 10232   00405C  EFF4  F01F         	goto	l5136
 10233   004060  0A01               	xorlw	1	; case 7
 10234   004062  B4D8               	btfsc	status,2,c
 10235   004064  EFF8  F01F         	goto	l5138
 10236   004068  0A0F               	xorlw	15	; case 8
 10237   00406A  B4D8               	btfsc	status,2,c
 10238   00406C  EFFC  F01F         	goto	l5140
 10239   004070  0A01               	xorlw	1	; case 9
 10240   004072  B4D8               	btfsc	status,2,c
 10241   004074  EF00  F020         	goto	l5142
 10242   004078  EF04  F020         	goto	l5144
 10243   00407C                     l5150:
 10244                           
 10245                           ;Display.c: 142:     return (Data);
 10246   00407C  503E               	movf	Get7Seg@Data^0,w,c
 10247   00407E  0012               	return		;funcret
 10248   004080                     __end_of_Get7Seg:
 10249                           	callstack 0
 10250                           
 10251 ;; *************** function _Homing_Again_Auto *****************
 10252 ;; Defined at:
 10253 ;;		line 2111 in file "main.c"
 10254 ;; Parameters:    Size  Location     Type
 10255 ;;		None
 10256 ;; Auto vars:     Size  Location     Type
 10257 ;;		None
 10258 ;; Return value:  Size  Location     Type
 10259 ;;                  1    wreg      void 
 10260 ;; Registers used:
 10261 ;;		wreg, fsr2l, fsr2h, status,2, status,0, cstack
 10262 ;; Tracked objects:
 10263 ;;		On entry : 0/0
 10264 ;;		On exit  : 0/0
 10265 ;;		Unchanged: 0/0
 10266 ;; Data sizes:     COMRAM   BANK0   BANK1   BANK2   BANK3   BANK4   BANK5   BANK6   BANK7   BANK8   BANK9  BANK10  BANK1
      +1  BANK12  BANK13  BANK14  BANK15
 10267 ;;      Params:         0       0       0       0       0       0       0       0       0       0       0       0       
      +0       0       0       0       0
 10268 ;;      Locals:         0       0       0       0       0       0       0       0       0       0       0       0       
      +0       0       0       0       0
 10269 ;;      Temps:          2       0       0       0       0       0       0       0       0       0       0       0       
      +0       0       0       0       0
 10270 ;;      Totals:         2       0       0       0       0       0       0       0       0       0       0       0       
      +0       0       0       0       0
 10271 ;;Total ram usage:        2 bytes
 10272 ;; Hardware stack levels used: 1
 10273 ;; Hardware stack levels required when called: 4
 10274 ;; This function calls:
 10275 ;;		_AD_capture_BattVoltage
 10276 ;;		_MotorBREAK
 10277 ;;		_MotorON
 10278 ;;		_Read_IR
 10279 ;;		_WriteSTLED316SErr
 10280 ;;		_WriteSTLED316SMode
 10281 ;;		_delay_1ms
 10282 ;;		_readWeighingData
 10283 ;; This function is called by:
 10284 ;;		_main
 10285 ;; This function uses a non-reentrant model
 10286 ;;
 10287                           
 10288                           	psect	text29
 10289   003726                     __ptext29:
 10290                           	callstack 0
 10291   003726                     _Homing_Again_Auto:
 10292                           	callstack 26
 10293   003726                     
 10294                           ;main.c: 2113:     IR_SENSORF = 0;
 10295   003726  0E00               	movlw	0
 10296   003728  6E18               	movwf	(_IR_SENSORF+1)^0,c
 10297   00372A  0E00               	movlw	0
 10298   00372C  6E17               	movwf	_IR_SENSORF^0,c
 10299   00372E                     
 10300                           ;main.c: 2114:     WriteSTLED316SMode('A');
 10301   00372E  0E41               	movlw	65
 10302   003730  ECE6  F01E         	call	_WriteSTLED316SMode
 10303   003734                     
 10304                           ;main.c: 2116:     if (vibration_mode == 1) {
 10305   003734  042C               	decf	_vibration_mode^0,w,c
 10306   003736  A4D8               	btfss	status,2,c
 10307   003738  EFA0  F01B         	goto	u4481
 10308   00373C  EFA2  F01B         	goto	u4480
 10309   003740                     u4481:
 10310   003740  EFB7  F01B         	goto	l630
 10311   003744                     u4480:
 10312   003744                     
 10313                           ;main.c: 2117:         LATCbits.LATC1 = 1;
 10314   003744  828B               	bsf	139,1,c	;volatile
 10315   003746                     
 10316                           ;main.c: 2118:         delay_1ms(Vmotor_Time);
 10317   003746  C054  F03A         	movff	_Vmotor_Time,delay_1ms@time
 10318   00374A  C055  F03B         	movff	_Vmotor_Time+1,delay_1ms@time+1
 10319   00374E  EC1F  F024         	call	_delay_1ms	;wreg free
 10320   003752                     
 10321                           ;main.c: 2119:         LATCbits.LATC1 = 0;
 10322   003752  928B               	bcf	139,1,c	;volatile
 10323   003754                     l5960:
 10324                           
 10325                           ;main.c: 2120:         _delay((unsigned long)((300)*(8000000/4000.0)));
 10326   003754  0E04               	movlw	4
 10327   003756  6E44               	movwf	(??_Homing_Again_Auto+1)^0,c
 10328   003758  0E0C               	movlw	12
 10329   00375A  6E43               	movwf	??_Homing_Again_Auto^0,c
 10330   00375C  0E34               	movlw	52
 10331   00375E                     u8697:
 10332   00375E  2EE8               	decfsz	wreg,f,c
 10333   003760  D7FE               	bra	u8697
 10334   003762  2E43               	decfsz	??_Homing_Again_Auto^0,f,c
 10335   003764  D7FC               	bra	u8697
 10336   003766  2E44               	decfsz	(??_Homing_Again_Auto+1)^0,f,c
 10337   003768  D7FA               	bra	u8697
 10338                           
 10339                           ;main.c: 2121:     } else {
 10340   00376A  EFBA  F01B         	goto	l5964
 10341   00376E                     l630:
 10342                           
 10343                           ;main.c: 2122:         LATCbits.LATC1 = 0;
 10344   00376E  928B               	bcf	139,1,c	;volatile
 10345   003770  EFAA  F01B         	goto	l5960
 10346   003774                     l5964:
 10347                           
 10348                           ;main.c: 2126:     LATAbits.LATA2 = 1;
 10349   003774  8489               	bsf	137,2,c	;volatile
 10350                           
 10351                           ;main.c: 2128:     while (Stop == 0) {
 10352   003776  EF69  F01C         	goto	l6022
 10353   00377A                     l633:
 10354   00377A  0004               	clrwdt		;# 
 10355   00377C                     
 10356                           ;main.c: 2130:         readWeighingData();
 10357   00377C  ECA2  F020         	call	_readWeighingData	;wreg free
 10358   003780                     
 10359                           ;main.c: 2131:         AD_capture_BattVoltage();
 10360   003780  EC42  F023         	call	_AD_capture_BattVoltage	;wreg free
 10361   003784                     
 10362                           ;main.c: 2132:         delay_1ms(Motor_Pause_Time);
 10363   003784  C095  F03A         	movff	_Motor_Pause_Time,delay_1ms@time
 10364   003788  C096  F03B         	movff	_Motor_Pause_Time+1,delay_1ms@time+1
 10365   00378C  EC1F  F024         	call	_delay_1ms	;wreg free
 10366   003790                     
 10367                           ;main.c: 2133:         MotorON();
 10368   003790  ECC0  F024         	call	_MotorON	;wreg free
 10369   003794                     
 10370                           ;main.c: 2137:         _delay((unsigned long)((140)*(8000000/4000.0)));
 10371   003794  0E02               	movlw	2
 10372   003796  6E44               	movwf	(??_Homing_Again_Auto+1)^0,c
 10373   003798  0E6C               	movlw	108
 10374   00379A  6E43               	movwf	??_Homing_Again_Auto^0,c
 10375   00379C  0EA0               	movlw	160
 10376   00379E                     u8707:
 10377   00379E  2EE8               	decfsz	wreg,f,c
 10378   0037A0  D7FE               	bra	u8707
 10379   0037A2  2E43               	decfsz	??_Homing_Again_Auto^0,f,c
 10380   0037A4  D7FC               	bra	u8707
 10381   0037A6  2E44               	decfsz	(??_Homing_Again_Auto+1)^0,f,c
 10382   0037A8  D7FA               	bra	u8707
 10383   0037AA                     
 10384                           ;main.c: 2139:         errorcounter = 30;
 10385   0037AA  0E1E               	movlw	30
 10386   0037AC  6E4E               	movwf	_errorcounter^0,c	;volatile
 10387   0037AE  0E00               	movlw	0
 10388   0037B0  6E4F               	movwf	(_errorcounter+1)^0,c	;volatile
 10389   0037B2  0E00               	movlw	0
 10390   0037B4  6E50               	movwf	(_errorcounter+2)^0,c	;volatile
 10391   0037B6  0E00               	movlw	0
 10392   0037B8  6E51               	movwf	(_errorcounter+3)^0,c	;volatile
 10393   0037BA                     l5978:
 10394                           
 10395                           ;main.c: 2142:             IR_SENSORF = Read_IR();
 10396   0037BA  ECCF  F022         	call	_Read_IR	;wreg free
 10397   0037BE  C03A  F017         	movff	?_Read_IR,_IR_SENSORF
 10398   0037C2  C03B  F018         	movff	?_Read_IR+1,_IR_SENSORF+1
 10399   0037C6                     
 10400                           ;main.c: 2143:             if (errorcounter == 0) {
 10401   0037C6  504E               	movf	_errorcounter^0,w,c	;volatile
 10402   0037C8  104F               	iorwf	(_errorcounter+1)^0,w,c	;volatile
 10403   0037CA  1050               	iorwf	(_errorcounter+2)^0,w,c	;volatile
 10404   0037CC  1051               	iorwf	(_errorcounter+3)^0,w,c	;volatile
 10405   0037CE  A4D8               	btfss	status,2,c
 10406   0037D0  EFEC  F01B         	goto	u4491
 10407   0037D4  EFEE  F01B         	goto	u4490
 10408   0037D8                     u4491:
 10409   0037D8  EFF3  F01B         	goto	l5986
 10410   0037DC                     u4490:
 10411   0037DC                     
 10412                           ;main.c: 2144:                 WriteSTLED316SErr('1');
 10413   0037DC  0E31               	movlw	49
 10414   0037DE  EC66  F01F         	call	_WriteSTLED316SErr
 10415   0037E2                     
 10416                           ;main.c: 2145:                 MotorBREAK();
 10417   0037E2  ECC5  F024         	call	_MotorBREAK	;wreg free
 10418   0037E6                     l5986:
 10419                           
 10420                           ;main.c: 2147:         } while (IR_SENSORF != 0);
 10421   0037E6  5017               	movf	_IR_SENSORF^0,w,c
 10422   0037E8  1018               	iorwf	(_IR_SENSORF+1)^0,w,c
 10423   0037EA  A4D8               	btfss	status,2,c
 10424   0037EC  EFFA  F01B         	goto	u4501
 10425   0037F0  EFFC  F01B         	goto	u4500
 10426   0037F4                     u4501:
 10427   0037F4  EFDD  F01B         	goto	l5978
 10428   0037F8                     u4500:
 10429   0037F8                     
 10430                           ;main.c: 2149:         _delay((unsigned long)((30)*(8000000/4000.0)));
 10431   0037F8  0E4E               	movlw	78
 10432   0037FA  6E43               	movwf	??_Homing_Again_Auto^0,c
 10433   0037FC  0EEB               	movlw	235
 10434   0037FE                     u8717:
 10435   0037FE  2EE8               	decfsz	wreg,f,c
 10436   003800  D7FE               	bra	u8717
 10437   003802  2E43               	decfsz	??_Homing_Again_Auto^0,f,c
 10438   003804  D7FC               	bra	u8717
 10439   003806  F000               	nop	
 10440   003808                     
 10441                           ;main.c: 2150:         errorcounter = 30;
 10442   003808  0E1E               	movlw	30
 10443   00380A  6E4E               	movwf	_errorcounter^0,c	;volatile
 10444   00380C  0E00               	movlw	0
 10445   00380E  6E4F               	movwf	(_errorcounter+1)^0,c	;volatile
 10446   003810  0E00               	movlw	0
 10447   003812  6E50               	movwf	(_errorcounter+2)^0,c	;volatile
 10448   003814  0E00               	movlw	0
 10449   003816  6E51               	movwf	(_errorcounter+3)^0,c	;volatile
 10450   003818                     l5992:
 10451                           
 10452                           ;main.c: 2153:             IR_SENSORF = Read_IR();
 10453   003818  ECCF  F022         	call	_Read_IR	;wreg free
 10454   00381C  C03A  F017         	movff	?_Read_IR,_IR_SENSORF
 10455   003820  C03B  F018         	movff	?_Read_IR+1,_IR_SENSORF+1
 10456   003824                     
 10457                           ;main.c: 2154:             if (errorcounter == 0) {
 10458   003824  504E               	movf	_errorcounter^0,w,c	;volatile
 10459   003826  104F               	iorwf	(_errorcounter+1)^0,w,c	;volatile
 10460   003828  1050               	iorwf	(_errorcounter+2)^0,w,c	;volatile
 10461   00382A  1051               	iorwf	(_errorcounter+3)^0,w,c	;volatile
 10462   00382C  A4D8               	btfss	status,2,c
 10463   00382E  EF1B  F01C         	goto	u4511
 10464   003832  EF1D  F01C         	goto	u4510
 10465   003836                     u4511:
 10466   003836  EF22  F01C         	goto	l6000
 10467   00383A                     u4510:
 10468   00383A                     
 10469                           ;main.c: 2155:                 WriteSTLED316SErr('2');
 10470   00383A  0E32               	movlw	50
 10471   00383C  EC66  F01F         	call	_WriteSTLED316SErr
 10472   003840                     
 10473                           ;main.c: 2156:                 MotorBREAK();
 10474   003840  ECC5  F024         	call	_MotorBREAK	;wreg free
 10475   003844                     l6000:
 10476                           
 10477                           ;main.c: 2158:         } while (IR_SENSORF != 1);
 10478   003844  0417               	decf	_IR_SENSORF^0,w,c
 10479   003846  1018               	iorwf	(_IR_SENSORF+1)^0,w,c
 10480   003848  A4D8               	btfss	status,2,c
 10481   00384A  EF29  F01C         	goto	u4521
 10482   00384E  EF2B  F01C         	goto	u4520
 10483   003852                     u4521:
 10484   003852  EF0C  F01C         	goto	l5992
 10485   003856                     u4520:
 10486   003856                     
 10487                           ;main.c: 2160:         errorcounter = 30;
 10488   003856  0E1E               	movlw	30
 10489   003858  6E4E               	movwf	_errorcounter^0,c	;volatile
 10490   00385A  0E00               	movlw	0
 10491   00385C  6E4F               	movwf	(_errorcounter+1)^0,c	;volatile
 10492   00385E  0E00               	movlw	0
 10493   003860  6E50               	movwf	(_errorcounter+2)^0,c	;volatile
 10494   003862  0E00               	movlw	0
 10495   003864  6E51               	movwf	(_errorcounter+3)^0,c	;volatile
 10496   003866                     
 10497                           ;main.c: 2162:         delay_1ms(Motor_Stop_Delay_Time);
 10498   003866  C021  F03A         	movff	_Motor_Stop_Delay_Time,delay_1ms@time
 10499   00386A  C022  F03B         	movff	_Motor_Stop_Delay_Time+1,delay_1ms@time+1
 10500   00386E  EC1F  F024         	call	_delay_1ms	;wreg free
 10501   003872                     
 10502                           ;main.c: 2163:         MotorBREAK();
 10503   003872  ECC5  F024         	call	_MotorBREAK	;wreg free
 10504                           
 10505                           ;main.c: 2165:         if (vibration_mode == 1) {
 10506   003876  042C               	decf	_vibration_mode^0,w,c
 10507   003878  A4D8               	btfss	status,2,c
 10508   00387A  EF41  F01C         	goto	u4531
 10509   00387E  EF43  F01C         	goto	u4530
 10510   003882                     u4531:
 10511   003882  EF58  F01C         	goto	l640
 10512   003886                     u4530:
 10513   003886                     
 10514                           ;main.c: 2166:             LATCbits.LATC1 = 1;
 10515   003886  828B               	bsf	139,1,c	;volatile
 10516   003888                     
 10517                           ;main.c: 2167:             delay_1ms(Vmotor_Time);
 10518   003888  C054  F03A         	movff	_Vmotor_Time,delay_1ms@time
 10519   00388C  C055  F03B         	movff	_Vmotor_Time+1,delay_1ms@time+1
 10520   003890  EC1F  F024         	call	_delay_1ms	;wreg free
 10521   003894                     
 10522                           ;main.c: 2169:             LATCbits.LATC1 = 0;
 10523   003894  928B               	bcf	139,1,c	;volatile
 10524   003896                     
 10525                           ;main.c: 2170:             _delay((unsigned long)((300)*(8000000/4000.0)));
 10526   003896  0E04               	movlw	4
 10527   003898  6E44               	movwf	(??_Homing_Again_Auto+1)^0,c
 10528   00389A  0E0C               	movlw	12
 10529   00389C  6E43               	movwf	??_Homing_Again_Auto^0,c
 10530   00389E  0E34               	movlw	52
 10531   0038A0                     u8727:
 10532   0038A0  2EE8               	decfsz	wreg,f,c
 10533   0038A2  D7FE               	bra	u8727
 10534   0038A4  2E43               	decfsz	??_Homing_Again_Auto^0,f,c
 10535   0038A6  D7FC               	bra	u8727
 10536   0038A8  2E44               	decfsz	(??_Homing_Again_Auto+1)^0,f,c
 10537   0038AA  D7FA               	bra	u8727
 10538                           
 10539                           ;main.c: 2171:         } else {
 10540   0038AC  EF5F  F01C         	goto	l6018
 10541   0038B0                     l640:
 10542                           
 10543                           ;main.c: 2172:             LATCbits.LATC1 = 0;
 10544   0038B0  928B               	bcf	139,1,c	;volatile
 10545   0038B2                     
 10546                           ;main.c: 2173:             delay_1ms(Vmotor_Time);
 10547   0038B2  C054  F03A         	movff	_Vmotor_Time,delay_1ms@time
 10548   0038B6  C055  F03B         	movff	_Vmotor_Time+1,delay_1ms@time+1
 10549   0038BA  EC1F  F024         	call	_delay_1ms	;wreg free
 10550   0038BE                     l6018:
 10551                           
 10552                           ;main.c: 2176:         if (Stop == 1)
 10553   0038BE  042E               	decf	_Stop^0,w,c
 10554   0038C0  A4D8               	btfss	status,2,c
 10555   0038C2  EF65  F01C         	goto	u4541
 10556   0038C6  EF67  F01C         	goto	u4540
 10557   0038CA                     u4541:
 10558   0038CA  EF69  F01C         	goto	l6022
 10559   0038CE                     u4540:
 10560   0038CE  EF71  F01C         	goto	l643
 10561   0038D2                     l6022:
 10562                           
 10563                           ;main.c: 2128:     while (Stop == 0) {
 10564   0038D2  502E               	movf	_Stop^0,w,c
 10565   0038D4  B4D8               	btfsc	status,2,c
 10566   0038D6  EF6F  F01C         	goto	u4551
 10567   0038DA  EF71  F01C         	goto	u4550
 10568   0038DE                     u4551:
 10569   0038DE  EFBD  F01B         	goto	l633
 10570   0038E2                     u4550:
 10571   0038E2                     l643:
 10572                           
 10573                           ;main.c: 2181:     LATAbits.LATA2 = 0;
 10574   0038E2  9489               	bcf	137,2,c	;volatile
 10575   0038E4                     
 10576                           ;main.c: 2183:     if (NUM == 0 || Stop == 1) {
 10577   0038E4  501F               	movf	_NUM^0,w,c
 10578   0038E6  1020               	iorwf	(_NUM+1)^0,w,c
 10579   0038E8  B4D8               	btfsc	status,2,c
 10580   0038EA  EF79  F01C         	goto	u4561
 10581   0038EE  EF7B  F01C         	goto	u4560
 10582   0038F2                     u4561:
 10583   0038F2  EF83  F01C         	goto	l6028
 10584   0038F6                     u4560:
 10585   0038F6  042E               	decf	_Stop^0,w,c
 10586   0038F8  A4D8               	btfss	status,2,c
 10587   0038FA  EF81  F01C         	goto	u4571
 10588   0038FE  EF83  F01C         	goto	u4570
 10589   003902                     u4571:
 10590   003902  EF9E  F01C         	goto	l6038
 10591   003906                     u4570:
 10592   003906                     l6028:
 10593                           
 10594                           ;main.c: 2185:         if (vibration_mode == 1) {
 10595   003906  042C               	decf	_vibration_mode^0,w,c
 10596   003908  A4D8               	btfss	status,2,c
 10597   00390A  EF89  F01C         	goto	u4581
 10598   00390E  EF8B  F01C         	goto	u4580
 10599   003912                     u4581:
 10600   003912  EF9E  F01C         	goto	l6038
 10601   003916                     u4580:
 10602   003916                     
 10603                           ;main.c: 2186:             LATCbits.LATC1 = 1;
 10604   003916  828B               	bsf	139,1,c	;volatile
 10605   003918                     
 10606                           ;main.c: 2187:             delay_1ms(Vmotor_Time);
 10607   003918  C054  F03A         	movff	_Vmotor_Time,delay_1ms@time
 10608   00391C  C055  F03B         	movff	_Vmotor_Time+1,delay_1ms@time+1
 10609   003920  EC1F  F024         	call	_delay_1ms	;wreg free
 10610   003924                     
 10611                           ;main.c: 2189:             LATCbits.LATC1 = 0;
 10612   003924  928B               	bcf	139,1,c	;volatile
 10613   003926                     
 10614                           ;main.c: 2190:             _delay((unsigned long)((300)*(8000000/4000.0)));
 10615   003926  0E04               	movlw	4
 10616   003928  6E44               	movwf	(??_Homing_Again_Auto+1)^0,c
 10617   00392A  0E0C               	movlw	12
 10618   00392C  6E43               	movwf	??_Homing_Again_Auto^0,c
 10619   00392E  0E34               	movlw	52
 10620   003930                     u8737:
 10621   003930  2EE8               	decfsz	wreg,f,c
 10622   003932  D7FE               	bra	u8737
 10623   003934  2E43               	decfsz	??_Homing_Again_Auto^0,f,c
 10624   003936  D7FC               	bra	u8737
 10625   003938  2E44               	decfsz	(??_Homing_Again_Auto+1)^0,f,c
 10626   00393A  D7FA               	bra	u8737
 10627   00393C                     l6038:
 10628                           
 10629                           ;main.c: 2195:     NUM = 0;
 10630   00393C  0E00               	movlw	0
 10631   00393E  6E20               	movwf	(_NUM+1)^0,c
 10632   003940  0E00               	movlw	0
 10633   003942  6E1F               	movwf	_NUM^0,c
 10634   003944                     
 10635                           ;main.c: 2196:     if(OpMode == AUTO_MODE)
 10636   003944  0E02               	movlw	2
 10637   003946  182B               	xorwf	_OpMode^0,w,c	;volatile
 10638   003948  A4D8               	btfss	status,2,c
 10639   00394A  EFA9  F01C         	goto	u4591
 10640   00394E  EFAB  F01C         	goto	u4590
 10641   003952                     u4591:
 10642   003952  EFAF  F01C         	goto	l6044
 10643   003956                     u4590:
 10644   003956                     
 10645                           ;main.c: 2197:     {;main.c: 2198:         OpMode = AUTO_MODE;
 10646   003956  0E02               	movlw	2
 10647   003958  6E2B               	movwf	_OpMode^0,c	;volatile
 10648                           
 10649                           ;main.c: 2199:     }
 10650   00395A  EFB1  F01C         	goto	l650
 10651   00395E                     l6044:
 10652                           
 10653                           ;main.c: 2201:         OpMode = AUTO_MODE2;
 10654   00395E  0E03               	movlw	3
 10655   003960  6E2B               	movwf	_OpMode^0,c	;volatile
 10656   003962                     l650:
 10657   003962  0012               	return		;funcret
 10658   003964                     __end_of_Homing_Again_Auto:
 10659                           	callstack 0
 10660                           
 10661 ;; *************** function _readWeighingData *****************
 10662 ;; Defined at:
 10663 ;;		line 2230 in file "main.c"
 10664 ;; Parameters:    Size  Location     Type
 10665 ;;		None
 10666 ;; Auto vars:     Size  Location     Type
 10667 ;;  i               2   10[COMRAM] int 
 10668 ;; Return value:  Size  Location     Type
 10669 ;;                  1    wreg      void 
 10670 ;; Registers used:
 10671 ;;		wreg, fsr2l, fsr2h, status,2, status,0, cstack
 10672 ;; Tracked objects:
 10673 ;;		On entry : 0/0
 10674 ;;		On exit  : 0/0
 10675 ;;		Unchanged: 0/0
 10676 ;; Data sizes:     COMRAM   BANK0   BANK1   BANK2   BANK3   BANK4   BANK5   BANK6   BANK7   BANK8   BANK9  BANK10  BANK1
      +1  BANK12  BANK13  BANK14  BANK15
 10677 ;;      Params:         0       0       0       0       0       0       0       0       0       0       0       0       
      +0       0       0       0       0
 10678 ;;      Locals:         2       0       0       0       0       0       0       0       0       0       0       0       
      +0       0       0       0       0
 10679 ;;      Temps:          0       0       0       0       0       0       0       0       0       0       0       0       
      +0       0       0       0       0
 10680 ;;      Totals:         2       0       0       0       0       0       0       0       0       0       0       0       
      +0       0       0       0       0
 10681 ;;Total ram usage:        2 bytes
 10682 ;; Hardware stack levels used: 1
 10683 ;; Hardware stack levels required when called: 3
 10684 ;; This function calls:
 10685 ;;		_Write1USART
 10686 ;;		_Write2USART
 10687 ;;		_flushOut
 10688 ;; This function is called by:
 10689 ;;		_Homing_Again_Manual
 10690 ;;		_Homing_Again_Auto
 10691 ;; This function uses a non-reentrant model
 10692 ;;
 10693                           
 10694                           	psect	text30
 10695   004144                     __ptext30:
 10696                           	callstack 0
 10697   004144                     _readWeighingData:
 10698                           	callstack 26
 10699   004144                     
 10700                           ;main.c: 2231:     int i;;main.c: 2233:     Serial_Buffer_Out[0] = 0xA5;
 10701   004144  0EA5               	movlw	165
 10702   004146  6E01               	movwf	_Serial_Buffer_Out^0,c
 10703                           
 10704                           ;main.c: 2234:     Serial_Buffer_Out[1] = 0x45;
 10705   004148  0E45               	movlw	69
 10706   00414A  6E02               	movwf	(_Serial_Buffer_Out+1)^0,c
 10707                           
 10708                           ;main.c: 2235:     Serial_Buffer_Out[2] = 0x00;
 10709   00414C  0E00               	movlw	0
 10710   00414E  6E03               	movwf	(_Serial_Buffer_Out+2)^0,c
 10711                           
 10712                           ;main.c: 2236:     Serial_Buffer_Out[3] = 0x45;
 10713   004150  0E45               	movlw	69
 10714   004152  6E04               	movwf	(_Serial_Buffer_Out+3)^0,c
 10715                           
 10716                           ;main.c: 2237:     Serial_Buffer_Out[4] = 0x5A;
 10717   004154  0E5A               	movlw	90
 10718   004156  6E05               	movwf	(_Serial_Buffer_Out+4)^0,c
 10719   004158                     
 10720                           ;main.c: 2239:     INTCONbits.GIE = 0;
 10721   004158  9EF2               	bcf	242,7,c	;volatile
 10722   00415A                     
 10723                           ;main.c: 2240:     if (OpMode == AUTO_MODE){
 10724   00415A  0E02               	movlw	2
 10725   00415C  182B               	xorwf	_OpMode^0,w,c	;volatile
 10726   00415E  A4D8               	btfss	status,2,c
 10727   004160  EFB4  F020         	goto	u3901
 10728   004164  EFB6  F020         	goto	u3900
 10729   004168                     u3901:
 10730   004168  EFD5  F020         	goto	l5434
 10731   00416C                     u3900:
 10732   00416C                     
 10733                           ;main.c: 2241:       for (i = 0; i < 5; i++) {
 10734   00416C  0E00               	movlw	0
 10735   00416E  6E3D               	movwf	(readWeighingData@i+1)^0,c
 10736   004170  0E00               	movlw	0
 10737   004172  6E3C               	movwf	readWeighingData@i^0,c
 10738   004174                     l5428:
 10739                           
 10740                           ;main.c: 2242:         Write1USART(Serial_Buffer_Out[i]);
 10741   004174  0E01               	movlw	low _Serial_Buffer_Out
 10742   004176  243C               	addwf	readWeighingData@i^0,w,c
 10743   004178  6ED9               	movwf	fsr2l,c
 10744   00417A  0E00               	movlw	high _Serial_Buffer_Out
 10745   00417C  203D               	addwfc	(readWeighingData@i+1)^0,w,c
 10746   00417E  6EDA               	movwf	fsr2h,c
 10747   004180  50DF               	movf	indf2,w,c
 10748   004182  EC7D  F024         	call	_Write1USART
 10749   004186                     
 10750                           ;main.c: 2243:       }
 10751   004186  4A3C               	infsnz	readWeighingData@i^0,f,c
 10752   004188  2A3D               	incf	(readWeighingData@i+1)^0,f,c
 10753   00418A  BE3D               	btfsc	(readWeighingData@i+1)^0,7,c
 10754   00418C  EFD1  F020         	goto	u3911
 10755   004190  503D               	movf	(readWeighingData@i+1)^0,w,c
 10756   004192  E109               	bnz	u3910
 10757   004194  0E05               	movlw	5
 10758   004196  5C3C               	subwf	readWeighingData@i^0,w,c
 10759   004198  A0D8               	btfss	status,0,c
 10760   00419A  EFD1  F020         	goto	u3911
 10761   00419E  EFD3  F020         	goto	u3910
 10762   0041A2                     u3911:
 10763   0041A2  EFBA  F020         	goto	l5428
 10764   0041A6                     u3910:
 10765   0041A6  EFFB  F020         	goto	l666
 10766   0041AA                     l5434:
 10767   0041AA  0E03               	movlw	3
 10768   0041AC  182B               	xorwf	_OpMode^0,w,c	;volatile
 10769   0041AE  A4D8               	btfss	status,2,c
 10770   0041B0  EFDC  F020         	goto	u3921
 10771   0041B4  EFDE  F020         	goto	u3920
 10772   0041B8                     u3921:
 10773   0041B8  EFFB  F020         	goto	l666
 10774   0041BC                     u3920:
 10775   0041BC                     
 10776                           ;main.c: 2245:         for (i = 0; i < 5; i++) {
 10777   0041BC  0E00               	movlw	0
 10778   0041BE  6E3D               	movwf	(readWeighingData@i+1)^0,c
 10779   0041C0  0E00               	movlw	0
 10780   0041C2  6E3C               	movwf	readWeighingData@i^0,c
 10781   0041C4                     l5442:
 10782                           
 10783                           ;main.c: 2246:           Write2USART(Serial_Buffer_Out[i]);
 10784   0041C4  0E01               	movlw	low _Serial_Buffer_Out
 10785   0041C6  243C               	addwf	readWeighingData@i^0,w,c
 10786   0041C8  6ED9               	movwf	fsr2l,c
 10787   0041CA  0E00               	movlw	high _Serial_Buffer_Out
 10788   0041CC  203D               	addwfc	(readWeighingData@i+1)^0,w,c
 10789   0041CE  6EDA               	movwf	fsr2h,c
 10790   0041D0  50DF               	movf	indf2,w,c
 10791   0041D2  EC72  F024         	call	_Write2USART
 10792   0041D6                     
 10793                           ;main.c: 2247:         }
 10794   0041D6  4A3C               	infsnz	readWeighingData@i^0,f,c
 10795   0041D8  2A3D               	incf	(readWeighingData@i+1)^0,f,c
 10796   0041DA  BE3D               	btfsc	(readWeighingData@i+1)^0,7,c
 10797   0041DC  EFF9  F020         	goto	u3931
 10798   0041E0  503D               	movf	(readWeighingData@i+1)^0,w,c
 10799   0041E2  E109               	bnz	u3930
 10800   0041E4  0E05               	movlw	5
 10801   0041E6  5C3C               	subwf	readWeighingData@i^0,w,c
 10802   0041E8  A0D8               	btfss	status,0,c
 10803   0041EA  EFF9  F020         	goto	u3931
 10804   0041EE  EFFB  F020         	goto	u3930
 10805   0041F2                     u3931:
 10806   0041F2  EFE2  F020         	goto	l5442
 10807   0041F6                     u3930:
 10808   0041F6                     l666:
 10809                           
 10810                           ;main.c: 2249:     INTCONbits.GIE = 1;
 10811   0041F6  8EF2               	bsf	242,7,c	;volatile
 10812   0041F8                     
 10813                           ;main.c: 2251:     flushOut();
 10814   0041F8  EC9E  F023         	call	_flushOut	;wreg free
 10815   0041FC  0012               	return		;funcret
 10816   0041FE                     __end_of_readWeighingData:
 10817                           	callstack 0
 10818                           
 10819 ;; *************** function _flushOut *****************
 10820 ;; Defined at:
 10821 ;;		line 2219 in file "main.c"
 10822 ;; Parameters:    Size  Location     Type
 10823 ;;		None
 10824 ;; Auto vars:     Size  Location     Type
 10825 ;;  i               2    8[COMRAM] int 
 10826 ;; Return value:  Size  Location     Type
 10827 ;;                  1    wreg      void 
 10828 ;; Registers used:
 10829 ;;		wreg, fsr2l, fsr2h, status,2, status,0
 10830 ;; Tracked objects:
 10831 ;;		On entry : 0/0
 10832 ;;		On exit  : 0/0
 10833 ;;		Unchanged: 0/0
 10834 ;; Data sizes:     COMRAM   BANK0   BANK1   BANK2   BANK3   BANK4   BANK5   BANK6   BANK7   BANK8   BANK9  BANK10  BANK1
      +1  BANK12  BANK13  BANK14  BANK15
 10835 ;;      Params:         0       0       0       0       0       0       0       0       0       0       0       0       
      +0       0       0       0       0
 10836 ;;      Locals:         2       0       0       0       0       0       0       0       0       0       0       0       
      +0       0       0       0       0
 10837 ;;      Temps:          0       0       0       0       0       0       0       0       0       0       0       0       
      +0       0       0       0       0
 10838 ;;      Totals:         2       0       0       0       0       0       0       0       0       0       0       0       
      +0       0       0       0       0
 10839 ;;Total ram usage:        2 bytes
 10840 ;; Hardware stack levels used: 1
 10841 ;; Hardware stack levels required when called: 2
 10842 ;; This function calls:
 10843 ;;		Nothing
 10844 ;; This function is called by:
 10845 ;;		_main
 10846 ;;		_readWeighingData
 10847 ;; This function uses a non-reentrant model
 10848 ;;
 10849                           
 10850                           	psect	text31
 10851   00473C                     __ptext31:
 10852                           	callstack 0
 10853   00473C                     _flushOut:
 10854                           	callstack 28
 10855   00473C                     
 10856                           ;main.c: 2220:     int i;;main.c: 2222:     for (i = 0; i < 16; i++) {
 10857   00473C  0E00               	movlw	0
 10858   00473E  6E3B               	movwf	(flushOut@i+1)^0,c
 10859   004740  0E00               	movlw	0
 10860   004742  6E3A               	movwf	flushOut@i^0,c
 10861   004744                     l5072:
 10862                           
 10863                           ;main.c: 2223:         Serial_Buffer_Out[i] = 0x00;
 10864   004744  0E01               	movlw	low _Serial_Buffer_Out
 10865   004746  243A               	addwf	flushOut@i^0,w,c
 10866   004748  6ED9               	movwf	fsr2l,c
 10867   00474A  0E00               	movlw	high _Serial_Buffer_Out
 10868   00474C  203B               	addwfc	(flushOut@i+1)^0,w,c
 10869   00474E  6EDA               	movwf	fsr2h,c
 10870   004750  0E00               	movlw	0
 10871   004752  6EDF               	movwf	indf2,c
 10872   004754                     
 10873                           ;main.c: 2224:     }
 10874   004754  4A3A               	infsnz	flushOut@i^0,f,c
 10875   004756  2A3B               	incf	(flushOut@i+1)^0,f,c
 10876   004758  BE3B               	btfsc	(flushOut@i+1)^0,7,c
 10877   00475A  EFB8  F023         	goto	u3581
 10878   00475E  503B               	movf	(flushOut@i+1)^0,w,c
 10879   004760  E109               	bnz	u3580
 10880   004762  0E10               	movlw	16
 10881   004764  5C3A               	subwf	flushOut@i^0,w,c
 10882   004766  A0D8               	btfss	status,0,c
 10883   004768  EFB8  F023         	goto	u3581
 10884   00476C  EFBA  F023         	goto	u3580
 10885   004770                     u3581:
 10886   004770  EFA2  F023         	goto	l5072
 10887   004774                     u3580:
 10888   004774  0012               	return		;funcret
 10889   004776                     __end_of_flushOut:
 10890                           	callstack 0
 10891                           
 10892 ;; *************** function _Write2USART *****************
 10893 ;; Defined at:
 10894 ;;		line 107 in file "usart.c"
 10895 ;; Parameters:    Size  Location     Type
 10896 ;;  data            1    wreg     unsigned char 
 10897 ;; Auto vars:     Size  Location     Type
 10898 ;;  data            1    8[COMRAM] unsigned char 
 10899 ;; Return value:  Size  Location     Type
 10900 ;;                  1    wreg      void 
 10901 ;; Registers used:
 10902 ;;		wreg
 10903 ;; Tracked objects:
 10904 ;;		On entry : 0/0
 10905 ;;		On exit  : 0/0
 10906 ;;		Unchanged: 0/0
 10907 ;; Data sizes:     COMRAM   BANK0   BANK1   BANK2   BANK3   BANK4   BANK5   BANK6   BANK7   BANK8   BANK9  BANK10  BANK1
      +1  BANK12  BANK13  BANK14  BANK15
 10908 ;;      Params:         0       0       0       0       0       0       0       0       0       0       0       0       
      +0       0       0       0       0
 10909 ;;      Locals:         1       0       0       0       0       0       0       0       0       0       0       0       
      +0       0       0       0       0
 10910 ;;      Temps:          0       0       0       0       0       0       0       0       0       0       0       0       
      +0       0       0       0       0
 10911 ;;      Totals:         1       0       0       0       0       0       0       0       0       0       0       0       
      +0       0       0       0       0
 10912 ;;Total ram usage:        1 bytes
 10913 ;; Hardware stack levels used: 1
 10914 ;; Hardware stack levels required when called: 2
 10915 ;; This function calls:
 10916 ;;		Nothing
 10917 ;; This function is called by:
 10918 ;;		_main
 10919 ;;		_readWeighingData
 10920 ;; This function uses a non-reentrant model
 10921 ;;
 10922                           
 10923                           	psect	text32
 10924   0048E4                     __ptext32:
 10925                           	callstack 0
 10926   0048E4                     _Write2USART:
 10927                           	callstack 28
 10928                           
 10929                           ;incstack = 0
 10930                           ;Write2USART@data stored from wreg
 10931   0048E4  6E3A               	movwf	Write2USART@data^0,c
 10932   0048E6                     
 10933                           ;usart.c: 108:     TXREG2 = data;
 10934   0048E6  C03A  FFA9         	movff	Write2USART@data,4009	;volatile
 10935   0048EA                     l955:
 10936   0048EA  A2A8               	btfss	168,1,c	;volatile
 10937   0048EC  EF7A  F024         	goto	u3591
 10938   0048F0  EF7C  F024         	goto	u3590
 10939   0048F4                     u3591:
 10940   0048F4  EF75  F024         	goto	l955
 10941   0048F8                     u3590:
 10942   0048F8  0012               	return		;funcret
 10943   0048FA                     __end_of_Write2USART:
 10944                           	callstack 0
 10945                           
 10946 ;; *************** function _Write1USART *****************
 10947 ;; Defined at:
 10948 ;;		line 78 in file "usart.c"
 10949 ;; Parameters:    Size  Location     Type
 10950 ;;  data            1    wreg     unsigned char 
 10951 ;; Auto vars:     Size  Location     Type
 10952 ;;  data            1    8[COMRAM] unsigned char 
 10953 ;; Return value:  Size  Location     Type
 10954 ;;                  1    wreg      void 
 10955 ;; Registers used:
 10956 ;;		wreg
 10957 ;; Tracked objects:
 10958 ;;		On entry : 0/0
 10959 ;;		On exit  : 0/0
 10960 ;;		Unchanged: 0/0
 10961 ;; Data sizes:     COMRAM   BANK0   BANK1   BANK2   BANK3   BANK4   BANK5   BANK6   BANK7   BANK8   BANK9  BANK10  BANK1
      +1  BANK12  BANK13  BANK14  BANK15
 10962 ;;      Params:         0       0       0       0       0       0       0       0       0       0       0       0       
      +0       0       0       0       0
 10963 ;;      Locals:         1       0       0       0       0       0       0       0       0       0       0       0       
      +0       0       0       0       0
 10964 ;;      Temps:          0       0       0       0       0       0       0       0       0       0       0       0       
      +0       0       0       0       0
 10965 ;;      Totals:         1       0       0       0       0       0       0       0       0       0       0       0       
      +0       0       0       0       0
 10966 ;;Total ram usage:        1 bytes
 10967 ;; Hardware stack levels used: 1
 10968 ;; Hardware stack levels required when called: 2
 10969 ;; This function calls:
 10970 ;;		Nothing
 10971 ;; This function is called by:
 10972 ;;		_main
 10973 ;;		_readWeighingData
 10974 ;; This function uses a non-reentrant model
 10975 ;;
 10976                           
 10977                           	psect	text33
 10978   0048FA                     __ptext33:
 10979                           	callstack 0
 10980   0048FA                     _Write1USART:
 10981                           	callstack 28
 10982                           
 10983                           ;incstack = 0
 10984                           ;Write1USART@data stored from wreg
 10985   0048FA  6E3A               	movwf	Write1USART@data^0,c
 10986   0048FC                     
 10987                           ;usart.c: 79:     TXREG1 = data;
 10988   0048FC  C03A  FFAE         	movff	Write1USART@data,4014	;volatile
 10989   004900                     l944:
 10990   004900  A2AD               	btfss	173,1,c	;volatile
 10991   004902  EF85  F024         	goto	u3571
 10992   004906  EF87  F024         	goto	u3570
 10993   00490A                     u3571:
 10994   00490A  EF80  F024         	goto	l944
 10995   00490E                     u3570:
 10996   00490E  0012               	return		;funcret
 10997   004910                     __end_of_Write1USART:
 10998                           	callstack 0
 10999                           
 11000 ;; *************** function _WriteSTLED316SMode *****************
 11001 ;; Defined at:
 11002 ;;		line 184 in file "Display.c"
 11003 ;; Parameters:    Size  Location     Type
 11004 ;;  msg             1    wreg     unsigned char 
 11005 ;; Auto vars:     Size  Location     Type
 11006 ;;  msg             1   16[COMRAM] unsigned char 
 11007 ;; Return value:  Size  Location     Type
 11008 ;;                  1    wreg      void 
 11009 ;; Registers used:
 11010 ;;		wreg, status,2, status,0, cstack
 11011 ;; Tracked objects:
 11012 ;;		On entry : 0/0
 11013 ;;		On exit  : 0/0
 11014 ;;		Unchanged: 0/0
 11015 ;; Data sizes:     COMRAM   BANK0   BANK1   BANK2   BANK3   BANK4   BANK5   BANK6   BANK7   BANK8   BANK9  BANK10  BANK1
      +1  BANK12  BANK13  BANK14  BANK15
 11016 ;;      Params:         0       0       0       0       0       0       0       0       0       0       0       0       
      +0       0       0       0       0
 11017 ;;      Locals:         1       0       0       0       0       0       0       0       0       0       0       0       
      +0       0       0       0       0
 11018 ;;      Temps:          2       0       0       0       0       0       0       0       0       0       0       0       
      +0       0       0       0       0
 11019 ;;      Totals:         3       0       0       0       0       0       0       0       0       0       0       0       
      +0       0       0       0       0
 11020 ;;Total ram usage:        3 bytes
 11021 ;; Hardware stack levels used: 1
 11022 ;; Hardware stack levels required when called: 3
 11023 ;; This function calls:
 11024 ;;		_STLED316s_SPI_SendData
 11025 ;; This function is called by:
 11026 ;;		_Homing_Again_Auto
 11027 ;; This function uses a non-reentrant model
 11028 ;;
 11029                           
 11030                           	psect	text34
 11031   003DCC                     __ptext34:
 11032                           	callstack 0
 11033   003DCC                     _WriteSTLED316SMode:
 11034                           	callstack 26
 11035                           
 11036                           ;incstack = 0
 11037                           ;WriteSTLED316SMode@msg stored from wreg
 11038   003DCC  6E42               	movwf	WriteSTLED316SMode@msg^0,c
 11039   003DCE                     
 11040                           ;Display.c: 185:     LATCbits.LATC4 = 0;
 11041   003DCE  988B               	bcf	139,4,c	;volatile
 11042   003DD0                     
 11043                           ;Display.c: 187:     STLED316s_SPI_SendData(0x00);
 11044   003DD0  0E00               	movlw	0
 11045   003DD2  ECF1  F021         	call	_STLED316s_SPI_SendData
 11046   003DD6                     
 11047                           ;Display.c: 190:     LATCbits.LATC4 = 1;
 11048   003DD6  888B               	bsf	139,4,c	;volatile
 11049   003DD8                     
 11050                           ;Display.c: 192:     LATCbits.LATC4 = 0;
 11051   003DD8  988B               	bcf	139,4,c	;volatile
 11052                           
 11053                           ;Display.c: 194:     STLED316s_SPI_SendData(0x00);
 11054   003DDA  0E00               	movlw	0
 11055   003DDC  ECF1  F021         	call	_STLED316s_SPI_SendData
 11056                           
 11057                           ;Display.c: 196:     switch (msg) {
 11058   003DE0  EF32  F01F         	goto	l5476
 11059   003DE4                     l5458:
 11060                           
 11061                           ;Display.c: 198:             STLED316s_SPI_SendData(0x79);
 11062   003DE4  0E79               	movlw	121
 11063   003DE6  ECF1  F021         	call	_STLED316s_SPI_SendData
 11064                           
 11065                           ;Display.c: 199:             STLED316s_SPI_SendData(0x3F);
 11066   003DEA  0E3F               	movlw	63
 11067   003DEC  ECF1  F021         	call	_STLED316s_SPI_SendData
 11068                           
 11069                           ;Display.c: 200:             break;
 11070   003DF0  EF5F  F01F         	goto	l769
 11071   003DF4                     l5460:
 11072                           
 11073                           ;Display.c: 202:             STLED316s_SPI_SendData(0x3F);
 11074   003DF4  0E3F               	movlw	63
 11075   003DF6  ECF1  F021         	call	_STLED316s_SPI_SendData
 11076                           
 11077                           ;Display.c: 203:             STLED316s_SPI_SendData(0x73);
 11078   003DFA  0E73               	movlw	115
 11079   003DFC  ECF1  F021         	call	_STLED316s_SPI_SendData
 11080                           
 11081                           ;Display.c: 204:             break;
 11082   003E00  EF5F  F01F         	goto	l769
 11083   003E04                     l5462:
 11084                           
 11085                           ;Display.c: 206:             STLED316s_SPI_SendData(0x39);
 11086   003E04  0E39               	movlw	57
 11087   003E06  ECF1  F021         	call	_STLED316s_SPI_SendData
 11088                           
 11089                           ;Display.c: 207:             STLED316s_SPI_SendData(0x77);
 11090   003E0A  0E77               	movlw	119
 11091   003E0C  ECF1  F021         	call	_STLED316s_SPI_SendData
 11092                           
 11093                           ;Display.c: 208:             break;
 11094   003E10  EF5F  F01F         	goto	l769
 11095   003E14                     l5464:
 11096                           
 11097                           ;Display.c: 210:             STLED316s_SPI_SendData(0x00);
 11098   003E14  0E00               	movlw	0
 11099   003E16  ECF1  F021         	call	_STLED316s_SPI_SendData
 11100                           
 11101                           ;Display.c: 211:             STLED316s_SPI_SendData(0x00);
 11102   003E1A  0E00               	movlw	0
 11103   003E1C  ECF1  F021         	call	_STLED316s_SPI_SendData
 11104                           
 11105                           ;Display.c: 212:             break;
 11106   003E20  EF5F  F01F         	goto	l769
 11107   003E24                     l5466:
 11108                           
 11109                           ;Display.c: 214:             STLED316s_SPI_SendData(0x00);
 11110   003E24  0E00               	movlw	0
 11111   003E26  ECF1  F021         	call	_STLED316s_SPI_SendData
 11112                           
 11113                           ;Display.c: 215:             STLED316s_SPI_SendData(0x3F);
 11114   003E2A  0E3F               	movlw	63
 11115   003E2C  ECF1  F021         	call	_STLED316s_SPI_SendData
 11116                           
 11117                           ;Display.c: 216:             break;
 11118   003E30  EF5F  F01F         	goto	l769
 11119   003E34                     l5468:
 11120                           
 11121                           ;Display.c: 218:             STLED316s_SPI_SendData(0x79);
 11122   003E34  0E79               	movlw	121
 11123   003E36  ECF1  F021         	call	_STLED316s_SPI_SendData
 11124                           
 11125                           ;Display.c: 219:             STLED316s_SPI_SendData(0x06);
 11126   003E3A  0E06               	movlw	6
 11127   003E3C  ECF1  F021         	call	_STLED316s_SPI_SendData
 11128                           
 11129                           ;Display.c: 220:             break;
 11130   003E40  EF5F  F01F         	goto	l769
 11131   003E44                     l5470:
 11132                           
 11133                           ;Display.c: 222:             STLED316s_SPI_SendData(0x77);
 11134   003E44  0E77               	movlw	119
 11135   003E46  ECF1  F021         	call	_STLED316s_SPI_SendData
 11136                           
 11137                           ;Display.c: 223:             STLED316s_SPI_SendData(0x3E);
 11138   003E4A  0E3E               	movlw	62
 11139   003E4C  ECF1  F021         	call	_STLED316s_SPI_SendData
 11140                           
 11141                           ;Display.c: 224:             break;
 11142   003E50  EF5F  F01F         	goto	l769
 11143   003E54                     l5472:
 11144                           
 11145                           ;Display.c: 226:             STLED316s_SPI_SendData(0x00);
 11146   003E54  0E00               	movlw	0
 11147   003E56  ECF1  F021         	call	_STLED316s_SPI_SendData
 11148                           
 11149                           ;Display.c: 227:             STLED316s_SPI_SendData(0x3E);
 11150   003E5A  0E3E               	movlw	62
 11151   003E5C  ECF1  F021         	call	_STLED316s_SPI_SendData
 11152                           
 11153                           ;Display.c: 228:             break;
 11154   003E60  EF5F  F01F         	goto	l769
 11155   003E64                     l5476:
 11156   003E64  5042               	movf	WriteSTLED316SMode@msg^0,w,c
 11157   003E66  6E40               	movwf	??_WriteSTLED316SMode^0,c
 11158   003E68  6A41               	clrf	(??_WriteSTLED316SMode+1)^0,c
 11159                           
 11160                           ; Switch on 2 bytes has been partitioned into a top level switch of size 1, and 1 sub-sw
      +                          itches
 11161                           ; Switch size 1, requested type "simple"
 11162                           ; Number of cases is 1, Range of values is 0 to 0
 11163                           ; switch strategies available:
 11164                           ; Name         Instructions Cycles
 11165                           ; simple_byte            4     3 (average)
 11166                           ;	Chosen strategy is simple_byte
 11167   003E6A  5041               	movf	(??_WriteSTLED316SMode+1)^0,w,c
 11168   003E6C  0A00               	xorlw	0	; case 0
 11169   003E6E  B4D8               	btfsc	status,2,c
 11170   003E70  EF3C  F01F         	goto	l10628
 11171   003E74  EF5F  F01F         	goto	l769
 11172   003E78                     l10628:
 11173                           
 11174                           ; Switch size 1, requested type "simple"
 11175                           ; Number of cases is 8, Range of values is 65 to 88
 11176                           ; switch strategies available:
 11177                           ; Name         Instructions Cycles
 11178                           ; simple_byte           25    13 (average)
 11179                           ;	Chosen strategy is simple_byte
 11180   003E78  5040               	movf	??_WriteSTLED316SMode^0,w,c
 11181   003E7A  0A41               	xorlw	65	; case 65
 11182   003E7C  B4D8               	btfsc	status,2,c
 11183   003E7E  EF22  F01F         	goto	l5470
 11184   003E82  0A02               	xorlw	2	; case 67
 11185   003E84  B4D8               	btfsc	status,2,c
 11186   003E86  EF02  F01F         	goto	l5462
 11187   003E8A  0A06               	xorlw	6	; case 69
 11188   003E8C  B4D8               	btfsc	status,2,c
 11189   003E8E  EFF2  F01E         	goto	l5458
 11190   003E92  0A02               	xorlw	2	; case 71
 11191   003E94  B4D8               	btfsc	status,2,c
 11192   003E96  EF12  F01F         	goto	l5466
 11193   003E9A  0A08               	xorlw	8	; case 79
 11194   003E9C  B4D8               	btfsc	status,2,c
 11195   003E9E  EFFA  F01E         	goto	l5460
 11196   003EA2  0A1C               	xorlw	28	; case 83
 11197   003EA4  B4D8               	btfsc	status,2,c
 11198   003EA6  EF1A  F01F         	goto	l5468
 11199   003EAA  0A05               	xorlw	5	; case 86
 11200   003EAC  B4D8               	btfsc	status,2,c
 11201   003EAE  EF2A  F01F         	goto	l5472
 11202   003EB2  0A0E               	xorlw	14	; case 88
 11203   003EB4  B4D8               	btfsc	status,2,c
 11204   003EB6  EF0A  F01F         	goto	l5464
 11205   003EBA  EF5F  F01F         	goto	l769
 11206   003EBE                     l769:
 11207                           
 11208                           ;Display.c: 235:     LATCbits.LATC4 = 1;
 11209   003EBE  888B               	bsf	139,4,c	;volatile
 11210                           
 11211                           ;Display.c: 237:     LATCbits.LATC4 = 0;
 11212   003EC0  988B               	bcf	139,4,c	;volatile
 11213   003EC2                     
 11214                           ;Display.c: 239:     STLED316s_SPI_SendData(0x0D);
 11215   003EC2  0E0D               	movlw	13
 11216   003EC4  ECF1  F021         	call	_STLED316s_SPI_SendData
 11217   003EC8                     
 11218                           ;Display.c: 241:     LATCbits.LATC4 = 1;
 11219   003EC8  888B               	bsf	139,4,c	;volatile
 11220   003ECA  0012               	return		;funcret
 11221   003ECC                     __end_of_WriteSTLED316SMode:
 11222                           	callstack 0
 11223                           
 11224 ;; *************** function _WriteSTLED316SErr *****************
 11225 ;; Defined at:
 11226 ;;		line 291 in file "Display.c"
 11227 ;; Parameters:    Size  Location     Type
 11228 ;;  msg             1    wreg     unsigned char 
 11229 ;; Auto vars:     Size  Location     Type
 11230 ;;  msg             1   16[COMRAM] unsigned char 
 11231 ;; Return value:  Size  Location     Type
 11232 ;;                  1    wreg      void 
 11233 ;; Registers used:
 11234 ;;		wreg, status,2, status,0, cstack
 11235 ;; Tracked objects:
 11236 ;;		On entry : 0/0
 11237 ;;		On exit  : 0/0
 11238 ;;		Unchanged: 0/0
 11239 ;; Data sizes:     COMRAM   BANK0   BANK1   BANK2   BANK3   BANK4   BANK5   BANK6   BANK7   BANK8   BANK9  BANK10  BANK1
      +1  BANK12  BANK13  BANK14  BANK15
 11240 ;;      Params:         0       0       0       0       0       0       0       0       0       0       0       0       
      +0       0       0       0       0
 11241 ;;      Locals:         1       0       0       0       0       0       0       0       0       0       0       0       
      +0       0       0       0       0
 11242 ;;      Temps:          2       0       0       0       0       0       0       0       0       0       0       0       
      +0       0       0       0       0
 11243 ;;      Totals:         3       0       0       0       0       0       0       0       0       0       0       0       
      +0       0       0       0       0
 11244 ;;Total ram usage:        3 bytes
 11245 ;; Hardware stack levels used: 1
 11246 ;; Hardware stack levels required when called: 3
 11247 ;; This function calls:
 11248 ;;		_STLED316s_SPI_SendData
 11249 ;; This function is called by:
 11250 ;;		_MotorPosition_Init
 11251 ;;		_Homing_Again_Manual
 11252 ;;		_Homing_Again_Auto
 11253 ;; This function uses a non-reentrant model
 11254 ;;
 11255                           
 11256                           	psect	text35
 11257   003ECC                     __ptext35:
 11258                           	callstack 0
 11259   003ECC                     _WriteSTLED316SErr:
 11260                           	callstack 26
 11261                           
 11262                           ;incstack = 0
 11263                           ;WriteSTLED316SErr@msg stored from wreg
 11264   003ECC  6E42               	movwf	WriteSTLED316SErr@msg^0,c
 11265   003ECE                     
 11266                           ;Display.c: 292:     LATCbits.LATC4 = 0;
 11267   003ECE  988B               	bcf	139,4,c	;volatile
 11268   003ED0                     
 11269                           ;Display.c: 294:     STLED316s_SPI_SendData(0x00);
 11270   003ED0  0E00               	movlw	0
 11271   003ED2  ECF1  F021         	call	_STLED316s_SPI_SendData
 11272   003ED6                     
 11273                           ;Display.c: 297:     LATCbits.LATC4 = 1;
 11274   003ED6  888B               	bsf	139,4,c	;volatile
 11275   003ED8                     
 11276                           ;Display.c: 299:     LATCbits.LATC4 = 0;
 11277   003ED8  988B               	bcf	139,4,c	;volatile
 11278                           
 11279                           ;Display.c: 301:     STLED316s_SPI_SendData(0x00);
 11280   003EDA  0E00               	movlw	0
 11281   003EDC  ECF1  F021         	call	_STLED316s_SPI_SendData
 11282                           
 11283                           ;Display.c: 303:     switch (msg) {
 11284   003EE0  EFAA  F01F         	goto	l5406
 11285   003EE4                     l5390:
 11286                           
 11287                           ;Display.c: 305:             STLED316s_SPI_SendData(0x79);
 11288   003EE4  0E79               	movlw	121
 11289   003EE6  ECF1  F021         	call	_STLED316s_SPI_SendData
 11290                           
 11291                           ;Display.c: 306:             STLED316s_SPI_SendData(0x77);
 11292   003EEA  0E77               	movlw	119
 11293   003EEC  ECF1  F021         	call	_STLED316s_SPI_SendData
 11294                           
 11295                           ;Display.c: 307:             break;
 11296   003EF0  EFD3  F01F         	goto	l795
 11297   003EF4                     l5392:
 11298                           
 11299                           ;Display.c: 309:             STLED316s_SPI_SendData(0x79);
 11300   003EF4  0E79               	movlw	121
 11301   003EF6  ECF1  F021         	call	_STLED316s_SPI_SendData
 11302                           
 11303                           ;Display.c: 310:             STLED316s_SPI_SendData(0x3F);
 11304   003EFA  0E3F               	movlw	63
 11305   003EFC  ECF1  F021         	call	_STLED316s_SPI_SendData
 11306                           
 11307                           ;Display.c: 311:             break;
 11308   003F00  EFD3  F01F         	goto	l795
 11309   003F04                     l5394:
 11310                           
 11311                           ;Display.c: 313:             STLED316s_SPI_SendData(0x79);
 11312   003F04  0E79               	movlw	121
 11313   003F06  ECF1  F021         	call	_STLED316s_SPI_SendData
 11314                           
 11315                           ;Display.c: 314:             STLED316s_SPI_SendData(0x06);
 11316   003F0A  0E06               	movlw	6
 11317   003F0C  ECF1  F021         	call	_STLED316s_SPI_SendData
 11318                           
 11319                           ;Display.c: 315:             break;
 11320   003F10  EFD3  F01F         	goto	l795
 11321   003F14                     l5396:
 11322                           
 11323                           ;Display.c: 317:             STLED316s_SPI_SendData(0x79);
 11324   003F14  0E79               	movlw	121
 11325   003F16  ECF1  F021         	call	_STLED316s_SPI_SendData
 11326                           
 11327                           ;Display.c: 318:             STLED316s_SPI_SendData(0x5B);
 11328   003F1A  0E5B               	movlw	91
 11329   003F1C  ECF1  F021         	call	_STLED316s_SPI_SendData
 11330                           
 11331                           ;Display.c: 319:             break;
 11332   003F20  EFD3  F01F         	goto	l795
 11333   003F24                     l5398:
 11334                           
 11335                           ;Display.c: 321:             STLED316s_SPI_SendData(0x00);
 11336   003F24  0E00               	movlw	0
 11337   003F26  ECF1  F021         	call	_STLED316s_SPI_SendData
 11338                           
 11339                           ;Display.c: 322:             STLED316s_SPI_SendData(0x3F);
 11340   003F2A  0E3F               	movlw	63
 11341   003F2C  ECF1  F021         	call	_STLED316s_SPI_SendData
 11342                           
 11343                           ;Display.c: 323:             break;
 11344   003F30  EFD3  F01F         	goto	l795
 11345   003F34                     l5400:
 11346                           
 11347                           ;Display.c: 325:             STLED316s_SPI_SendData(0x79);
 11348   003F34  0E79               	movlw	121
 11349   003F36  ECF1  F021         	call	_STLED316s_SPI_SendData
 11350                           
 11351                           ;Display.c: 326:             STLED316s_SPI_SendData(0x06);
 11352   003F3A  0E06               	movlw	6
 11353   003F3C  ECF1  F021         	call	_STLED316s_SPI_SendData
 11354                           
 11355                           ;Display.c: 327:             break;
 11356   003F40  EFD3  F01F         	goto	l795
 11357   003F44                     l5402:
 11358                           
 11359                           ;Display.c: 329:             STLED316s_SPI_SendData(0x77);
 11360   003F44  0E77               	movlw	119
 11361   003F46  ECF1  F021         	call	_STLED316s_SPI_SendData
 11362                           
 11363                           ;Display.c: 330:             STLED316s_SPI_SendData(0x3E);
 11364   003F4A  0E3E               	movlw	62
 11365   003F4C  ECF1  F021         	call	_STLED316s_SPI_SendData
 11366                           
 11367                           ;Display.c: 331:             break;
 11368   003F50  EFD3  F01F         	goto	l795
 11369   003F54                     l5406:
 11370   003F54  5042               	movf	WriteSTLED316SErr@msg^0,w,c
 11371   003F56  6E40               	movwf	??_WriteSTLED316SErr^0,c
 11372   003F58  6A41               	clrf	(??_WriteSTLED316SErr+1)^0,c
 11373                           
 11374                           ; Switch on 2 bytes has been partitioned into a top level switch of size 1, and 1 sub-sw
      +                          itches
 11375                           ; Switch size 1, requested type "simple"
 11376                           ; Number of cases is 1, Range of values is 0 to 0
 11377                           ; switch strategies available:
 11378                           ; Name         Instructions Cycles
 11379                           ; simple_byte            4     3 (average)
 11380                           ;	Chosen strategy is simple_byte
 11381   003F5A  5041               	movf	(??_WriteSTLED316SErr+1)^0,w,c
 11382   003F5C  0A00               	xorlw	0	; case 0
 11383   003F5E  B4D8               	btfsc	status,2,c
 11384   003F60  EFB4  F01F         	goto	l10630
 11385   003F64  EFD3  F01F         	goto	l795
 11386   003F68                     l10630:
 11387                           
 11388                           ; Switch size 1, requested type "simple"
 11389                           ; Number of cases is 7, Range of values is 48 to 83
 11390                           ; switch strategies available:
 11391                           ; Name         Instructions Cycles
 11392                           ; simple_byte           22    12 (average)
 11393                           ;	Chosen strategy is simple_byte
 11394   003F68  5040               	movf	??_WriteSTLED316SErr^0,w,c
 11395   003F6A  0A30               	xorlw	48	; case 48
 11396   003F6C  B4D8               	btfsc	status,2,c
 11397   003F6E  EF7A  F01F         	goto	l5392
 11398   003F72  0A01               	xorlw	1	; case 49
 11399   003F74  B4D8               	btfsc	status,2,c
 11400   003F76  EF82  F01F         	goto	l5394
 11401   003F7A  0A03               	xorlw	3	; case 50
 11402   003F7C  B4D8               	btfsc	status,2,c
 11403   003F7E  EF8A  F01F         	goto	l5396
 11404   003F82  0A73               	xorlw	115	; case 65
 11405   003F84  B4D8               	btfsc	status,2,c
 11406   003F86  EFA2  F01F         	goto	l5402
 11407   003F8A  0A04               	xorlw	4	; case 69
 11408   003F8C  B4D8               	btfsc	status,2,c
 11409   003F8E  EF72  F01F         	goto	l5390
 11410   003F92  0A02               	xorlw	2	; case 71
 11411   003F94  B4D8               	btfsc	status,2,c
 11412   003F96  EF92  F01F         	goto	l5398
 11413   003F9A  0A14               	xorlw	20	; case 83
 11414   003F9C  B4D8               	btfsc	status,2,c
 11415   003F9E  EF9A  F01F         	goto	l5400
 11416   003FA2  EFD3  F01F         	goto	l795
 11417   003FA6                     l795:
 11418                           
 11419                           ;Display.c: 336:     LATCbits.LATC4 = 1;
 11420   003FA6  888B               	bsf	139,4,c	;volatile
 11421                           
 11422                           ;Display.c: 338:     LATCbits.LATC4 = 0;
 11423   003FA8  988B               	bcf	139,4,c	;volatile
 11424   003FAA                     
 11425                           ;Display.c: 340:     STLED316s_SPI_SendData(0x0D);
 11426   003FAA  0E0D               	movlw	13
 11427   003FAC  ECF1  F021         	call	_STLED316s_SPI_SendData
 11428   003FB0                     
 11429                           ;Display.c: 342:     LATCbits.LATC4 = 1;
 11430   003FB0  888B               	bsf	139,4,c	;volatile
 11431   003FB2  0012               	return		;funcret
 11432   003FB4                     __end_of_WriteSTLED316SErr:
 11433                           	callstack 0
 11434                           
 11435 ;; *************** function _STLED316s_SPI_SendData *****************
 11436 ;; Defined at:
 11437 ;;		line 88 in file "Display.c"
 11438 ;; Parameters:    Size  Location     Type
 11439 ;;  Data            1    wreg     unsigned char 
 11440 ;; Auto vars:     Size  Location     Type
 11441 ;;  Data            1   10[COMRAM] unsigned char 
 11442 ;;  t               1   13[COMRAM] unsigned char 
 11443 ;;  i               1   12[COMRAM] unsigned char 
 11444 ;;  temp            1   11[COMRAM] unsigned char 
 11445 ;; Return value:  Size  Location     Type
 11446 ;;                  1    wreg      void 
 11447 ;; Registers used:
 11448 ;;		wreg, status,2, status,0
 11449 ;; Tracked objects:
 11450 ;;		On entry : 0/0
 11451 ;;		On exit  : 0/0
 11452 ;;		Unchanged: 0/0
 11453 ;; Data sizes:     COMRAM   BANK0   BANK1   BANK2   BANK3   BANK4   BANK5   BANK6   BANK7   BANK8   BANK9  BANK10  BANK1
      +1  BANK12  BANK13  BANK14  BANK15
 11454 ;;      Params:         0       0       0       0       0       0       0       0       0       0       0       0       
      +0       0       0       0       0
 11455 ;;      Locals:         4       0       0       0       0       0       0       0       0       0       0       0       
      +0       0       0       0       0
 11456 ;;      Temps:          2       0       0       0       0       0       0       0       0       0       0       0       
      +0       0       0       0       0
 11457 ;;      Totals:         6       0       0       0       0       0       0       0       0       0       0       0       
      +0       0       0       0       0
 11458 ;;Total ram usage:        6 bytes
 11459 ;; Hardware stack levels used: 1
 11460 ;; Hardware stack levels required when called: 2
 11461 ;; This function calls:
 11462 ;;		Nothing
 11463 ;; This function is called by:
 11464 ;;		_InitSTLED316
 11465 ;;		_WriteSTLED316SData
 11466 ;;		_WriteSTLED316SMode
 11467 ;;		_WriteSTLED316SVibMode
 11468 ;;		_WriteSTLED316SErr
 11469 ;; This function uses a non-reentrant model
 11470 ;;
 11471                           
 11472                           	psect	text36
 11473   0043E2                     __ptext36:
 11474                           	callstack 0
 11475   0043E2                     _STLED316s_SPI_SendData:
 11476                           	callstack 27
 11477                           
 11478                           ;incstack = 0
 11479                           ;STLED316s_SPI_SendData@Data stored from wreg
 11480   0043E2  6E3C               	movwf	STLED316s_SPI_SendData@Data^0,c
 11481   0043E4                     
 11482                           ;Display.c: 89:     char i, temp, t;;Display.c: 91:     for (i = 0; i < 8; i++) {
 11483   0043E4  0E00               	movlw	0
 11484   0043E6  6E3E               	movwf	STLED316s_SPI_SendData@i^0,c
 11485   0043E8                     l734:
 11486                           
 11487                           ;Display.c: 92:         LATCbits.LATC3 = 0;
 11488   0043E8  968B               	bcf	139,3,c	;volatile
 11489   0043EA                     
 11490                           ;Display.c: 93:         temp = Data & (0x1 << i);
 11491   0043EA  C03E  F03A         	movff	STLED316s_SPI_SendData@i,??_STLED316s_SPI_SendData
 11492   0043EE  0E01               	movlw	1
 11493   0043F0  6E3B               	movwf	(??_STLED316s_SPI_SendData+1)^0,c
 11494   0043F2  2A3A               	incf	??_STLED316s_SPI_SendData^0,f,c
 11495   0043F4  EFFE  F021         	goto	u3614
 11496   0043F8                     u3615:
 11497   0043F8  90D8               	bcf	status,0,c
 11498   0043FA  363B               	rlcf	(??_STLED316s_SPI_SendData+1)^0,f,c
 11499   0043FC                     u3614:
 11500   0043FC  2E3A               	decfsz	??_STLED316s_SPI_SendData^0,f,c
 11501   0043FE  EFFC  F021         	goto	u3615
 11502   004402  503B               	movf	(??_STLED316s_SPI_SendData+1)^0,w,c
 11503   004404  143C               	andwf	STLED316s_SPI_SendData@Data^0,w,c
 11504   004406  6E3D               	movwf	STLED316s_SPI_SendData@temp^0,c
 11505   004408                     
 11506                           ;Display.c: 94:         if (temp)
 11507   004408  503D               	movf	STLED316s_SPI_SendData@temp^0,w,c
 11508   00440A  B4D8               	btfsc	status,2,c
 11509   00440C  EF0A  F022         	goto	u3621
 11510   004410  EF0C  F022         	goto	u3620
 11511   004414                     u3621:
 11512   004414  EF0F  F022         	goto	l736
 11513   004418                     u3620:
 11514   004418                     
 11515                           ;Display.c: 95:             LATCbits.LATC5 = 1;
 11516   004418  8A8B               	bsf	139,5,c	;volatile
 11517   00441A  EF10  F022         	goto	l5098
 11518   00441E                     l736:
 11519                           
 11520                           ;Display.c: 97:             LATCbits.LATC5 = 0;
 11521   00441E  9A8B               	bcf	139,5,c	;volatile
 11522   004420                     l5098:
 11523                           
 11524                           ;Display.c: 98:         for (t = 0; t < 5; t++);
 11525   004420  0E00               	movlw	0
 11526   004422  6E3F               	movwf	STLED316s_SPI_SendData@t^0,c
 11527   004424                     l5104:
 11528   004424  2A3F               	incf	STLED316s_SPI_SendData@t^0,f,c
 11529   004426  0E04               	movlw	4
 11530   004428  643F               	cpfsgt	STLED316s_SPI_SendData@t^0,c
 11531   00442A  EF19  F022         	goto	u3631
 11532   00442E  EF1B  F022         	goto	u3630
 11533   004432                     u3631:
 11534   004432  EF12  F022         	goto	l5104
 11535   004436                     u3630:
 11536   004436                     
 11537                           ;Display.c: 99:         LATCbits.LATC3 = 1;
 11538   004436  868B               	bsf	139,3,c	;volatile
 11539   004438                     
 11540                           ;Display.c: 100:         for (t = 0; t < 5; t++);
 11541   004438  0E00               	movlw	0
 11542   00443A  6E3F               	movwf	STLED316s_SPI_SendData@t^0,c
 11543   00443C                     l5114:
 11544   00443C  2A3F               	incf	STLED316s_SPI_SendData@t^0,f,c
 11545   00443E  0E04               	movlw	4
 11546   004440  643F               	cpfsgt	STLED316s_SPI_SendData@t^0,c
 11547   004442  EF25  F022         	goto	u3641
 11548   004446  EF27  F022         	goto	u3640
 11549   00444A                     u3641:
 11550   00444A  EF1E  F022         	goto	l5114
 11551   00444E                     u3640:
 11552   00444E                     
 11553                           ;Display.c: 101:     }
 11554   00444E  2A3E               	incf	STLED316s_SPI_SendData@i^0,f,c
 11555   004450  0E07               	movlw	7
 11556   004452  643E               	cpfsgt	STLED316s_SPI_SendData@i^0,c
 11557   004454  EF2E  F022         	goto	u3651
 11558   004458  EF30  F022         	goto	u3650
 11559   00445C                     u3651:
 11560   00445C  EFF4  F021         	goto	l734
 11561   004460                     u3650:
 11562   004460  0012               	return		;funcret
 11563   004462                     __end_of_STLED316s_SPI_SendData:
 11564                           	callstack 0
 11565                           
 11566 ;; *************** function _Read_IR *****************
 11567 ;; Defined at:
 11568 ;;		line 1878 in file "main.c"
 11569 ;; Parameters:    Size  Location     Type
 11570 ;;		None
 11571 ;; Auto vars:     Size  Location     Type
 11572 ;;		None
 11573 ;; Return value:  Size  Location     Type
 11574 ;;                  2    8[COMRAM] unsigned int 
 11575 ;; Registers used:
 11576 ;;		wreg, status,2, status,0
 11577 ;; Tracked objects:
 11578 ;;		On entry : 0/0
 11579 ;;		On exit  : 0/0
 11580 ;;		Unchanged: 0/0
 11581 ;; Data sizes:     COMRAM   BANK0   BANK1   BANK2   BANK3   BANK4   BANK5   BANK6   BANK7   BANK8   BANK9  BANK10  BANK1
      +1  BANK12  BANK13  BANK14  BANK15
 11582 ;;      Params:         2       0       0       0       0       0       0       0       0       0       0       0       
      +0       0       0       0       0
 11583 ;;      Locals:         0       0       0       0       0       0       0       0       0       0       0       0       
      +0       0       0       0       0
 11584 ;;      Temps:          1       0       0       0       0       0       0       0       0       0       0       0       
      +0       0       0       0       0
 11585 ;;      Totals:         3       0       0       0       0       0       0       0       0       0       0       0       
      +0       0       0       0       0
 11586 ;;Total ram usage:        3 bytes
 11587 ;; Hardware stack levels used: 1
 11588 ;; Hardware stack levels required when called: 2
 11589 ;; This function calls:
 11590 ;;		Nothing
 11591 ;; This function is called by:
 11592 ;;		_main
 11593 ;;		_MotorPosition_Init
 11594 ;;		_Homing_Again_Manual
 11595 ;;		_Homing_Again_Auto
 11596 ;;		_handle_uart_communication
 11597 ;; This function uses a non-reentrant model
 11598 ;;
 11599                           
 11600                           	psect	text37
 11601   00459E                     __ptext37:
 11602                           	callstack 0
 11603   00459E                     _Read_IR:
 11604                           	callstack 28
 11605   00459E                     
 11606                           ;main.c: 1880:     if (PORTAbits.RA1 == 1)
 11607   00459E  A280               	btfss	128,1,c	;volatile
 11608   0045A0  EFD4  F022         	goto	u3871
 11609   0045A4  EFD6  F022         	goto	u3870
 11610   0045A8                     u3871:
 11611   0045A8  EFF3  F022         	goto	l5372
 11612   0045AC                     u3870:
 11613   0045AC                     
 11614                           ;main.c: 1881:     {;main.c: 1883:         if (productType == 0x00){
 11615   0045AC  5015               	movf	_productType^0,w,c
 11616   0045AE  1016               	iorwf	(_productType+1)^0,w,c
 11617   0045B0  A4D8               	btfss	status,2,c
 11618   0045B2  EFDD  F022         	goto	u3881
 11619   0045B6  EFDF  F022         	goto	u3880
 11620   0045BA                     u3881:
 11621   0045BA  EFED  F022         	goto	l5364
 11622   0045BE                     u3880:
 11623   0045BE                     
 11624                           ;main.c: 1884:             _delay((unsigned long)((5)*(8000000/4000.0)));
 11625   0045BE  0E0D               	movlw	13
 11626   0045C0  6E3C               	movwf	??_Read_IR^0,c
 11627   0045C2  0EFC               	movlw	252
 11628   0045C4                     u8747:
 11629   0045C4  2EE8               	decfsz	wreg,f,c
 11630   0045C6  D7FE               	bra	u8747
 11631   0045C8  2E3C               	decfsz	??_Read_IR^0,f,c
 11632   0045CA  D7FC               	bra	u8747
 11633   0045CC                     
 11634                           ;main.c: 1885:             if(PORTAbits.RA1 == 1){
 11635   0045CC  A280               	btfss	128,1,c	;volatile
 11636   0045CE  EFEB  F022         	goto	u3891
 11637   0045D2  EFED  F022         	goto	u3890
 11638   0045D6                     u3891:
 11639   0045D6  EFF7  F022         	goto	l572
 11640   0045DA                     u3890:
 11641   0045DA                     l5364:
 11642                           
 11643                           ;main.c: 1886:                 return 0;
 11644   0045DA  0E00               	movlw	0
 11645   0045DC  6E3B               	movwf	(?_Read_IR+1)^0,c
 11646   0045DE  0E00               	movlw	0
 11647   0045E0  6E3A               	movwf	?_Read_IR^0,c
 11648   0045E2  EFF7  F022         	goto	l572
 11649   0045E6                     l5372:
 11650                           
 11651                           ;main.c: 1892:     {;main.c: 1893:         return 1;
 11652   0045E6  0E00               	movlw	0
 11653   0045E8  6E3B               	movwf	(?_Read_IR+1)^0,c
 11654   0045EA  0E01               	movlw	1
 11655   0045EC  6E3A               	movwf	?_Read_IR^0,c
 11656   0045EE                     l572:
 11657   0045EE  0012               	return		;funcret
 11658   0045F0                     __end_of_Read_IR:
 11659                           	callstack 0
 11660                           
 11661 ;; *************** function _MotorON *****************
 11662 ;; Defined at:
 11663 ;;		line 40 in file "MotorDriver.c"
 11664 ;; Parameters:    Size  Location     Type
 11665 ;;		None
 11666 ;; Auto vars:     Size  Location     Type
 11667 ;;		None
 11668 ;; Return value:  Size  Location     Type
 11669 ;;                  1    wreg      void 
 11670 ;; Registers used:
 11671 ;;		wreg, status,2, cstack
 11672 ;; Tracked objects:
 11673 ;;		On entry : 0/0
 11674 ;;		On exit  : 0/0
 11675 ;;		Unchanged: 0/0
 11676 ;; Data sizes:     COMRAM   BANK0   BANK1   BANK2   BANK3   BANK4   BANK5   BANK6   BANK7   BANK8   BANK9  BANK10  BANK1
      +1  BANK12  BANK13  BANK14  BANK15
 11677 ;;      Params:         0       0       0       0       0       0       0       0       0       0       0       0       
      +0       0       0       0       0
 11678 ;;      Locals:         0       0       0       0       0       0       0       0       0       0       0       0       
      +0       0       0       0       0
 11679 ;;      Temps:          0       0       0       0       0       0       0       0       0       0       0       0       
      +0       0       0       0       0
 11680 ;;      Totals:         0       0       0       0       0       0       0       0       0       0       0       0       
      +0       0       0       0       0
 11681 ;;Total ram usage:        0 bytes
 11682 ;; Hardware stack levels used: 1
 11683 ;; Hardware stack levels required when called: 3
 11684 ;; This function calls:
 11685 ;;		_Set_RG3
 11686 ;; This function is called by:
 11687 ;;		_main
 11688 ;;		_MotorPosition_Init
 11689 ;;		_Homing_Again_Manual
 11690 ;;		_Homing_Again_Auto
 11691 ;;		_handle_uart_communication
 11692 ;; This function uses a non-reentrant model
 11693 ;;
 11694                           
 11695                           	psect	text38
 11696   004980                     __ptext38:
 11697                           	callstack 0
 11698   004980                     _MotorON:
 11699                           	callstack 26
 11700   004980                     
 11701                           ;MotorDriver.c: 41:     LATGbits.LATG3 = 1;
 11702   004980  868F               	bsf	143,3,c	;volatile
 11703                           
 11704                           ;MotorDriver.c: 42:     LATGbits.LATG4 = 1;
 11705   004982  888F               	bsf	143,4,c	;volatile
 11706   004984                     
 11707                           ;MotorDriver.c: 44:     Set_RG3();
 11708   004984  ECDB  F024         	call	_Set_RG3	;wreg free
 11709   004988  0012               	return		;funcret
 11710   00498A                     __end_of_MotorON:
 11711                           	callstack 0
 11712                           
 11713 ;; *************** function _Set_RG3 *****************
 11714 ;; Defined at:
 11715 ;;		line 28 in file "MotorDriver.c"
 11716 ;; Parameters:    Size  Location     Type
 11717 ;;		None
 11718 ;; Auto vars:     Size  Location     Type
 11719 ;;		None
 11720 ;; Return value:  Size  Location     Type
 11721 ;;                  1    wreg      void 
 11722 ;; Registers used:
 11723 ;;		wreg, status,2
 11724 ;; Tracked objects:
 11725 ;;		On entry : 0/0
 11726 ;;		On exit  : 0/0
 11727 ;;		Unchanged: 0/0
 11728 ;; Data sizes:     COMRAM   BANK0   BANK1   BANK2   BANK3   BANK4   BANK5   BANK6   BANK7   BANK8   BANK9  BANK10  BANK1
      +1  BANK12  BANK13  BANK14  BANK15
 11729 ;;      Params:         0       0       0       0       0       0       0       0       0       0       0       0       
      +0       0       0       0       0
 11730 ;;      Locals:         0       0       0       0       0       0       0       0       0       0       0       0       
      +0       0       0       0       0
 11731 ;;      Temps:          0       0       0       0       0       0       0       0       0       0       0       0       
      +0       0       0       0       0
 11732 ;;      Totals:         0       0       0       0       0       0       0       0       0       0       0       0       
      +0       0       0       0       0
 11733 ;;Total ram usage:        0 bytes
 11734 ;; Hardware stack levels used: 1
 11735 ;; Hardware stack levels required when called: 2
 11736 ;; This function calls:
 11737 ;;		Nothing
 11738 ;; This function is called by:
 11739 ;;		_MotorON
 11740 ;; This function uses a non-reentrant model
 11741 ;;
 11742                           
 11743                           	psect	text39
 11744   0049B6                     __ptext39:
 11745                           	callstack 0
 11746   0049B6                     _Set_RG3:
 11747                           	callstack 26
 11748   0049B6                     
 11749                           ;MotorDriver.c: 31:     CCP4CON = 0x08;
 11750   0049B6  0E08               	movlw	8
 11751   0049B8  6E73               	movwf	115,c	;volatile
 11752   0049BA                     
 11753                           ;MotorDriver.c: 32:     T4CONbits.TMR4ON = 1;
 11754   0049BA  8476               	bsf	118,2,c	;volatile
 11755   0049BC  0012               	return		;funcret
 11756   0049BE                     __end_of_Set_RG3:
 11757                           	callstack 0
 11758                           
 11759 ;; *************** function _MotorBREAK *****************
 11760 ;; Defined at:
 11761 ;;		line 47 in file "MotorDriver.c"
 11762 ;; Parameters:    Size  Location     Type
 11763 ;;		None
 11764 ;; Auto vars:     Size  Location     Type
 11765 ;;		None
 11766 ;; Return value:  Size  Location     Type
 11767 ;;                  1    wreg      void 
 11768 ;; Registers used:
 11769 ;;		wreg, status,2, cstack
 11770 ;; Tracked objects:
 11771 ;;		On entry : 0/0
 11772 ;;		On exit  : 0/0
 11773 ;;		Unchanged: 0/0
 11774 ;; Data sizes:     COMRAM   BANK0   BANK1   BANK2   BANK3   BANK4   BANK5   BANK6   BANK7   BANK8   BANK9  BANK10  BANK1
      +1  BANK12  BANK13  BANK14  BANK15
 11775 ;;      Params:         0       0       0       0       0       0       0       0       0       0       0       0       
      +0       0       0       0       0
 11776 ;;      Locals:         0       0       0       0       0       0       0       0       0       0       0       0       
      +0       0       0       0       0
 11777 ;;      Temps:          0       0       0       0       0       0       0       0       0       0       0       0       
      +0       0       0       0       0
 11778 ;;      Totals:         0       0       0       0       0       0       0       0       0       0       0       0       
      +0       0       0       0       0
 11779 ;;Total ram usage:        0 bytes
 11780 ;; Hardware stack levels used: 1
 11781 ;; Hardware stack levels required when called: 3
 11782 ;; This function calls:
 11783 ;;		_Clr_RG3
 11784 ;; This function is called by:
 11785 ;;		_main
 11786 ;;		_MotorPosition_Init
 11787 ;;		_Homing_Again_Manual
 11788 ;;		_Homing_Again_Auto
 11789 ;;		_handle_uart_communication
 11790 ;; This function uses a non-reentrant model
 11791 ;;
 11792                           
 11793                           	psect	text40
 11794   00498A                     __ptext40:
 11795                           	callstack 0
 11796   00498A                     _MotorBREAK:
 11797                           	callstack 26
 11798   00498A                     
 11799                           ;MotorDriver.c: 49:     Clr_RG3();
 11800   00498A  ECDF  F024         	call	_Clr_RG3	;wreg free
 11801   00498E                     
 11802                           ;MotorDriver.c: 51:     LATGbits.LATG3 = 1;
 11803   00498E  868F               	bsf	143,3,c	;volatile
 11804   004990                     
 11805                           ;MotorDriver.c: 52:     LATGbits.LATG4 = 1;
 11806   004990  888F               	bsf	143,4,c	;volatile
 11807   004992  0012               	return		;funcret
 11808   004994                     __end_of_MotorBREAK:
 11809                           	callstack 0
 11810                           
 11811 ;; *************** function _Clr_RG3 *****************
 11812 ;; Defined at:
 11813 ;;		line 35 in file "MotorDriver.c"
 11814 ;; Parameters:    Size  Location     Type
 11815 ;;		None
 11816 ;; Auto vars:     Size  Location     Type
 11817 ;;		None
 11818 ;; Return value:  Size  Location     Type
 11819 ;;                  1    wreg      void 
 11820 ;; Registers used:
 11821 ;;		wreg, status,2
 11822 ;; Tracked objects:
 11823 ;;		On entry : 0/0
 11824 ;;		On exit  : 0/0
 11825 ;;		Unchanged: 0/0
 11826 ;; Data sizes:     COMRAM   BANK0   BANK1   BANK2   BANK3   BANK4   BANK5   BANK6   BANK7   BANK8   BANK9  BANK10  BANK1
      +1  BANK12  BANK13  BANK14  BANK15
 11827 ;;      Params:         0       0       0       0       0       0       0       0       0       0       0       0       
      +0       0       0       0       0
 11828 ;;      Locals:         0       0       0       0       0       0       0       0       0       0       0       0       
      +0       0       0       0       0
 11829 ;;      Temps:          0       0       0       0       0       0       0       0       0       0       0       0       
      +0       0       0       0       0
 11830 ;;      Totals:         0       0       0       0       0       0       0       0       0       0       0       0       
      +0       0       0       0       0
 11831 ;;Total ram usage:        0 bytes
 11832 ;; Hardware stack levels used: 1
 11833 ;; Hardware stack levels required when called: 2
 11834 ;; This function calls:
 11835 ;;		Nothing
 11836 ;; This function is called by:
 11837 ;;		_MotorBREAK
 11838 ;; This function uses a non-reentrant model
 11839 ;;
 11840                           
 11841                           	psect	text41
 11842   0049BE                     __ptext41:
 11843                           	callstack 0
 11844   0049BE                     _Clr_RG3:
 11845                           	callstack 26
 11846   0049BE                     
 11847                           ;MotorDriver.c: 36:     CCP4CON = 0x00;
 11848   0049BE  0E00               	movlw	0
 11849   0049C0  6E73               	movwf	115,c	;volatile
 11850   0049C2                     
 11851                           ;MotorDriver.c: 37:     T4CONbits.TMR4ON = 0;
 11852   0049C2  9476               	bcf	118,2,c	;volatile
 11853   0049C4  0012               	return		;funcret
 11854   0049C6                     __end_of_Clr_RG3:
 11855                           	callstack 0
 11856                           
 11857 ;; *************** function _AD_capture_BattVoltage *****************
 11858 ;; Defined at:
 11859 ;;		line 2268 in file "main.c"
 11860 ;; Parameters:    Size  Location     Type
 11861 ;;		None
 11862 ;; Auto vars:     Size  Location     Type
 11863 ;;		None
 11864 ;; Return value:  Size  Location     Type
 11865 ;;                  1    wreg      void 
 11866 ;; Registers used:
 11867 ;;		wreg, status,2, status,0, cstack
 11868 ;; Tracked objects:
 11869 ;;		On entry : 0/0
 11870 ;;		On exit  : 0/0
 11871 ;;		Unchanged: 0/0
 11872 ;; Data sizes:     COMRAM   BANK0   BANK1   BANK2   BANK3   BANK4   BANK5   BANK6   BANK7   BANK8   BANK9  BANK10  BANK1
      +1  BANK12  BANK13  BANK14  BANK15
 11873 ;;      Params:         0       0       0       0       0       0       0       0       0       0       0       0       
      +0       0       0       0       0
 11874 ;;      Locals:         0       0       0       0       0       0       0       0       0       0       0       0       
      +0       0       0       0       0
 11875 ;;      Temps:          2       0       0       0       0       0       0       0       0       0       0       0       
      +0       0       0       0       0
 11876 ;;      Totals:         2       0       0       0       0       0       0       0       0       0       0       0       
      +0       0       0       0       0
 11877 ;;Total ram usage:        2 bytes
 11878 ;; Hardware stack levels used: 1
 11879 ;; Hardware stack levels required when called: 3
 11880 ;; This function calls:
 11881 ;;		_delay_1ms
 11882 ;; This function is called by:
 11883 ;;		_main
 11884 ;;		_Homing_Again_Manual
 11885 ;;		_Homing_Again_Auto
 11886 ;; This function uses a non-reentrant model
 11887 ;;
 11888                           
 11889                           	psect	text42
 11890   004684                     __ptext42:
 11891                           	callstack 0
 11892   004684                     _AD_capture_BattVoltage:
 11893                           	callstack 26
 11894   004684                     
 11895                           ;main.c: 2270:     ADCON0bits.CHS0 = 0;
 11896   004684  94C2               	bcf	194,2,c	;volatile
 11897                           
 11898                           ;main.c: 2271:     ADCON0bits.CHS1 = 0;
 11899   004686  96C2               	bcf	194,3,c	;volatile
 11900                           
 11901                           ;main.c: 2272:     ADCON0bits.CHS2 = 0;
 11902   004688  98C2               	bcf	194,4,c	;volatile
 11903                           
 11904                           ;main.c: 2273:     ADCON0bits.CHS3 = 0;
 11905   00468A  9AC2               	bcf	194,5,c	;volatile
 11906                           
 11907                           ;main.c: 2275:     ADCON0bits.ADON = 1;
 11908   00468C  80C2               	bsf	194,0,c	;volatile
 11909   00468E                     
 11910                           ;main.c: 2276:     delay_1ms(5);
 11911   00468E  0E00               	movlw	0
 11912   004690  6E3B               	movwf	(delay_1ms@time+1)^0,c
 11913   004692  0E05               	movlw	5
 11914   004694  6E3A               	movwf	delay_1ms@time^0,c
 11915   004696  EC1F  F024         	call	_delay_1ms	;wreg free
 11916   00469A                     
 11917                           ;main.c: 2277:     ADCON0bits.GO = 1;
 11918   00469A  82C2               	bsf	194,1,c	;volatile
 11919   00469C                     l676:
 11920                           
 11921                           ;main.c: 2279:     while (ADCON0bits.GO == 1) {
 11922   00469C  B2C2               	btfsc	194,1,c	;volatile
 11923   00469E  EF53  F023         	goto	u3861
 11924   0046A2  EF55  F023         	goto	u3860
 11925   0046A6                     u3861:
 11926   0046A6  EF4E  F023         	goto	l676
 11927   0046AA                     u3860:
 11928   0046AA                     
 11929                           ;main.c: 2283:     VOLTAGE = (ADRESH * 256) | (ADRESL);
 11930   0046AA  50C3               	movf	195,w,c	;volatile
 11931   0046AC  CFC4 F03D          	movff	4036,??_AD_capture_BattVoltage	;volatile
 11932   0046B0  6A3E               	clrf	(??_AD_capture_BattVoltage+1)^0,c
 11933   0046B2  C03D  F03E         	movff	??_AD_capture_BattVoltage,??_AD_capture_BattVoltage+1
 11934   0046B6  6A3D               	clrf	??_AD_capture_BattVoltage^0,c
 11935   0046B8  103D               	iorwf	??_AD_capture_BattVoltage^0,w,c
 11936   0046BA  0100               	movlb	0	; () banked
 11937   0046BC  6F93               	movwf	_VOLTAGE& (0+255),b
 11938   0046BE  503E               	movf	(??_AD_capture_BattVoltage+1)^0,w,c
 11939   0046C0  6F94               	movwf	(_VOLTAGE+1)& (0+255),b
 11940   0046C2                     
 11941                           ; BSR set to: 0
 11942   0046C2  0012               	return		;funcret
 11943   0046C4                     __end_of_AD_capture_BattVoltage:
 11944                           	callstack 0
 11945                           
 11946 ;; *************** function _delay_1ms *****************
 11947 ;; Defined at:
 11948 ;;		line 1868 in file "main.c"
 11949 ;; Parameters:    Size  Location     Type
 11950 ;;  time            2    8[COMRAM] unsigned int 
 11951 ;; Auto vars:     Size  Location     Type
 11952 ;;		None
 11953 ;; Return value:  Size  Location     Type
 11954 ;;                  1    wreg      void 
 11955 ;; Registers used:
 11956 ;;		wreg, status,2, status,0
 11957 ;; Tracked objects:
 11958 ;;		On entry : 0/0
 11959 ;;		On exit  : 0/0
 11960 ;;		Unchanged: 0/0
 11961 ;; Data sizes:     COMRAM   BANK0   BANK1   BANK2   BANK3   BANK4   BANK5   BANK6   BANK7   BANK8   BANK9  BANK10  BANK1
      +1  BANK12  BANK13  BANK14  BANK15
 11962 ;;      Params:         2       0       0       0       0       0       0       0       0       0       0       0       
      +0       0       0       0       0
 11963 ;;      Locals:         0       0       0       0       0       0       0       0       0       0       0       0       
      +0       0       0       0       0
 11964 ;;      Temps:          1       0       0       0       0       0       0       0       0       0       0       0       
      +0       0       0       0       0
 11965 ;;      Totals:         3       0       0       0       0       0       0       0       0       0       0       0       
      +0       0       0       0       0
 11966 ;;Total ram usage:        3 bytes
 11967 ;; Hardware stack levels used: 1
 11968 ;; Hardware stack levels required when called: 2
 11969 ;; This function calls:
 11970 ;;		Nothing
 11971 ;; This function is called by:
 11972 ;;		_MotorPosition_Init
 11973 ;;		_Homing_Again_Manual
 11974 ;;		_Homing_Again_Auto
 11975 ;;		_AD_capture_BattVoltage
 11976 ;; This function uses a non-reentrant model
 11977 ;;
 11978                           
 11979                           	psect	text43
 11980   00483E                     __ptext43:
 11981                           	callstack 0
 11982   00483E                     _delay_1ms:
 11983                           	callstack 27
 11984   00483E                     
 11985                           ;main.c: 1869:     while (time > 0) {
 11986   00483E  EF2B  F024         	goto	l563
 11987   004842                     l5082:
 11988                           
 11989                           ;main.c: 1870:         _delay((unsigned long)((1)*(8000000/4000.0)));
 11990   004842  0E03               	movlw	3
 11991   004844  6E3C               	movwf	??_delay_1ms^0,c
 11992   004846  0E98               	movlw	152
 11993   004848                     u8757:
 11994   004848  2EE8               	decfsz	wreg,f,c
 11995   00484A  D7FE               	bra	u8757
 11996   00484C  2E3C               	decfsz	??_delay_1ms^0,f,c
 11997   00484E  D7FC               	bra	u8757
 11998   004850                     
 11999                           ;main.c: 1871:         time--;
 12000   004850  063A               	decf	delay_1ms@time^0,f,c
 12001   004852  A0D8               	btfss	status,0,c
 12002   004854  063B               	decf	(delay_1ms@time+1)^0,f,c
 12003   004856                     l563:
 12004                           
 12005                           ;main.c: 1869:     while (time > 0) {
 12006   004856  503A               	movf	delay_1ms@time^0,w,c
 12007   004858  103B               	iorwf	(delay_1ms@time+1)^0,w,c
 12008   00485A  A4D8               	btfss	status,2,c
 12009   00485C  EF32  F024         	goto	u3601
 12010   004860  EF34  F024         	goto	u3600
 12011   004864                     u3601:
 12012   004864  EF21  F024         	goto	l5082
 12013   004868                     u3600:
 12014   004868  0012               	return		;funcret
 12015   00486A                     __end_of_delay_1ms:
 12016                           	callstack 0
 12017                           
 12018 ;; *************** function _high_isr *****************
 12019 ;; Defined at:
 12020 ;;		line 1684 in file "main.c"
 12021 ;; Parameters:    Size  Location     Type
 12022 ;;		None
 12023 ;; Auto vars:     Size  Location     Type
 12024 ;;  i               1    7[COMRAM] unsigned char 
 12025 ;;  c               1    6[COMRAM] unsigned char 
 12026 ;;  Temp            1    5[COMRAM] unsigned char 
 12027 ;; Return value:  Size  Location     Type
 12028 ;;                  1    wreg      void 
 12029 ;; Registers used:
 12030 ;;		wreg, fsr2l, fsr2h, status,2, status,0, cstack
 12031 ;; Tracked objects:
 12032 ;;		On entry : 0/0
 12033 ;;		On exit  : 0/0
 12034 ;;		Unchanged: 0/0
 12035 ;; Data sizes:     COMRAM   BANK0   BANK1   BANK2   BANK3   BANK4   BANK5   BANK6   BANK7   BANK8   BANK9  BANK10  BANK1
      +1  BANK12  BANK13  BANK14  BANK15
 12036 ;;      Params:         0       0       0       0       0       0       0       0       0       0       0       0       
      +0       0       0       0       0
 12037 ;;      Locals:         3       0       0       0       0       0       0       0       0       0       0       0       
      +0       0       0       0       0
 12038 ;;      Temps:          4       0       0       0       0       0       0       0       0       0       0       0       
      +0       0       0       0       0
 12039 ;;      Totals:         7       0       0       0       0       0       0       0       0       0       0       0       
      +0       0       0       0       0
 12040 ;;Total ram usage:        7 bytes
 12041 ;; Hardware stack levels used: 1
 12042 ;; Hardware stack levels required when called: 1
 12043 ;; This function calls:
 12044 ;;		_Low_Power_Indicator
 12045 ;;		_Read1USART
 12046 ;;		_Read2USART
 12047 ;;		i2_Write1USART
 12048 ;;		i2_Write2USART
 12049 ;; This function is called by:
 12050 ;;		Interrupt level 2
 12051 ;; This function uses a non-reentrant model
 12052 ;;
 12053                           
 12054                           	psect	intcode
 12055   000008                     __pintcode:
 12056                           	callstack 0
 12057   000008                     _high_isr:
 12058                           	callstack 25
 12059                           
 12060                           ;incstack = 0
 12061   000008  8257               	bsf	int$flags,1,c	;set compiler interrupt flag (level 2)
 12062   00000A  CFD9 F035          	movff	fsr2l,??_high_isr+2
 12063   00000E  CFDA F036          	movff	fsr2h,??_high_isr+3
 12064   000012                     
 12065                           ;main.c: 1685:     unsigned char c, i;;main.c: 1686:     unsigned char Temp;;main.c: 168
      +                          8:     if ((PIR1bits.RC1IF))
 12066   000012  AA9E               	btfss	158,5,c	;volatile
 12067   000014  EF0E  F000         	goto	i2u610_41
 12068   000018  EF10  F000         	goto	i2u610_40
 12069   00001C                     i2u610_41:
 12070   00001C  EFDD  F000         	goto	i2l503
 12071   000020                     i2u610_40:
 12072   000020                     
 12073                           ;main.c: 1689:     {;main.c: 1691:         c = Read1USART();
 12074   000020  EC48  F024         	call	_Read1USART	;wreg free
 12075   000024  6E38               	movwf	high_isr@c^0,c
 12076   000026                     
 12077                           ;main.c: 1693:         if ((c == 0xA5) && ((Serial_Flag == 0) || (Busy == 1))) {
 12078   000026  0EA5               	movlw	165
 12079   000028  1838               	xorwf	high_isr@c^0,w,c
 12080   00002A  A4D8               	btfss	status,2,c
 12081   00002C  EF1A  F000         	goto	i2u611_41
 12082   000030  EF1C  F000         	goto	i2u611_40
 12083   000034                     i2u611_41:
 12084   000034  EF3E  F000         	goto	i2l7580
 12085   000038                     i2u611_40:
 12086   000038  5030               	movf	_Serial_Flag^0,w,c
 12087   00003A  B4D8               	btfsc	status,2,c
 12088   00003C  EF22  F000         	goto	i2u612_41
 12089   000040  EF24  F000         	goto	i2u612_40
 12090   000044                     i2u612_41:
 12091   000044  EF2C  F000         	goto	i2l7574
 12092   000048                     i2u612_40:
 12093   000048  042D               	decf	_Busy^0,w,c
 12094   00004A  A4D8               	btfss	status,2,c
 12095   00004C  EF2A  F000         	goto	i2u613_41
 12096   000050  EF2C  F000         	goto	i2u613_40
 12097   000054                     i2u613_41:
 12098   000054  EF3E  F000         	goto	i2l7580
 12099   000058                     i2u613_40:
 12100   000058                     i2l7574:
 12101                           
 12102                           ;main.c: 1694:             Serial_GData = 1;
 12103   000058  0E01               	movlw	1
 12104   00005A  6E2F               	movwf	_Serial_GData^0,c
 12105                           
 12106                           ;main.c: 1695:             Serial_Count = 0;
 12107   00005C  0E00               	movlw	0
 12108   00005E  6E26               	movwf	(_Serial_Count+1)^0,c
 12109   000060  0E00               	movlw	0
 12110   000062  6E25               	movwf	_Serial_Count^0,c
 12111   000064                     
 12112                           ;main.c: 1696:             Serial_Buffer[Serial_Count] = c;
 12113   000064  0E70               	movlw	low _Serial_Buffer
 12114   000066  2425               	addwf	_Serial_Count^0,w,c
 12115   000068  6ED9               	movwf	fsr2l,c
 12116   00006A  0E00               	movlw	high _Serial_Buffer
 12117   00006C  2026               	addwfc	(_Serial_Count+1)^0,w,c
 12118   00006E  6EDA               	movwf	fsr2h,c
 12119   000070  C038  FFDF         	movff	high_isr@c,indf2
 12120   000074                     i2l7578:
 12121                           
 12122                           ;main.c: 1697:             Serial_Count++;
 12123   000074  4A25               	infsnz	_Serial_Count^0,f,c
 12124   000076  2A26               	incf	(_Serial_Count+1)^0,f,c
 12125                           
 12126                           ;main.c: 1698:         } else if (Serial_GData == 1) {
 12127   000078  EFA5  F001         	goto	i2l7720
 12128   00007C                     i2l7580:
 12129   00007C  042F               	decf	_Serial_GData^0,w,c
 12130   00007E  A4D8               	btfss	status,2,c
 12131   000080  EF44  F000         	goto	i2u614_41
 12132   000084  EF46  F000         	goto	i2u614_40
 12133   000088                     i2u614_41:
 12134   000088  EFA5  F001         	goto	i2l7720
 12135   00008C                     i2u614_40:
 12136   00008C                     
 12137                           ;main.c: 1699:             Serial_Buffer[Serial_Count] = c;
 12138   00008C  0E70               	movlw	low _Serial_Buffer
 12139   00008E  2425               	addwf	_Serial_Count^0,w,c
 12140   000090  6ED9               	movwf	fsr2l,c
 12141   000092  0E00               	movlw	high _Serial_Buffer
 12142   000094  2026               	addwfc	(_Serial_Count+1)^0,w,c
 12143   000096  6EDA               	movwf	fsr2h,c
 12144   000098  C038  FFDF         	movff	high_isr@c,indf2
 12145   00009C                     
 12146                           ;main.c: 1701:             if (Serial_Count < 5) {
 12147   00009C  5026               	movf	(_Serial_Count+1)^0,w,c
 12148   00009E  E107               	bnz	i2u615_41
 12149   0000A0  0E05               	movlw	5
 12150   0000A2  5C25               	subwf	_Serial_Count^0,w,c
 12151   0000A4  B0D8               	btfsc	status,0,c
 12152   0000A6  EF57  F000         	goto	i2u615_41
 12153   0000AA  EF59  F000         	goto	i2u615_40
 12154   0000AE                     i2u615_41:
 12155   0000AE  EFD9  F000         	goto	i2l7638
 12156   0000B2                     i2u615_40:
 12157   0000B2                     
 12158                           ;main.c: 1702:                 if (c == 0x5A) {
 12159   0000B2  0E5A               	movlw	90
 12160   0000B4  1838               	xorwf	high_isr@c^0,w,c
 12161   0000B6  A4D8               	btfss	status,2,c
 12162   0000B8  EF60  F000         	goto	i2u616_41
 12163   0000BC  EF62  F000         	goto	i2u616_40
 12164   0000C0                     i2u616_41:
 12165   0000C0  EF3A  F000         	goto	i2l7578
 12166   0000C4                     i2u616_40:
 12167   0000C4                     
 12168                           ;main.c: 1703:                     Temp = Serial_Buffer[1] + Serial_Buffer[2];
 12169   0000C4  0100               	movlb	0	; () banked
 12170   0000C6  5171               	movf	(_Serial_Buffer+1)& (0+255),w,b
 12171   0000C8  2572               	addwf	(_Serial_Buffer+2)& (0+255),w,b
 12172   0000CA  6E37               	movwf	high_isr@Temp^0,c
 12173                           
 12174                           ;main.c: 1705:                     if (Temp == Serial_Buffer[3]) {
 12175   0000CC  5037               	movf	high_isr@Temp^0,w,c
 12176   0000CE  1973               	xorwf	(_Serial_Buffer+3)& (0+255),w,b
 12177   0000D0  A4D8               	btfss	status,2,c
 12178   0000D2  EF6D  F000         	goto	i2u617_41
 12179   0000D6  EF6F  F000         	goto	i2u617_40
 12180   0000DA                     i2u617_41:
 12181   0000DA  EFAE  F000         	goto	i2l7620
 12182   0000DE                     i2u617_40:
 12183   0000DE                     
 12184                           ; BSR set to: 0
 12185                           ;main.c: 1706:                         if (Busy == 0 || Serial_Buffer[2] == 0xF5) {
 12186   0000DE  502D               	movf	_Busy^0,w,c
 12187   0000E0  B4D8               	btfsc	status,2,c
 12188   0000E2  EF75  F000         	goto	i2u618_41
 12189   0000E6  EF77  F000         	goto	i2u618_40
 12190   0000EA                     i2u618_41:
 12191   0000EA  EF80  F000         	goto	i2l7594
 12192   0000EE                     i2u618_40:
 12193   0000EE                     
 12194                           ; BSR set to: 0
 12195   0000EE  0EF5               	movlw	245
 12196   0000F0  1972               	xorwf	(_Serial_Buffer+2)& (0+255),w,b
 12197   0000F2  A4D8               	btfss	status,2,c
 12198   0000F4  EF7E  F000         	goto	i2u619_41
 12199   0000F8  EF80  F000         	goto	i2u619_40
 12200   0000FC                     i2u619_41:
 12201   0000FC  EF96  F000         	goto	i2l7606
 12202   000100                     i2u619_40:
 12203   000100                     i2l7594:
 12204                           
 12205                           ; BSR set to: 0
 12206                           ;main.c: 1708:                             for (i = 0; i < 5; i++) {
 12207   000100  0E00               	movlw	0
 12208   000102  6E39               	movwf	high_isr@i^0,c
 12209   000104                     i2l7600:
 12210                           
 12211                           ;main.c: 1709:                                 Write1USART(Serial_Buffer[i]);
 12212   000104  0E70               	movlw	low _Serial_Buffer
 12213   000106  2439               	addwf	high_isr@i^0,w,c
 12214   000108  6ED9               	movwf	fsr2l,c
 12215   00010A  6ADA               	clrf	fsr2h,c
 12216   00010C  0E00               	movlw	high _Serial_Buffer
 12217   00010E  22DA               	addwfc	fsr2h,f,c
 12218   000110  50DF               	movf	indf2,w,c
 12219   000112  EC93  F024         	call	i2_Write1USART
 12220   000116                     
 12221                           ;main.c: 1710:                             }
 12222   000116  2A39               	incf	high_isr@i^0,f,c
 12223   000118  0E04               	movlw	4
 12224   00011A  6439               	cpfsgt	high_isr@i^0,c
 12225   00011C  EF92  F000         	goto	i2u620_41
 12226   000120  EF94  F000         	goto	i2u620_40
 12227   000124                     i2u620_41:
 12228   000124  EF82  F000         	goto	i2l7600
 12229   000128                     i2u620_40:
 12230   000128  EFA4  F000         	goto	i2l7618
 12231   00012C                     i2l7606:
 12232                           
 12233                           ; BSR set to: 0
 12234                           ;main.c: 1714:                             for (i = 0; i < 5; i++) {
 12235   00012C  0E00               	movlw	0
 12236   00012E  6E39               	movwf	high_isr@i^0,c
 12237   000130                     i2l7612:
 12238                           
 12239                           ;main.c: 1715:                                 Write1USART(0x16);
 12240   000130  0E16               	movlw	22
 12241   000132  EC93  F024         	call	i2_Write1USART
 12242   000136                     
 12243                           ;main.c: 1716:                             }
 12244   000136  2A39               	incf	high_isr@i^0,f,c
 12245   000138  0E04               	movlw	4
 12246   00013A  6439               	cpfsgt	high_isr@i^0,c
 12247   00013C  EFA2  F000         	goto	i2u621_41
 12248   000140  EFA4  F000         	goto	i2u621_40
 12249   000144                     i2u621_41:
 12250   000144  EF98  F000         	goto	i2l7612
 12251   000148                     i2u621_40:
 12252   000148                     i2l7618:
 12253                           
 12254                           ;main.c: 1720:                         Serial_Flag = 1;
 12255   000148  0E01               	movlw	1
 12256   00014A  6E30               	movwf	_Serial_Flag^0,c
 12257                           
 12258                           ;main.c: 1721:                         Serial_Count = 0;
 12259   00014C  0E00               	movlw	0
 12260   00014E  6E26               	movwf	(_Serial_Count+1)^0,c
 12261   000150  0E00               	movlw	0
 12262   000152  6E25               	movwf	_Serial_Count^0,c
 12263                           
 12264                           ;main.c: 1722:                         OpMode = AUTO_MODE;
 12265   000154  0E02               	movlw	2
 12266   000156  6E2B               	movwf	_OpMode^0,c	;volatile
 12267                           
 12268                           ;main.c: 1724:                     } else {
 12269   000158  EFC2  F000         	goto	i2l7632
 12270   00015C                     i2l7620:
 12271                           
 12272                           ; BSR set to: 0
 12273                           ;main.c: 1725:                         Serial_Flag = 0;
 12274   00015C  0E00               	movlw	0
 12275   00015E  6E30               	movwf	_Serial_Flag^0,c
 12276                           
 12277                           ;main.c: 1726:                         Serial_Count = 0;
 12278   000160  0E00               	movlw	0
 12279   000162  6E26               	movwf	(_Serial_Count+1)^0,c
 12280   000164  0E00               	movlw	0
 12281   000166  6E25               	movwf	_Serial_Count^0,c
 12282                           
 12283                           ;main.c: 1729:                         for (i = 0; i < 5; i++) {
 12284   000168  0E00               	movlw	0
 12285   00016A  6E39               	movwf	high_isr@i^0,c
 12286   00016C                     i2l7626:
 12287                           
 12288                           ;main.c: 1730:                             Write1USART(0x15);
 12289   00016C  0E15               	movlw	21
 12290   00016E  EC93  F024         	call	i2_Write1USART
 12291   000172                     
 12292                           ;main.c: 1731:                         }
 12293   000172  2A39               	incf	high_isr@i^0,f,c
 12294   000174  0E04               	movlw	4
 12295   000176  6439               	cpfsgt	high_isr@i^0,c
 12296   000178  EFC0  F000         	goto	i2u622_41
 12297   00017C  EFC2  F000         	goto	i2u622_40
 12298   000180                     i2u622_41:
 12299   000180  EFB6  F000         	goto	i2l7626
 12300   000184                     i2u622_40:
 12301   000184                     i2l7632:
 12302                           
 12303                           ;main.c: 1735:                     if (Serial_Buffer[2] == 0xF5 && OpMode == AUTO_MODE) 
      +                          {
 12304   000184  0EF5               	movlw	245
 12305   000186  0100               	movlb	0	; () banked
 12306   000188  1972               	xorwf	(_Serial_Buffer+2)& (0+255),w,b
 12307   00018A  A4D8               	btfss	status,2,c
 12308   00018C  EFCA  F000         	goto	i2u623_41
 12309   000190  EFCC  F000         	goto	i2u623_40
 12310   000194                     i2u623_41:
 12311   000194  EF3A  F000         	goto	i2l7578
 12312   000198                     i2u623_40:
 12313   000198                     
 12314                           ; BSR set to: 0
 12315   000198  0E02               	movlw	2
 12316   00019A  182B               	xorwf	_OpMode^0,w,c	;volatile
 12317   00019C  A4D8               	btfss	status,2,c
 12318   00019E  EFD3  F000         	goto	i2u624_41
 12319   0001A2  EFD5  F000         	goto	i2u624_40
 12320   0001A6                     i2u624_41:
 12321   0001A6  EF3A  F000         	goto	i2l7578
 12322   0001AA                     i2u624_40:
 12323   0001AA                     i2l7636:
 12324                           
 12325                           ; BSR set to: 0
 12326                           ;main.c: 1736:                         Stop = 1;
 12327   0001AA  0E01               	movlw	1
 12328   0001AC  6E2E               	movwf	_Stop^0,c
 12329   0001AE  EF3A  F000         	goto	i2l7578
 12330   0001B2                     i2l7638:
 12331                           
 12332                           ;main.c: 1740:                 Serial_GData = 0;
 12333   0001B2  0E00               	movlw	0
 12334   0001B4  6E2F               	movwf	_Serial_GData^0,c
 12335   0001B6  EF3A  F000         	goto	i2l7578
 12336   0001BA                     i2l503:
 12337   0001BA  AAA4               	btfss	164,5,c	;volatile
 12338   0001BC  EFE2  F000         	goto	i2u625_41
 12339   0001C0  EFE4  F000         	goto	i2u625_40
 12340   0001C4                     i2u625_41:
 12341   0001C4  EF9B  F001         	goto	i2l526
 12342   0001C8                     i2u625_40:
 12343   0001C8                     
 12344                           ;main.c: 1748:     {;main.c: 1749:         c = Read2USART();
 12345   0001C8  EC9E  F024         	call	_Read2USART	;wreg free
 12346   0001CC  6E38               	movwf	high_isr@c^0,c
 12347   0001CE                     
 12348                           ;main.c: 1751:         if ((c == 0xA5) && ((Serial_Flag == 0) || (Busy == 1))) {
 12349   0001CE  0EA5               	movlw	165
 12350   0001D0  1838               	xorwf	high_isr@c^0,w,c
 12351   0001D2  A4D8               	btfss	status,2,c
 12352   0001D4  EFEE  F000         	goto	i2u626_41
 12353   0001D8  EFF0  F000         	goto	i2u626_40
 12354   0001DC                     i2u626_41:
 12355   0001DC  EF02  F001         	goto	i2l7656
 12356   0001E0                     i2u626_40:
 12357   0001E0  5030               	movf	_Serial_Flag^0,w,c
 12358   0001E2  B4D8               	btfsc	status,2,c
 12359   0001E4  EFF6  F000         	goto	i2u627_41
 12360   0001E8  EFF8  F000         	goto	i2u627_40
 12361   0001EC                     i2u627_41:
 12362   0001EC  EF2C  F000         	goto	i2l7574
 12363   0001F0                     i2u627_40:
 12364   0001F0  042D               	decf	_Busy^0,w,c
 12365   0001F2  A4D8               	btfss	status,2,c
 12366   0001F4  EFFE  F000         	goto	i2u628_41
 12367   0001F8  EF00  F001         	goto	i2u628_40
 12368   0001FC                     i2u628_41:
 12369   0001FC  EF02  F001         	goto	i2l7656
 12370   000200                     i2u628_40:
 12371   000200  EF2C  F000         	goto	i2l7574
 12372   000204                     i2l7656:
 12373   000204  042F               	decf	_Serial_GData^0,w,c
 12374   000206  A4D8               	btfss	status,2,c
 12375   000208  EF08  F001         	goto	i2u629_41
 12376   00020C  EF0A  F001         	goto	i2u629_40
 12377   000210                     i2u629_41:
 12378   000210  EFA5  F001         	goto	i2l7720
 12379   000214                     i2u629_40:
 12380   000214                     
 12381                           ;main.c: 1757:             Serial_Buffer[Serial_Count] = c;
 12382   000214  0E70               	movlw	low _Serial_Buffer
 12383   000216  2425               	addwf	_Serial_Count^0,w,c
 12384   000218  6ED9               	movwf	fsr2l,c
 12385   00021A  0E00               	movlw	high _Serial_Buffer
 12386   00021C  2026               	addwfc	(_Serial_Count+1)^0,w,c
 12387   00021E  6EDA               	movwf	fsr2h,c
 12388   000220  C038  FFDF         	movff	high_isr@c,indf2
 12389   000224                     
 12390                           ;main.c: 1759:             if (Serial_Count < 5) {
 12391   000224  5026               	movf	(_Serial_Count+1)^0,w,c
 12392   000226  E107               	bnz	i2u630_41
 12393   000228  0E05               	movlw	5
 12394   00022A  5C25               	subwf	_Serial_Count^0,w,c
 12395   00022C  B0D8               	btfsc	status,0,c
 12396   00022E  EF1B  F001         	goto	i2u630_41
 12397   000232  EF1D  F001         	goto	i2u630_40
 12398   000236                     i2u630_41:
 12399   000236  EFD9  F000         	goto	i2l7638
 12400   00023A                     i2u630_40:
 12401   00023A                     
 12402                           ;main.c: 1760:                 if (c == 0x5A) {
 12403   00023A  0E5A               	movlw	90
 12404   00023C  1838               	xorwf	high_isr@c^0,w,c
 12405   00023E  A4D8               	btfss	status,2,c
 12406   000240  EF24  F001         	goto	i2u631_41
 12407   000244  EF26  F001         	goto	i2u631_40
 12408   000248                     i2u631_41:
 12409   000248  EF3A  F000         	goto	i2l7578
 12410   00024C                     i2u631_40:
 12411   00024C                     
 12412                           ;main.c: 1761:                     Temp = Serial_Buffer[1] + Serial_Buffer[2];
 12413   00024C  0100               	movlb	0	; () banked
 12414   00024E  5171               	movf	(_Serial_Buffer+1)& (0+255),w,b
 12415   000250  2572               	addwf	(_Serial_Buffer+2)& (0+255),w,b
 12416   000252  6E37               	movwf	high_isr@Temp^0,c
 12417                           
 12418                           ;main.c: 1763:                     if (Temp == Serial_Buffer[3]) {
 12419   000254  5037               	movf	high_isr@Temp^0,w,c
 12420   000256  1973               	xorwf	(_Serial_Buffer+3)& (0+255),w,b
 12421   000258  A4D8               	btfss	status,2,c
 12422   00025A  EF31  F001         	goto	i2u632_41
 12423   00025E  EF33  F001         	goto	i2u632_40
 12424   000262                     i2u632_41:
 12425   000262  EF72  F001         	goto	i2l7696
 12426   000266                     i2u632_40:
 12427   000266                     
 12428                           ; BSR set to: 0
 12429                           ;main.c: 1764:                         if (Busy == 0 || Serial_Buffer[2] == 0xF5) {
 12430   000266  502D               	movf	_Busy^0,w,c
 12431   000268  B4D8               	btfsc	status,2,c
 12432   00026A  EF39  F001         	goto	i2u633_41
 12433   00026E  EF3B  F001         	goto	i2u633_40
 12434   000272                     i2u633_41:
 12435   000272  EF44  F001         	goto	i2l7670
 12436   000276                     i2u633_40:
 12437   000276                     
 12438                           ; BSR set to: 0
 12439   000276  0EF5               	movlw	245
 12440   000278  1972               	xorwf	(_Serial_Buffer+2)& (0+255),w,b
 12441   00027A  A4D8               	btfss	status,2,c
 12442   00027C  EF42  F001         	goto	i2u634_41
 12443   000280  EF44  F001         	goto	i2u634_40
 12444   000284                     i2u634_41:
 12445   000284  EF5A  F001         	goto	i2l7682
 12446   000288                     i2u634_40:
 12447   000288                     i2l7670:
 12448                           
 12449                           ; BSR set to: 0
 12450                           ;main.c: 1766:                             for (i = 0; i < 5; i++) {
 12451   000288  0E00               	movlw	0
 12452   00028A  6E39               	movwf	high_isr@i^0,c
 12453   00028C                     i2l7676:
 12454                           
 12455                           ;main.c: 1767:                                 Write2USART(Serial_Buffer[i]);
 12456   00028C  0E70               	movlw	low _Serial_Buffer
 12457   00028E  2439               	addwf	high_isr@i^0,w,c
 12458   000290  6ED9               	movwf	fsr2l,c
 12459   000292  6ADA               	clrf	fsr2h,c
 12460   000294  0E00               	movlw	high _Serial_Buffer
 12461   000296  22DA               	addwfc	fsr2h,f,c
 12462   000298  50DF               	movf	indf2,w,c
 12463   00029A  EC88  F024         	call	i2_Write2USART
 12464   00029E                     
 12465                           ;main.c: 1768:                             }
 12466   00029E  2A39               	incf	high_isr@i^0,f,c
 12467   0002A0  0E04               	movlw	4
 12468   0002A2  6439               	cpfsgt	high_isr@i^0,c
 12469   0002A4  EF56  F001         	goto	i2u635_41
 12470   0002A8  EF58  F001         	goto	i2u635_40
 12471   0002AC                     i2u635_41:
 12472   0002AC  EF46  F001         	goto	i2l7676
 12473   0002B0                     i2u635_40:
 12474   0002B0  EF68  F001         	goto	i2l7694
 12475   0002B4                     i2l7682:
 12476                           
 12477                           ; BSR set to: 0
 12478                           ;main.c: 1772:                             for (i = 0; i < 5; i++) {
 12479   0002B4  0E00               	movlw	0
 12480   0002B6  6E39               	movwf	high_isr@i^0,c
 12481   0002B8                     i2l7688:
 12482                           
 12483                           ;main.c: 1773:                                 Write2USART(0x16);
 12484   0002B8  0E16               	movlw	22
 12485   0002BA  EC88  F024         	call	i2_Write2USART
 12486   0002BE                     
 12487                           ;main.c: 1774:                             }
 12488   0002BE  2A39               	incf	high_isr@i^0,f,c
 12489   0002C0  0E04               	movlw	4
 12490   0002C2  6439               	cpfsgt	high_isr@i^0,c
 12491   0002C4  EF66  F001         	goto	i2u636_41
 12492   0002C8  EF68  F001         	goto	i2u636_40
 12493   0002CC                     i2u636_41:
 12494   0002CC  EF5C  F001         	goto	i2l7688
 12495   0002D0                     i2u636_40:
 12496   0002D0                     i2l7694:
 12497                           
 12498                           ;main.c: 1778:                         Serial_Flag = 1;
 12499   0002D0  0E01               	movlw	1
 12500   0002D2  6E30               	movwf	_Serial_Flag^0,c
 12501                           
 12502                           ;main.c: 1779:                         Serial_Count = 0;
 12503   0002D4  0E00               	movlw	0
 12504   0002D6  6E26               	movwf	(_Serial_Count+1)^0,c
 12505   0002D8  0E00               	movlw	0
 12506   0002DA  6E25               	movwf	_Serial_Count^0,c
 12507                           
 12508                           ;main.c: 1780:                         OpMode = AUTO_MODE2;
 12509   0002DC  0E03               	movlw	3
 12510   0002DE  6E2B               	movwf	_OpMode^0,c	;volatile
 12511                           
 12512                           ;main.c: 1782:                     } else {
 12513   0002E0  EF86  F001         	goto	i2l7708
 12514   0002E4                     i2l7696:
 12515                           
 12516                           ; BSR set to: 0
 12517                           ;main.c: 1783:                         Serial_Flag = 0;
 12518   0002E4  0E00               	movlw	0
 12519   0002E6  6E30               	movwf	_Serial_Flag^0,c
 12520                           
 12521                           ;main.c: 1784:                         Serial_Count = 0;
 12522   0002E8  0E00               	movlw	0
 12523   0002EA  6E26               	movwf	(_Serial_Count+1)^0,c
 12524   0002EC  0E00               	movlw	0
 12525   0002EE  6E25               	movwf	_Serial_Count^0,c
 12526                           
 12527                           ;main.c: 1787:                         for (i = 0; i < 5; i++) {
 12528   0002F0  0E00               	movlw	0
 12529   0002F2  6E39               	movwf	high_isr@i^0,c
 12530   0002F4                     i2l7702:
 12531                           
 12532                           ;main.c: 1788:                             Write2USART(0x15);
 12533   0002F4  0E15               	movlw	21
 12534   0002F6  EC88  F024         	call	i2_Write2USART
 12535   0002FA                     
 12536                           ;main.c: 1789:                         }
 12537   0002FA  2A39               	incf	high_isr@i^0,f,c
 12538   0002FC  0E04               	movlw	4
 12539   0002FE  6439               	cpfsgt	high_isr@i^0,c
 12540   000300  EF84  F001         	goto	i2u637_41
 12541   000304  EF86  F001         	goto	i2u637_40
 12542   000308                     i2u637_41:
 12543   000308  EF7A  F001         	goto	i2l7702
 12544   00030C                     i2u637_40:
 12545   00030C                     i2l7708:
 12546                           
 12547                           ;main.c: 1793:                     if (Serial_Buffer[2] == 0xF5 && OpMode == AUTO_MODE2)
      +                           {
 12548   00030C  0EF5               	movlw	245
 12549   00030E  0100               	movlb	0	; () banked
 12550   000310  1972               	xorwf	(_Serial_Buffer+2)& (0+255),w,b
 12551   000312  A4D8               	btfss	status,2,c
 12552   000314  EF8E  F001         	goto	i2u638_41
 12553   000318  EF90  F001         	goto	i2u638_40
 12554   00031C                     i2u638_41:
 12555   00031C  EF3A  F000         	goto	i2l7578
 12556   000320                     i2u638_40:
 12557   000320                     
 12558                           ; BSR set to: 0
 12559   000320  0E03               	movlw	3
 12560   000322  182B               	xorwf	_OpMode^0,w,c	;volatile
 12561   000324  A4D8               	btfss	status,2,c
 12562   000326  EF97  F001         	goto	i2u639_41
 12563   00032A  EF99  F001         	goto	i2u639_40
 12564   00032E                     i2u639_41:
 12565   00032E  EF3A  F000         	goto	i2l7578
 12566   000332                     i2u639_40:
 12567   000332  EFD5  F000         	goto	i2l7636
 12568   000336                     i2l526:
 12569                           
 12570                           ;main.c: 1806:         if (RCSTA1bits.OERR == 1) {
 12571   000336  A2AC               	btfss	172,1,c	;volatile
 12572   000338  EFA0  F001         	goto	i2u640_41
 12573   00033C  EFA2  F001         	goto	i2u640_40
 12574   000340                     i2u640_41:
 12575   000340  EFA5  F001         	goto	i2l7720
 12576   000344                     i2u640_40:
 12577   000344                     
 12578                           ;main.c: 1807:             RCSTA1bits.OERR = 0;
 12579   000344  92AC               	bcf	172,1,c	;volatile
 12580                           
 12581                           ;main.c: 1808:             RCSTA1bits.CREN = 0;
 12582   000346  98AC               	bcf	172,4,c	;volatile
 12583                           
 12584                           ;main.c: 1809:             RCSTA1bits.CREN = 1;
 12585   000348  88AC               	bsf	172,4,c	;volatile
 12586   00034A                     i2l7720:
 12587                           
 12588                           ;main.c: 1819:     if (TMR1IF_triggered == 1) {
 12589   00034A  0427               	decf	_TMR1IF_triggered^0,w,c	;volatile
 12590   00034C  A4D8               	btfss	status,2,c
 12591   00034E  EFAB  F001         	goto	i2u641_41
 12592   000352  EFAD  F001         	goto	i2u641_40
 12593   000356                     i2u641_41:
 12594   000356  EFF4  F001         	goto	i2l7738
 12595   00035A                     i2u641_40:
 12596   00035A                     
 12597                           ;main.c: 1820:         if (errorcounter > 0) {
 12598   00035A  BE51               	btfsc	(_errorcounter+3)^0,7,c	;volatile
 12599   00035C  EFBA  F001         	goto	i2u642_41
 12600   000360  5051               	movf	(_errorcounter+3)^0,w,c	;volatile
 12601   000362  1050               	iorwf	(_errorcounter+2)^0,w,c	;volatile
 12602   000364  104F               	iorwf	(_errorcounter+1)^0,w,c	;volatile
 12603   000366  E108               	bnz	i2u642_40
 12604   000368  044E               	decf	_errorcounter^0,w,c	;volatile
 12605   00036A  A0D8               	btfss	status,0,c
 12606   00036C  EFBA  F001         	goto	i2u642_41
 12607   000370  EFBC  F001         	goto	i2u642_40
 12608   000374                     i2u642_41:
 12609   000374  EFC6  F001         	goto	i2l7726
 12610   000378                     i2u642_40:
 12611   000378                     
 12612                           ;main.c: 1821:             errorcounter--;
 12613   000378  0EFF               	movlw	255
 12614   00037A  264E               	addwf	_errorcounter^0,f,c	;volatile
 12615   00037C  0EFF               	movlw	255
 12616   00037E  224F               	addwfc	(_errorcounter+1)^0,f,c	;volatile
 12617   000380  0EFF               	movlw	255
 12618   000382  2250               	addwfc	(_errorcounter+2)^0,f,c	;volatile
 12619   000384  0EFF               	movlw	255
 12620   000386  2251               	addwfc	(_errorcounter+3)^0,f,c	;volatile
 12621                           
 12622                           ;main.c: 1822:         } else {
 12623   000388  EFCE  F001         	goto	i2l7728
 12624   00038C                     i2l7726:
 12625                           
 12626                           ;main.c: 1823:             errorcounter = 0;
 12627   00038C  0E00               	movlw	0
 12628   00038E  6E4E               	movwf	_errorcounter^0,c	;volatile
 12629   000390  0E00               	movlw	0
 12630   000392  6E4F               	movwf	(_errorcounter+1)^0,c	;volatile
 12631   000394  0E00               	movlw	0
 12632   000396  6E50               	movwf	(_errorcounter+2)^0,c	;volatile
 12633   000398  0E00               	movlw	0
 12634   00039A  6E51               	movwf	(_errorcounter+3)^0,c	;volatile
 12635   00039C                     i2l7728:
 12636                           
 12637                           ;main.c: 1826:         if (LowPowerCounter > 0) {
 12638   00039C  0100               	movlb	0	; () banked
 12639   00039E  BFAE               	btfsc	(_LowPowerCounter+3)& (0+255),7,b	;volatile
 12640   0003A0  EFDC  F001         	goto	i2u643_41
 12641   0003A4  51AE               	movf	(_LowPowerCounter+3)& (0+255),w,b	;volatile
 12642   0003A6  11AD               	iorwf	(_LowPowerCounter+2)& (0+255),w,b	;volatile
 12643   0003A8  11AC               	iorwf	(_LowPowerCounter+1)& (0+255),w,b	;volatile
 12644   0003AA  E108               	bnz	i2u643_40
 12645   0003AC  05AB               	decf	_LowPowerCounter& (0+255),w,b	;volatile
 12646   0003AE  A0D8               	btfss	status,0,c
 12647   0003B0  EFDC  F001         	goto	i2u643_41
 12648   0003B4  EFDE  F001         	goto	i2u643_40
 12649   0003B8                     i2u643_41:
 12650   0003B8  EFE8  F001         	goto	i2l7732
 12651   0003BC                     i2u643_40:
 12652   0003BC                     
 12653                           ; BSR set to: 0
 12654                           ;main.c: 1827:             LowPowerCounter--;
 12655   0003BC  0EFF               	movlw	255
 12656   0003BE  27AB               	addwf	_LowPowerCounter& (0+255),f,b	;volatile
 12657   0003C0  0EFF               	movlw	255
 12658   0003C2  23AC               	addwfc	(_LowPowerCounter+1)& (0+255),f,b	;volatile
 12659   0003C4  0EFF               	movlw	255
 12660   0003C6  23AD               	addwfc	(_LowPowerCounter+2)& (0+255),f,b	;volatile
 12661   0003C8  0EFF               	movlw	255
 12662   0003CA  23AE               	addwfc	(_LowPowerCounter+3)& (0+255),f,b	;volatile
 12663                           
 12664                           ;main.c: 1828:         } else {
 12665   0003CC  EFF2  F001         	goto	i2l7736
 12666   0003D0                     i2l7732:
 12667                           
 12668                           ; BSR set to: 0
 12669                           ;main.c: 1829:             LowPowerCounter = 20;
 12670   0003D0  0E14               	movlw	20
 12671   0003D2  6FAB               	movwf	_LowPowerCounter& (0+255),b	;volatile
 12672   0003D4  0E00               	movlw	0
 12673   0003D6  6FAC               	movwf	(_LowPowerCounter+1)& (0+255),b	;volatile
 12674   0003D8  0E00               	movlw	0
 12675   0003DA  6FAD               	movwf	(_LowPowerCounter+2)& (0+255),b	;volatile
 12676   0003DC  0E00               	movlw	0
 12677   0003DE  6FAE               	movwf	(_LowPowerCounter+3)& (0+255),b	;volatile
 12678   0003E0                     
 12679                           ; BSR set to: 0
 12680                           ;main.c: 1830:             Low_Power_Indicator();
 12681   0003E0  ECBB  F023         	call	_Low_Power_Indicator	;wreg free
 12682   0003E4                     i2l7736:
 12683                           
 12684                           ;main.c: 1833:         TMR1IF_triggered = 0;
 12685   0003E4  0E00               	movlw	0
 12686   0003E6  6E27               	movwf	_TMR1IF_triggered^0,c	;volatile
 12687   0003E8                     i2l7738:
 12688                           
 12689                           ;main.c: 1836:     if (TMR1IF) {
 12690   0003E8  A09E               	btfss	3998,0,c	;volatile
 12691   0003EA  EFF9  F001         	goto	i2u644_41
 12692   0003EE  EFFB  F001         	goto	i2u644_40
 12693   0003F2                     i2u644_41:
 12694   0003F2  EF02  F002         	goto	i2l7744
 12695   0003F6                     i2u644_40:
 12696   0003F6                     
 12697                           ;main.c: 1837:         TMR1 = 0x9E57;
 12698   0003F6  0E9E               	movlw	158
 12699   0003F8  6ECF               	movwf	207,c	;volatile
 12700   0003FA  0E57               	movlw	87
 12701   0003FC  6ECE               	movwf	206,c	;volatile
 12702   0003FE                     
 12703                           ;main.c: 1838:         TMR1IF = 0;
 12704   0003FE  909E               	bcf	3998,0,c	;volatile
 12705                           
 12706                           ;main.c: 1839:         TMR1IF_triggered = 1;
 12707   000400  0E01               	movlw	1
 12708   000402  6E27               	movwf	_TMR1IF_triggered^0,c	;volatile
 12709   000404                     i2l7744:
 12710                           
 12711                           ;main.c: 1844:     if(INTCON3bits.INT2F == 1) {
 12712   000404  A2F0               	btfss	240,1,c	;volatile
 12713   000406  EF07  F002         	goto	i2u645_41
 12714   00040A  EF09  F002         	goto	i2u645_40
 12715   00040E                     i2u645_41:
 12716   00040E  EF3F  F002         	goto	i2l560
 12717   000412                     i2u645_40:
 12718   000412                     
 12719                           ;main.c: 1847:       _delay((unsigned long)((500)*(8000000/4000.0)));
 12720   000412  0E06               	movlw	6
 12721   000414  6E34               	movwf	(??_high_isr+1)^0,c
 12722   000416  0E13               	movlw	19
 12723   000418  6E33               	movwf	??_high_isr^0,c
 12724   00041A  0EAE               	movlw	174
 12725   00041C                     i2u876_47:
 12726   00041C  2EE8               	decfsz	wreg,f,c
 12727   00041E  D7FE               	bra	i2u876_47
 12728   000420  2E33               	decfsz	??_high_isr^0,f,c
 12729   000422  D7FC               	bra	i2u876_47
 12730   000424  2E34               	decfsz	(??_high_isr+1)^0,f,c
 12731   000426  D7FA               	bra	i2u876_47
 12732   000428                     
 12733                           ;main.c: 1849:       if (dispense == 0 && PORTBbits.RB4 != 0)
 12734   000428  5011               	movf	_dispense^0,w,c
 12735   00042A  1012               	iorwf	(_dispense+1)^0,w,c
 12736   00042C  A4D8               	btfss	status,2,c
 12737   00042E  EF1B  F002         	goto	i2u646_41
 12738   000432  EF1D  F002         	goto	i2u646_40
 12739   000436                     i2u646_41:
 12740   000436  EF2A  F002         	goto	i2l7754
 12741   00043A                     i2u646_40:
 12742   00043A  A881               	btfss	129,4,c	;volatile
 12743   00043C  EF22  F002         	goto	i2u647_41
 12744   000440  EF24  F002         	goto	i2u647_40
 12745   000444                     i2u647_41:
 12746   000444  EF2A  F002         	goto	i2l7754
 12747   000448                     i2u647_40:
 12748   000448                     
 12749                           ;main.c: 1850:       {;main.c: 1852:         dispense = 1;
 12750   000448  0E00               	movlw	0
 12751   00044A  6E12               	movwf	(_dispense+1)^0,c
 12752   00044C  0E01               	movlw	1
 12753   00044E  6E11               	movwf	_dispense^0,c
 12754                           
 12755                           ;main.c: 1853:       }
 12756   000450  EF3E  F002         	goto	i2l7760
 12757   000454                     i2l7754:
 12758   000454  0411               	decf	_dispense^0,w,c
 12759   000456  1012               	iorwf	(_dispense+1)^0,w,c
 12760   000458  A4D8               	btfss	status,2,c
 12761   00045A  EF31  F002         	goto	i2u648_41
 12762   00045E  EF33  F002         	goto	i2u648_40
 12763   000462                     i2u648_41:
 12764   000462  EF3E  F002         	goto	i2l7760
 12765   000466                     i2u648_40:
 12766   000466  A881               	btfss	129,4,c	;volatile
 12767   000468  EF38  F002         	goto	i2u649_41
 12768   00046C  EF3A  F002         	goto	i2u649_40
 12769   000470                     i2u649_41:
 12770   000470  EF3E  F002         	goto	i2l7760
 12771   000474                     i2u649_40:
 12772   000474                     
 12773                           ;main.c: 1855:       {;main.c: 1857:         dispense = 0;
 12774   000474  0E00               	movlw	0
 12775   000476  6E12               	movwf	(_dispense+1)^0,c
 12776   000478  0E00               	movlw	0
 12777   00047A  6E11               	movwf	_dispense^0,c
 12778   00047C                     i2l7760:
 12779                           
 12780                           ;main.c: 1860:       INTCON3bits.INT2F = 0;
 12781   00047C  92F0               	bcf	240,1,c	;volatile
 12782   00047E                     i2l560:
 12783   00047E  C036  FFDA         	movff	??_high_isr+3,fsr2h
 12784   000482  C035  FFD9         	movff	??_high_isr+2,fsr2l
 12785   000486  9257               	bcf	int$flags,1,c	;clear compiler interrupt flag (level 2)
 12786   000488  0011               	retfie		f
 12787   00048A                     __end_of_high_isr:
 12788                           	callstack 0
 12789                           
 12790 ;; *************** function i2_Write2USART *****************
 12791 ;; Defined at:
 12792 ;;		line 107 in file "usart.c"
 12793 ;; Parameters:    Size  Location     Type
 12794 ;;  data            1    wreg     unsigned char 
 12795 ;; Auto vars:     Size  Location     Type
 12796 ;;  data            1    0[COMRAM] unsigned char 
 12797 ;; Return value:  Size  Location     Type
 12798 ;;                  1    wreg      void 
 12799 ;; Registers used:
 12800 ;;		wreg
 12801 ;; Tracked objects:
 12802 ;;		On entry : 0/0
 12803 ;;		On exit  : 0/0
 12804 ;;		Unchanged: 0/0
 12805 ;; Data sizes:     COMRAM   BANK0   BANK1   BANK2   BANK3   BANK4   BANK5   BANK6   BANK7   BANK8   BANK9  BANK10  BANK1
      +1  BANK12  BANK13  BANK14  BANK15
 12806 ;;      Params:         0       0       0       0       0       0       0       0       0       0       0       0       
      +0       0       0       0       0
 12807 ;;      Locals:         1       0       0       0       0       0       0       0       0       0       0       0       
      +0       0       0       0       0
 12808 ;;      Temps:          0       0       0       0       0       0       0       0       0       0       0       0       
      +0       0       0       0       0
 12809 ;;      Totals:         1       0       0       0       0       0       0       0       0       0       0       0       
      +0       0       0       0       0
 12810 ;;Total ram usage:        1 bytes
 12811 ;; Hardware stack levels used: 1
 12812 ;; This function calls:
 12813 ;;		Nothing
 12814 ;; This function is called by:
 12815 ;;		_high_isr
 12816 ;; This function uses a non-reentrant model
 12817 ;;
 12818                           
 12819                           	psect	text45
 12820   004910                     __ptext45:
 12821                           	callstack 0
 12822   004910                     i2_Write2USART:
 12823                           	callstack 25
 12824                           
 12825                           ;incstack = 0
 12826                           ;i2Write2USART@data stored from wreg
 12827   004910  6E32               	movwf	i2Write2USART@data^0,c
 12828   004912                     
 12829                           ;usart.c: 108:     TXREG2 = data;
 12830   004912  C032  FFA9         	movff	i2Write2USART@data,4009	;volatile
 12831   004916                     i2l955:
 12832   004916  A2A8               	btfss	168,1,c	;volatile
 12833   004918  EF90  F024         	goto	i2u468_41
 12834   00491C  EF92  F024         	goto	i2u468_40
 12835   004920                     i2u468_41:
 12836   004920  EF8B  F024         	goto	i2l955
 12837   004924                     i2u468_40:
 12838   004924  0012               	return		;funcret
 12839   004926                     __end_ofi2_Write2USART:
 12840                           	callstack 0
 12841                           
 12842 ;; *************** function i2_Write1USART *****************
 12843 ;; Defined at:
 12844 ;;		line 78 in file "usart.c"
 12845 ;; Parameters:    Size  Location     Type
 12846 ;;  data            1    wreg     unsigned char 
 12847 ;; Auto vars:     Size  Location     Type
 12848 ;;  data            1    0[COMRAM] unsigned char 
 12849 ;; Return value:  Size  Location     Type
 12850 ;;                  1    wreg      void 
 12851 ;; Registers used:
 12852 ;;		wreg
 12853 ;; Tracked objects:
 12854 ;;		On entry : 0/0
 12855 ;;		On exit  : 0/0
 12856 ;;		Unchanged: 0/0
 12857 ;; Data sizes:     COMRAM   BANK0   BANK1   BANK2   BANK3   BANK4   BANK5   BANK6   BANK7   BANK8   BANK9  BANK10  BANK1
      +1  BANK12  BANK13  BANK14  BANK15
 12858 ;;      Params:         0       0       0       0       0       0       0       0       0       0       0       0       
      +0       0       0       0       0
 12859 ;;      Locals:         1       0       0       0       0       0       0       0       0       0       0       0       
      +0       0       0       0       0
 12860 ;;      Temps:          0       0       0       0       0       0       0       0       0       0       0       0       
      +0       0       0       0       0
 12861 ;;      Totals:         1       0       0       0       0       0       0       0       0       0       0       0       
      +0       0       0       0       0
 12862 ;;Total ram usage:        1 bytes
 12863 ;; Hardware stack levels used: 1
 12864 ;; This function calls:
 12865 ;;		Nothing
 12866 ;; This function is called by:
 12867 ;;		_high_isr
 12868 ;; This function uses a non-reentrant model
 12869 ;;
 12870                           
 12871                           	psect	text46
 12872   004926                     __ptext46:
 12873                           	callstack 0
 12874   004926                     i2_Write1USART:
 12875                           	callstack 25
 12876                           
 12877                           ;incstack = 0
 12878                           ;i2Write1USART@data stored from wreg
 12879   004926  6E32               	movwf	i2Write1USART@data^0,c
 12880   004928                     
 12881                           ;usart.c: 79:     TXREG1 = data;
 12882   004928  C032  FFAE         	movff	i2Write1USART@data,4014	;volatile
 12883   00492C                     i2l944:
 12884   00492C  A2AD               	btfss	173,1,c	;volatile
 12885   00492E  EF9B  F024         	goto	i2u467_41
 12886   004932  EF9D  F024         	goto	i2u467_40
 12887   004936                     i2u467_41:
 12888   004936  EF96  F024         	goto	i2l944
 12889   00493A                     i2u467_40:
 12890   00493A  0012               	return		;funcret
 12891   00493C                     __end_ofi2_Write1USART:
 12892                           	callstack 0
 12893                           
 12894 ;; *************** function _Read2USART *****************
 12895 ;; Defined at:
 12896 ;;		line 118 in file "usart.c"
 12897 ;; Parameters:    Size  Location     Type
 12898 ;;		None
 12899 ;; Auto vars:     Size  Location     Type
 12900 ;;  result          1    0[COMRAM] unsigned char 
 12901 ;; Return value:  Size  Location     Type
 12902 ;;                  1    wreg      unsigned char 
 12903 ;; Registers used:
 12904 ;;		wreg, status,2
 12905 ;; Tracked objects:
 12906 ;;		On entry : 0/0
 12907 ;;		On exit  : 0/0
 12908 ;;		Unchanged: 0/0
 12909 ;; Data sizes:     COMRAM   BANK0   BANK1   BANK2   BANK3   BANK4   BANK5   BANK6   BANK7   BANK8   BANK9  BANK10  BANK1
      +1  BANK12  BANK13  BANK14  BANK15
 12910 ;;      Params:         0       0       0       0       0       0       0       0       0       0       0       0       
      +0       0       0       0       0
 12911 ;;      Locals:         1       0       0       0       0       0       0       0       0       0       0       0       
      +0       0       0       0       0
 12912 ;;      Temps:          0       0       0       0       0       0       0       0       0       0       0       0       
      +0       0       0       0       0
 12913 ;;      Totals:         1       0       0       0       0       0       0       0       0       0       0       0       
      +0       0       0       0       0
 12914 ;;Total ram usage:        1 bytes
 12915 ;; Hardware stack levels used: 1
 12916 ;; This function calls:
 12917 ;;		Nothing
 12918 ;; This function is called by:
 12919 ;;		_high_isr
 12920 ;; This function uses a non-reentrant model
 12921 ;;
 12922                           
 12923                           	psect	text47
 12924   00493C                     __ptext47:
 12925                           	callstack 0
 12926   00493C                     _Read2USART:
 12927                           	callstack 25
 12928   00493C                     i2l961:
 12929   00493C  AAA4               	btfss	164,5,c	;volatile
 12930   00493E  EFA3  F024         	goto	i2u463_41
 12931   004942  EFA5  F024         	goto	i2u463_40
 12932   004946                     i2u463_41:
 12933   004946  EF9E  F024         	goto	i2l961
 12934   00494A                     i2u463_40:
 12935   00494A                     
 12936                           ;usart.c: 125:     result = RCREG2;
 12937   00494A  CFAA F032          	movff	4010,Read2USART@result	;volatile
 12938   00494E                     
 12939                           ;usart.c: 131:     return result;
 12940   00494E  5032               	movf	Read2USART@result^0,w,c
 12941   004950  0012               	return		;funcret
 12942   004952                     __end_of_Read2USART:
 12943                           	callstack 0
 12944                           
 12945 ;; *************** function _Read1USART *****************
 12946 ;; Defined at:
 12947 ;;		line 87 in file "usart.c"
 12948 ;; Parameters:    Size  Location     Type
 12949 ;;		None
 12950 ;; Auto vars:     Size  Location     Type
 12951 ;;  result          1    0[COMRAM] unsigned char 
 12952 ;; Return value:  Size  Location     Type
 12953 ;;                  1    wreg      unsigned char 
 12954 ;; Registers used:
 12955 ;;		wreg, status,2
 12956 ;; Tracked objects:
 12957 ;;		On entry : 0/0
 12958 ;;		On exit  : 0/0
 12959 ;;		Unchanged: 0/0
 12960 ;; Data sizes:     COMRAM   BANK0   BANK1   BANK2   BANK3   BANK4   BANK5   BANK6   BANK7   BANK8   BANK9  BANK10  BANK1
      +1  BANK12  BANK13  BANK14  BANK15
 12961 ;;      Params:         0       0       0       0       0       0       0       0       0       0       0       0       
      +0       0       0       0       0
 12962 ;;      Locals:         1       0       0       0       0       0       0       0       0       0       0       0       
      +0       0       0       0       0
 12963 ;;      Temps:          0       0       0       0       0       0       0       0       0       0       0       0       
      +0       0       0       0       0
 12964 ;;      Totals:         1       0       0       0       0       0       0       0       0       0       0       0       
      +0       0       0       0       0
 12965 ;;Total ram usage:        1 bytes
 12966 ;; Hardware stack levels used: 1
 12967 ;; This function calls:
 12968 ;;		Nothing
 12969 ;; This function is called by:
 12970 ;;		_high_isr
 12971 ;; This function uses a non-reentrant model
 12972 ;;
 12973                           
 12974                           	psect	text48
 12975   004890                     __ptext48:
 12976                           	callstack 0
 12977   004890                     _Read1USART:
 12978                           	callstack 25
 12979   004890                     
 12980                           ;usart.c: 88:     char result;;usart.c: 90:     if (RCSTA1bits.OERR) {
 12981   004890  A2AC               	btfss	172,1,c	;volatile
 12982   004892  EF4D  F024         	goto	i2u462_41
 12983   004896  EF4F  F024         	goto	i2u462_40
 12984   00489A                     i2u462_41:
 12985   00489A  EF57  F024         	goto	i2l950
 12986   00489E                     i2u462_40:
 12987   00489E                     
 12988                           ;usart.c: 91:         RCSTA1bits.CREN = 0;
 12989   00489E  98AC               	bcf	172,4,c	;volatile
 12990                           
 12991                           ;usart.c: 92:         result = RCREG1;
 12992   0048A0  CFAF F032          	movff	4015,Read1USART@result	;volatile
 12993                           
 12994                           ;usart.c: 93:         result = RCREG1;
 12995   0048A4  CFAF F032          	movff	4015,Read1USART@result	;volatile
 12996                           
 12997                           ;usart.c: 94:         RCSTA1bits.CREN = 1;
 12998   0048A8  88AC               	bsf	172,4,c	;volatile
 12999                           
 13000                           ;usart.c: 95:     } else {
 13001   0048AA  EF59  F024         	goto	i2l6068
 13002   0048AE                     i2l950:
 13003                           
 13004                           ;usart.c: 96:         result = RCREG1;
 13005   0048AE  CFAF F032          	movff	4015,Read1USART@result	;volatile
 13006   0048B2                     i2l6068:
 13007                           
 13008                           ;usart.c: 99:     return result;
 13009   0048B2  5032               	movf	Read1USART@result^0,w,c
 13010   0048B4  0012               	return		;funcret
 13011   0048B6                     __end_of_Read1USART:
 13012                           	callstack 0
 13013                           
 13014 ;; *************** function _Low_Power_Indicator *****************
 13015 ;; Defined at:
 13016 ;;		line 2286 in file "main.c"
 13017 ;; Parameters:    Size  Location     Type
 13018 ;;		None
 13019 ;; Auto vars:     Size  Location     Type
 13020 ;;		None
 13021 ;; Return value:  Size  Location     Type
 13022 ;;                  1    wreg      void 
 13023 ;; Registers used:
 13024 ;;		wreg, status,2, status,0
 13025 ;; Tracked objects:
 13026 ;;		On entry : 0/0
 13027 ;;		On exit  : 0/0
 13028 ;;		Unchanged: 0/0
 13029 ;; Data sizes:     COMRAM   BANK0   BANK1   BANK2   BANK3   BANK4   BANK5   BANK6   BANK7   BANK8   BANK9  BANK10  BANK1
      +1  BANK12  BANK13  BANK14  BANK15
 13030 ;;      Params:         0       0       0       0       0       0       0       0       0       0       0       0       
      +0       0       0       0       0
 13031 ;;      Locals:         0       0       0       0       0       0       0       0       0       0       0       0       
      +0       0       0       0       0
 13032 ;;      Temps:          0       0       0       0       0       0       0       0       0       0       0       0       
      +0       0       0       0       0
 13033 ;;      Totals:         0       0       0       0       0       0       0       0       0       0       0       0       
      +0       0       0       0       0
 13034 ;;Total ram usage:        0 bytes
 13035 ;; Hardware stack levels used: 1
 13036 ;; This function calls:
 13037 ;;		Nothing
 13038 ;; This function is called by:
 13039 ;;		_high_isr
 13040 ;; This function uses a non-reentrant model
 13041 ;;
 13042                           
 13043                           	psect	text49
 13044   004776                     __ptext49:
 13045                           	callstack 0
 13046   004776                     _Low_Power_Indicator:
 13047                           	callstack 25
 13048   004776                     
 13049                           ;main.c: 2288:     if (VOLTAGE <= 0x0366)
 13050   004776  0E67               	movlw	103
 13051   004778  0100               	movlb	0	; () banked
 13052   00477A  5D93               	subwf	_VOLTAGE& (0+255),w,b
 13053   00477C  0E03               	movlw	3
 13054   00477E  5994               	subwfb	(_VOLTAGE+1)& (0+255),w,b
 13055   004780  B0D8               	btfsc	status,0,c
 13056   004782  EFC5  F023         	goto	i2u464_41
 13057   004786  EFC7  F023         	goto	i2u464_40
 13058   00478A                     i2u464_41:
 13059   00478A  EFCA  F023         	goto	i2l6082
 13060   00478E                     i2u464_40:
 13061   00478E                     
 13062                           ; BSR set to: 0
 13063                           ;main.c: 2289:     {;main.c: 2291:         LATDbits.LATD1 = 1;
 13064   00478E  828C               	bsf	140,1,c	;volatile
 13065                           
 13066                           ;main.c: 2293:     } else if (VOLTAGE >= 0x03C0)
 13067   004790  EFD6  F023         	goto	i2l685
 13068   004794                     i2l6082:
 13069                           
 13070                           ; BSR set to: 0
 13071   004794  0EC0               	movlw	192
 13072   004796  5D93               	subwf	_VOLTAGE& (0+255),w,b
 13073   004798  0E03               	movlw	3
 13074   00479A  5994               	subwfb	(_VOLTAGE+1)& (0+255),w,b
 13075   00479C  A0D8               	btfss	status,0,c
 13076   00479E  EFD3  F023         	goto	i2u465_41
 13077   0047A2  EFD5  F023         	goto	i2u465_40
 13078   0047A6                     i2u465_41:
 13079   0047A6  EFD6  F023         	goto	i2l685
 13080   0047AA                     i2u465_40:
 13081   0047AA                     
 13082                           ; BSR set to: 0
 13083                           ;main.c: 2294:     {;main.c: 2295:         LATDbits.LATD1 = 0;
 13084   0047AA  928C               	bcf	140,1,c	;volatile
 13085   0047AC                     i2l685:
 13086                           
 13087                           ; BSR set to: 0
 13088   0047AC  0012               	return		;funcret
 13089   0047AE                     __end_of_Low_Power_Indicator:
 13090                           	callstack 0
 13091                           
 13092                           	psect	rparam
 13093   000000                     
 13094                           	psect	temp
 13095   000057                     btemp:
 13096                           	callstack 0
 13097   000057                     	ds	1
 13098   000000                     int$flags	set	btemp
 13099   000000                     wtemp8	set	btemp+1
 13100   000000                     ttemp5	set	btemp+1
 13101   000000                     ttemp6	set	btemp+4
 13102   000000                     ttemp7	set	btemp+8
 13103                           
 13104                           	psect	config
 13105                           
 13106                           ;Config register CONFIG1L @ 0x7FF8
 13107                           ;	Watchdog Timer Enable bit
 13108                           ;	WDTEN = OFF, WDT disabled (control is placed on SWDTEN bit)
 13109                           ;	PLL Prescaler Selection bits
 13110                           ;	PLLDIV = 1, No prescale (4 MHz oscillator input drives PLL directly)
 13111                           ;	Stack Overflow/Underflow Reset Enable bit
 13112                           ;	STVREN = ON, Reset on stack overflow/underflow enabled
 13113                           ;	Extended Instruction Set Enable bit
 13114                           ;	XINST = OFF, Instruction set extension and Indexed Addressing mode disabled (Legacy mo
      +                          de)
 13115                           ;	Background Debugger Enable bit
 13116                           ;	DEBUG = OFF, Background debugger disabled; RB6 and RB7 configured as general purpose I
      +                          /O pins
 13117   007FF8                     	org	32760
 13118   007FF8  AE                 	db	174
 13119                           
 13120                           ;Config register CONFIG1H @ 0x7FF9
 13121                           ;	CPU System Clock Postscaler
 13122                           ;	CPUDIV = OSC1, No CPU system clock divide
 13123                           ;	Code Protection bit
 13124                           ;	CP0 = OFF, Program memory is not code-protected
 13125   007FF9                     	org	32761
 13126   007FF9  F7                 	db	247
 13127                           
 13128                           ;Config register CONFIG2L @ 0x7FFA
 13129                           ;	Oscillator Selection bits
 13130                           ;	FOSC = INTOSCPLLO, INTOSC with PLL enabled, CLKO on RA6 and Port function on RA7
 13131                           ;	Fail-Safe Clock Monitor Enable bit
 13132                           ;	FCMEN = OFF, Fail-Safe Clock Monitor disabled
 13133                           ;	Two-Speed Start-up (Internal/External Oscillator Switchover) Control bit
 13134                           ;	IESO = OFF, Two-Speed Start-up disabled
 13135   007FFA                     	org	32762
 13136   007FFA  03                 	db	3
 13137                           
 13138                           ;Config register CONFIG2H @ 0x7FFB
 13139                           ;	Watchdog Timer Postscaler Select bits
 13140                           ;	WDTPS = 2048, 1:2048
 13141   007FFB                     	org	32763
 13142   007FFB  FB                 	db	251
 13143                           
 13144                           ;Config register CONFIG3L @ 0x7FFC
 13145                           ;	unspecified, using default values
 13146   007FFC                     	org	32764
 13147   007FFC  F8                 	db	248
 13148                           
 13149                           ;Config register CONFIG3H @ 0x7FFD
 13150                           ;	ECCP2 MUX bit
 13151                           ;	CCP2MX = DEFAULT, ECCP2/P2A is multiplexed with RC1
 13152                           ;	MSSP Address Masking Mode Select bit
 13153                           ;	MSSPMSK = MSK5, 5-Bit Address Masking mode enable
 13154   007FFD                     	org	32765
 13155   007FFD  F1                 	db	241
 13156                           tosu	equ	0xFFF
 13157                           tosh	equ	0xFFE
 13158                           tosl	equ	0xFFD
 13159                           stkptr	equ	0xFFC
 13160                           pclatu	equ	0xFFB
 13161                           pclath	equ	0xFFA
 13162                           pcl	equ	0xFF9
 13163                           tblptru	equ	0xFF8
 13164                           tblptrh	equ	0xFF7
 13165                           tblptrl	equ	0xFF6
 13166                           tablat	equ	0xFF5
 13167                           prodh	equ	0xFF4
 13168                           prodl	equ	0xFF3
 13169                           indf0	equ	0xFEF
 13170                           postinc0	equ	0xFEE
 13171                           postdec0	equ	0xFED
 13172                           preinc0	equ	0xFEC
 13173                           plusw0	equ	0xFEB
 13174                           fsr0h	equ	0xFEA
 13175                           fsr0l	equ	0xFE9
 13176                           wreg	equ	0xFE8
 13177                           indf1	equ	0xFE7
 13178                           postinc1	equ	0xFE6
 13179                           postdec1	equ	0xFE5
 13180                           preinc1	equ	0xFE4
 13181                           plusw1	equ	0xFE3
 13182                           fsr1h	equ	0xFE2
 13183                           fsr1l	equ	0xFE1
 13184                           bsr	equ	0xFE0
 13185                           indf2	equ	0xFDF
 13186                           postinc2	equ	0xFDE
 13187                           postdec2	equ	0xFDD
 13188                           preinc2	equ	0xFDC
 13189                           plusw2	equ	0xFDB
 13190                           fsr2h	equ	0xFDA
 13191                           fsr2l	equ	0xFD9
 13192                           status	equ	0xFD8

Data Sizes:
    Strings     89
    Constant    0
    Data        13
    BSS         116
    Persistent  0
    Stack       0

Auto Spaces:
    Space          Size  Autos    Used
    COMRAM           94     28      86
    BANK0           160      8      79
    BANK1           256      0       0
    BANK2           256      0       0
    BANK3           256      0       0
    BANK4           256      0       0
    BANK5           256      0       0
    BANK6           256      0       0
    BANK7           256      0       0
    BANK8           256      0       0
    BANK9           256      0       0
    BANK10          256      0       0
    BANK11          256      0       0
    BANK12          256      0       0
    BANK13          256      0       0
    BANK14          256      0       0
    BANK15           64      0       0

Pointer List with Targets:

    vfprintf$2	PTR PTR void  size(2) Largest target is 2
		 -> printf@ap(COMRAM[2]), sprintf@ap(COMRAM[2]), 

    vfprintf$1	PTR const unsigned char  size(2) Largest target is 29
		 -> STR_18(CODE[29]), STR_17(CODE[29]), STR_16(CODE[29]), STR_15(CODE[29]), 
		 -> STR_14(CODE[29]), STR_13(CODE[29]), STR_12(CODE[29]), STR_11(CODE[29]), 
		 -> STR_3(CODE[7]), STR_1(CODE[3]), 

    vfprintf$0	PTR struct _IO_FILE size(2) Largest target is 11
		 -> NULL(NULL[0]), sprintf@f(COMRAM[11]), 

    S3126$source	PTR const unsigned char  size(2) Largest target is 0

    f...source	PTR const unsigned char  size(2) Largest target is 0

    S3126$buffer	PTR unsigned char  size(2) Largest target is 0

    f...buffer	PTR unsigned char  size(2) Largest target is 0


Critical Paths under _main in COMRAM

    _main->_read_i2c
    _main->_write_i2c
    _read_i2c->___aldiv
    _i2c_Restart->_i2c_Wait
    _i2c_Read->_i2c_Wait
    _WriteSTLED316SVibMode->_STLED316s_SPI_SendData
    _ToggleVIB_Mode->_write_i2c
    _PWM_Selection->_write_i2c
    _write_i2c->___aldiv
    _i2c_Write->_i2c_Wait
    _i2c_Stop->_i2c_Wait
    _i2c_Start->_i2c_Wait
    _i2c_Address->_i2c_Wait
    _MotorPosition_Init->_WriteSTLED316SErr
    _InitSTLED316->_STLED316s_SPI_SendData
    _Homing_Again_Manual->_WriteSTLED316SData
    _WriteSTLED316SData->___awdiv
    _Homing_Again_Auto->_WriteSTLED316SErr
    _Homing_Again_Auto->_WriteSTLED316SMode
    _readWeighingData->_flushOut
    _WriteSTLED316SMode->_STLED316s_SPI_SendData
    _WriteSTLED316SErr->_STLED316s_SPI_SendData
    _AD_capture_BattVoltage->_delay_1ms

Critical Paths under _high_isr in COMRAM

    _high_isr->_Read1USART
    _high_isr->_Read2USART
    _high_isr->i2_Write1USART
    _high_isr->i2_Write2USART

Critical Paths under _main in BANK0

    _main->_PWM_Selection

Critical Paths under _high_isr in BANK0

    None.

Critical Paths under _main in BANK1

    None.

Critical Paths under _high_isr in BANK1

    None.

Critical Paths under _main in BANK2

    None.

Critical Paths under _high_isr in BANK2

    None.

Critical Paths under _main in BANK3

    None.

Critical Paths under _high_isr in BANK3

    None.

Critical Paths under _main in BANK4

    None.

Critical Paths under _high_isr in BANK4

    None.

Critical Paths under _main in BANK5

    None.

Critical Paths under _high_isr in BANK5

    None.

Critical Paths under _main in BANK6

    None.

Critical Paths under _high_isr in BANK6

    None.

Critical Paths under _main in BANK7

    None.

Critical Paths under _high_isr in BANK7

    None.

Critical Paths under _main in BANK8

    None.

Critical Paths under _high_isr in BANK8

    None.

Critical Paths under _main in BANK9

    None.

Critical Paths under _high_isr in BANK9

    None.

Critical Paths under _main in BANK10

    None.

Critical Paths under _high_isr in BANK10

    None.

Critical Paths under _main in BANK11

    None.

Critical Paths under _high_isr in BANK11

    None.

Critical Paths under _main in BANK12

    None.

Critical Paths under _high_isr in BANK12

    None.

Critical Paths under _main in BANK13

    None.

Critical Paths under _high_isr in BANK13

    None.

Critical Paths under _main in BANK14

    None.

Critical Paths under _high_isr in BANK14

    None.

Critical Paths under _main in BANK15

    None.

Critical Paths under _high_isr in BANK15

    None.

Call Graph Tables:

 ---------------------------------------------------------------------------------
 (Depth) Function   	        Calls       Base Space   Used Autos Params    Refs
 ---------------------------------------------------------------------------------
 (0) _main                                                 2     2      0   40967
                                              6 BANK0      2     2      0
             _AD_capture_BattVoltage
                  _Homing_Again_Auto
                _Homing_Again_Manual
                       _InitSTLED316
                         _InitTimer1
                         _MotorBREAK
                            _MotorON
                 _MotorPosition_Init
                      _PWM_Selection
                            _Read_IR
                     _ToggleVIB_Mode
                        _Write1USART
                        _Write2USART
                 _WriteSTLED316SData
              _WriteSTLED316SVibMode
                         _delay2_1ms
                              _flush
                           _flushOut
                           _i2c_Init
                               _init
                          _initMotor
                          _initUSART
                            _pwm_set
                           _read_i2c
                          _write_i2c
 ---------------------------------------------------------------------------------
 (1) _read_i2c                                             6     2      4    3616
                                             22 COMRAM     6     2      4
                            ___aldiv
                        _i2c_Address
                           _i2c_Read
                        _i2c_Restart
                          _i2c_Start
                           _i2c_Stop
                          _i2c_Write
 ---------------------------------------------------------------------------------
 (2) _i2c_Restart                                          0     0      0       0
                           _i2c_Wait
 ---------------------------------------------------------------------------------
 (2) _i2c_Read                                             4     2      2      65
                                              9 COMRAM     4     2      2
                           _i2c_Wait
 ---------------------------------------------------------------------------------
 (1) _pwm_set                                              4     2      2     120
                                              8 COMRAM     4     2      2
 ---------------------------------------------------------------------------------
 (1) _initUSART                                            0     0      0       0
 ---------------------------------------------------------------------------------
 (1) _initMotor                                            0     0      0       0
 ---------------------------------------------------------------------------------
 (1) _init                                                 0     0      0       0
 ---------------------------------------------------------------------------------
 (1) _i2c_Init                                             0     0      0       0
 ---------------------------------------------------------------------------------
 (1) _flush                                                2     2      0      68
                                              8 COMRAM     2     2      0
 ---------------------------------------------------------------------------------
 (1) _delay2_1ms                                           3     1      2     935
                                              8 COMRAM     3     1      2
 ---------------------------------------------------------------------------------
 (1) _WriteSTLED316SVibMode                                3     0      3    1337
                                             14 COMRAM     3     0      3
             _STLED316s_SPI_SendData
 ---------------------------------------------------------------------------------
 (1) _ToggleVIB_Mode                                       0     0      0    5618
                          _write_i2c
 ---------------------------------------------------------------------------------
 (1) _PWM_Selection                                        6     4      2    6775
                                              0 BANK0      6     4      2
                          _write_i2c
 ---------------------------------------------------------------------------------
 (1) _write_i2c                                            6     0      6    5618
                                             22 COMRAM     6     0      6
                            ___aldiv
                        _i2c_Address
                          _i2c_Start
                           _i2c_Stop
                          _i2c_Write
 ---------------------------------------------------------------------------------
 (2) _i2c_Write                                            1     1      0      31
                                              9 COMRAM     1     1      0
                           _i2c_Wait
 ---------------------------------------------------------------------------------
 (2) _i2c_Stop                                             0     0      0       0
                           _i2c_Wait
 ---------------------------------------------------------------------------------
 (2) _i2c_Start                                            0     0      0       0
                           _i2c_Wait
 ---------------------------------------------------------------------------------
 (2) _i2c_Address                                          3     2      1     369
                                              9 COMRAM     3     2      1
                           _i2c_Wait
 ---------------------------------------------------------------------------------
 (3) _i2c_Wait                                             1     1      0       0
                                              8 COMRAM     1     1      0
 ---------------------------------------------------------------------------------
 (2) ___aldiv                                             14     6      8     985
                                              8 COMRAM    14     6      8
 ---------------------------------------------------------------------------------
 (1) _MotorPosition_Init                                   2     2      0    1314
                                             17 COMRAM     2     2      0
                         _MotorBREAK
                            _MotorON
                            _Read_IR
                  _WriteSTLED316SErr
                          _delay_1ms
 ---------------------------------------------------------------------------------
 (1) _InitTimer1                                           0     0      0       0
 ---------------------------------------------------------------------------------
 (1) _InitSTLED316                                         5     5      0     381
                                             14 COMRAM     3     3      0
             _STLED316s_SPI_SendData
 ---------------------------------------------------------------------------------
 (1) _Homing_Again_Manual                                  4     4      0    6880
                                             25 COMRAM     2     2      0
             _AD_capture_BattVoltage
                         _MotorBREAK
                            _MotorON
                            _Read_IR
                 _WriteSTLED316SData
                  _WriteSTLED316SErr
                          _delay_1ms
                   _readWeighingData
 ---------------------------------------------------------------------------------
 (1) _WriteSTLED316SData                                   9     6      3    4230
                                             16 COMRAM     9     6      3
                            _Get7Seg
             _STLED316s_SPI_SendData
                            ___awdiv
                            ___awmod
 ---------------------------------------------------------------------------------
 (2) ___awmod                                              6     2      4     448
                                              8 COMRAM     6     2      4
 ---------------------------------------------------------------------------------
 (2) ___awdiv                                              8     4      4     452
                                              8 COMRAM     8     4      4
 ---------------------------------------------------------------------------------
 (2) _Get7Seg                                              5     3      2     207
                                              8 COMRAM     5     3      2
 ---------------------------------------------------------------------------------
 (1) _Homing_Again_Auto                                    2     2      0    2876
                                             17 COMRAM     2     2      0
             _AD_capture_BattVoltage
                         _MotorBREAK
                            _MotorON
                            _Read_IR
                  _WriteSTLED316SErr
                 _WriteSTLED316SMode
                          _delay_1ms
                   _readWeighingData
 ---------------------------------------------------------------------------------
 (2) _readWeighingData                                     2     2      0     248
                                             10 COMRAM     2     2      0
                        _Write1USART
                        _Write2USART
                           _flushOut
 ---------------------------------------------------------------------------------
 (1) _flushOut                                             2     2      0      68
                                              8 COMRAM     2     2      0
 ---------------------------------------------------------------------------------
 (1) _Write2USART                                          1     1      0      22
                                              8 COMRAM     1     1      0
 ---------------------------------------------------------------------------------
 (1) _Write1USART                                          1     1      0      22
                                              8 COMRAM     1     1      0
 ---------------------------------------------------------------------------------
 (2) _WriteSTLED316SMode                                   3     3      0     227
                                             14 COMRAM     3     3      0
             _STLED316s_SPI_SendData
 ---------------------------------------------------------------------------------
 (2) _WriteSTLED316SErr                                    3     3      0     227
                                             14 COMRAM     3     3      0
             _STLED316s_SPI_SendData
 ---------------------------------------------------------------------------------
 (2) _STLED316s_SPI_SendData                               6     6      0     205
                                              8 COMRAM     6     6      0
 ---------------------------------------------------------------------------------
 (1) _Read_IR                                              3     1      2       0
                                              8 COMRAM     3     1      2
 ---------------------------------------------------------------------------------
 (2) _MotorON                                              0     0      0       0
                            _Set_RG3
 ---------------------------------------------------------------------------------
 (3) _Set_RG3                                              0     0      0       0
 ---------------------------------------------------------------------------------
 (2) _MotorBREAK                                           0     0      0       0
                            _Clr_RG3
 ---------------------------------------------------------------------------------
 (3) _Clr_RG3                                              0     0      0       0
 ---------------------------------------------------------------------------------
 (2) _AD_capture_BattVoltage                               2     2      0    1087
                                             11 COMRAM     2     2      0
                          _delay_1ms
 ---------------------------------------------------------------------------------
 (2) _delay_1ms                                            3     1      2    1087
                                              8 COMRAM     3     1      2
 ---------------------------------------------------------------------------------
 Estimated maximum stack depth 3
 ---------------------------------------------------------------------------------
 (Depth) Function   	        Calls       Base Space   Used Autos Params    Refs
 ---------------------------------------------------------------------------------
 (5) _high_isr                                             7     7      0     636
                                              1 COMRAM     7     7      0
                _Low_Power_Indicator
                         _Read1USART
                         _Read2USART
                      i2_Write1USART
                      i2_Write2USART
 ---------------------------------------------------------------------------------
 (6) i2_Write2USART                                        1     1      0      22
                                              0 COMRAM     1     1      0
 ---------------------------------------------------------------------------------
 (6) i2_Write1USART                                        1     1      0      22
                                              0 COMRAM     1     1      0
 ---------------------------------------------------------------------------------
 (6) _Read2USART                                           1     1      0      23
                                              0 COMRAM     1     1      0
 ---------------------------------------------------------------------------------
 (6) _Read1USART                                           1     1      0      25
                                              0 COMRAM     1     1      0
 ---------------------------------------------------------------------------------
 (6) _Low_Power_Indicator                                  0     0      0       0
 ---------------------------------------------------------------------------------
 Estimated maximum stack depth 6
 ---------------------------------------------------------------------------------

 Call Graph Graphs:

 _main (ROOT)
   _AD_capture_BattVoltage
     _delay_1ms
   _Homing_Again_Auto
     _AD_capture_BattVoltage
     _MotorBREAK
       _Clr_RG3
     _MotorON
       _Set_RG3
     _Read_IR
     _WriteSTLED316SErr
       _STLED316s_SPI_SendData
     _WriteSTLED316SMode
       _STLED316s_SPI_SendData
     _delay_1ms
     _readWeighingData
       _Write1USART
       _Write2USART
       _flushOut
   _Homing_Again_Manual
     _AD_capture_BattVoltage
     _MotorBREAK
     _MotorON
     _Read_IR
     _WriteSTLED316SData
       _Get7Seg
       _STLED316s_SPI_SendData
       ___awdiv
       ___awmod
     _WriteSTLED316SErr
     _delay_1ms
     _readWeighingData
   _InitSTLED316
     _STLED316s_SPI_SendData
   _InitTimer1
   _MotorBREAK
   _MotorON
   _MotorPosition_Init
     _MotorBREAK
     _MotorON
     _Read_IR
     _WriteSTLED316SErr
     _delay_1ms
   _PWM_Selection
     _write_i2c
       ___aldiv
       _i2c_Address
         _i2c_Wait
       _i2c_Start
         _i2c_Wait
       _i2c_Stop
         _i2c_Wait
       _i2c_Write
         _i2c_Wait
   _Read_IR
   _ToggleVIB_Mode
     _write_i2c
   _Write1USART
   _Write2USART
   _WriteSTLED316SData
   _WriteSTLED316SVibMode
     _STLED316s_SPI_SendData
   _delay2_1ms
   _flush
   _flushOut
   _i2c_Init
   _init
   _initMotor
   _initUSART
   _pwm_set
   _read_i2c
     ___aldiv
     _i2c_Address
     _i2c_Read
       _i2c_Wait
     _i2c_Restart
       _i2c_Wait
     _i2c_Start
     _i2c_Stop
     _i2c_Write
   _write_i2c

 _high_isr (ROOT)
   _Low_Power_Indicator
   _Read1USART
   _Read2USART
   i2_Write1USART
   i2_Write2USART

 Address spaces:
Name               Size   Autos  Total    Cost      Usage
BIGRAM             F3F      0       0      57        0.0%
BITBANK14          100      0       0      32        0.0%
BANK14             100      0       0      33        0.0%
BITBANK13          100      0       0      30        0.0%
BANK13             100      0       0      31        0.0%
BITBANK12          100      0       0      28        0.0%
BANK12             100      0       0      29        0.0%
BITBANK11          100      0       0      26        0.0%
BANK11             100      0       0      27        0.0%
BITBANK10          100      0       0      24        0.0%
BANK10             100      0       0      25        0.0%
BITBANK9           100      0       0      22        0.0%
BANK9              100      0       0      23        0.0%
BITBANK8           100      0       0      20        0.0%
BANK8              100      0       0      21        0.0%
BITBANK7           100      0       0      18        0.0%
BANK7              100      0       0      19        0.0%
BITBANK6           100      0       0      16        0.0%
BANK6              100      0       0      17        0.0%
BITBANK5           100      0       0      14        0.0%
BANK5              100      0       0      15        0.0%
BITBANK4           100      0       0      12        0.0%
BANK4              100      0       0      13        0.0%
BITBANK3           100      0       0      10        0.0%
BANK3              100      0       0      11        0.0%
BITBANK2           100      0       0       8        0.0%
BANK2              100      0       0       9        0.0%
BITBANK1           100      0       0       6        0.0%
BANK1              100      0       0       7        0.0%
BITBANK0            A0      0       0       4        0.0%
BANK0               A0      8      4F       5       49.4%
BITCOMRAM           5E      0       0       0        0.0%
COMRAM              5E     1C      56       1       91.5%
BITBANK15           40      0       0      34        0.0%
BANK15              40      0       0      35        0.0%
BITBIGSFRllllll     2B      0       0      55        0.0%
BITBIGSFRhlhl       1C      0       0      38        0.0%
BITBIGSFRhh          D      0       0      36        0.0%
BITBIGSFRlhhhhh      A      0       0      43        0.0%
BITBIGSFRllllh       7      0       0      50        0.0%
BITBIGSFRhlllhh      5      0       0      41        0.0%
BITBIGSFRlhlh        3      0       0      46        0.0%
BITBIGSFRlllllh      3      0       0      54        0.0%
BITBIGSFRlhhl        3      0       0      45        0.0%
BITBIGSFRhllll       3      0       0      42        0.0%
BITBIGSFRllhh        2      0       0      47        0.0%
BITBIGSFRlllllh      2      0       0      53        0.0%
BITBIGSFRlllllh      2      0       0      51        0.0%
BITBIGSFRlhhhll      2      0       0      44        0.0%
BITBIGSFRhllhh       2      0       0      39        0.0%
BITBIGSFRllhl        2      0       0      48        0.0%
BITBIGSFRlllllh      1      0       0      52        0.0%
BITBIGSFRhlhh        1      0       0      37        0.0%
BITBIGSFRlllh        1      0       0      49        0.0%
BITBIGSFRhllhl       1      0       0      40        0.0%
BIGSFR               0      0       0     200        0.0%
BITSFR_1             0      0       0     200        0.0%
SFR_1                0      0       0     200        0.0%
BITSFR               0      0       0     200        0.0%
SFR                  0      0       0     200        0.0%
STACK                0      0       0       2        0.0%
NULL                 0      0       0       0        0.0%
ABS                  0      0      A5      56        0.0%
DATA                 0      0      A5       3        0.0%
CODE                 0      0       0       0        0.0%


Microchip Technology PIC18 Macro Assembler V2.40 build 20220703182018 
Symbol Table                                                                                   Fri May 31 17:35:10 2024

                             _i 0019                   ??_i2c_Address 003C                    ___awdiv@sign 003F  
                 ?_InitSTLED316 0032                     i2c_Read@ack 003D                             l223 4810  
                           l322 1DEE                             l403 27CE                             l235 12F6  
                           l404 27C8                             l332 1F68                             l317 1D40  
                           l261 16A2                             l245 1358                             l422 2A3E  
                           l350 2212                             l246 135E                             l343 20F2  
                           l327 1E9C                             l432 2B9A                             l361 236A  
                           l353 226C                             l329 1F0E                             l610 353A  
                           l434 2C0C                             l338 2044                             l282 18DE  
                           l274 179C                             l427 2AEC                             l348 21A0  
                           l445 2D64                             l437 2C66                             l381 25E2  
                           l630 376E                             l606 34DC                             l286 1A72  
                           l640 38B0                             l616 369C                             l480 3124  
                           l392 272A                             l633 377A                             l465 2FDC  
                           l650 3962                             l298 1BF8                             l563 4856  
                           l803 3FB2                             l643 38E2                             l627 3724  
                           l572 45EE                             l660 4774                             l492 3226  
                           l476 3124                             l396 272A                             l566 4868  
                           l742 4460                             l734 43E8                             l670 41FC  
                           l591 3340                             l583 3DCA                             l655 473A  
                           l487 31C8                             l736 441E                             l728 43E0  
                           l488 31C2                             l673 48CC                             l666 41F6  
                           l842 488E                             l690 3A8A                             l739 4436  
                           l851 49AC                             l676 469C                             l764 4354  
                           l596 3372                             l588 4700                             l836 48E2  
                           l860 47D8                             l845 49B4                             l941 4638  
                           l861 47DA                             l758 407E                             l854 497E  
                           l790 3BB2                             l862 47E2                             l679 46C2  
                           l944 4900                             l696 3A92                             l784 3BA6  
                           l848 49A4                             l769 3EBE                             l857 4964  
                           l865 4682                             l778 3ECA                             l795 3FA6  
                           l947 490E                             l955 48EA                             l868 453A  
                           l958 48F8                             _GIE 007F97                             _PR2 000FCB  
                           _PR4 000F77                             _NUM 001F                    ___awmod@sign 003F  
                           wreg 000FE8                      _TXSTA1bits 000FAD                      _TXSTA2bits 000FA8  
                 ??_i2c_Restart 003B                            l1023 482A                            l1026 483C  
                          l1204 44C2                            l1206 44D0                            l1231 49BC  
                          l1207 44D2                            l1240 4992                            l1234 49C4  
                          l1322 3CBE                            l1228 4972                            l1237 4988  
                          l1474 4142                            l1487 42AC                            l5120 4450  
                          l5104 4424                            l6000 3844                            l5114 443C  
                          l5106 4426                            l6010 3888                            l6002 3856  
                          l5130 3FD0                            l5122 3FB4                            l5116 443E  
                          l5108 4438                            l6012 3894                            l6004 3866  
                          l5140 3FF8                            l5132 3FD8                            l5124 3FB8  
                          l5300 4278                            l5118 444E                            l6030 3916  
                          l6014 3896                            l6006 3872                            l6022 38D2  
                          l5142 4000                            l5134 3FE0                            l5126 3FC0  
                          l5150 407C                            l5310 42A4                            l5302 4280  
                          l5080 483E                            l5400 3F34                            l5064 48FC  
                          l5072 4744                            l6040 3944                            l6032 3918  
                          l6024 38E4                            l6016 38B2                            l6008 3886  
                          l5144 4008                            l5136 3FE8                            l5128 3FC8  
                          l5240 409A                            l5304 4286                            l5320 42F0  
                          l5082 4842                            l5410 3FB0                            l5402 3F44  
                          l5074 4754                            l5066 473C                            l6042 3956  
                          l6034 3924                            l6026 38F6                            l6018 38BE  
                          l5138 3FF0                            l5250 40C0                            l5242 409E  
                          l5234 4080                            l5306 428C                            l5330 433C  
                          l5322 4314                            l5314 42AE                            l6050 4824  
                          l5084 4850                            l5092 43EA                            l5076 4758  
                          l5420 415A                            l6044 395E                            l6036 3926  
                          l6028 3906                            l5148 4010                            l5260 40F6  
                          l5252 40D2                            l5244 40AC                            l5236 4084  
                          l5308 429C                            l5340 4352                            l5332 4342  
                          l5324 4324                            l5316 42E6                            l6060 471A  
                          l6052 4702                            l5342 4684                            l5182 49B6  
                          l5094 4408                            l5086 43E4                            l5406 3F54  
                          l5078 48E6                            l5430 4186                            l5422 416C  
                          l6038 393C                            l5262 410C                            l5254 40DA  
                          l5270 4122                            l5246 40B4                            l5238 4092  
                          l5334 4348                            l5326 4334                            l5318 42EE  
                          l6046 4812                            l6062 471E                            l5344 468E  
                          l5184 49BA                            l5352 4980                            l5360 45BE  
                          l5096 4418                            l5408 3FAA                            l5432 418A  
                          l5416 4144                            l5272 4132                            l5264 4114  
                          l5256 40E2                            l5248 40B8                            l5280 4202  
                          l5336 434A                            l5328 433A                            l5600 4396  
                          l6048 4816                            l5346 469A                            l5186 49BE  
                          l5354 4984                            l5362 45CC                            l5098 4420  
                          l5450 3DCE                            l5442 41C4                            l5434 41AA  
                          l5418 4158                            l5274 413A                            l5266 4116  
                          l5258 40F0                            l5290 4232                            l5282 4210  
                          l5338 434C                            l5610 43BE                            l5602 4398  
                          l6058 470A                            l5530 4462                            l5348 46AA  
                          l5188 49C2                            l5380 4990                            l5364 45DA  
                          l5372 45E6                            l5356 459E                            l5460 3DF4  
                          l5452 3DD0                            l5444 41D6                            l5436 41BC  
                          l5428 4174                            l5268 411C                            l5292 4244  
                          l5284 4218                            l5612 43DE                            l5604 43B2  
                          l5700 3AD8                            l5620 48CE                            l5540 4482  
                          l5532 4466                            l5358 45AC                            l5390 3EE4  
                          l5382 3ECE                            l5470 3E44                            l5462 3E04  
                          l5454 3DD6                            l5446 41DA                            l5294 424C  
                          l5286 421C                            l5278 41FE                            l5606 43B4  
                          l5630 48C2                            l5710 3B30                            l5702 3AE8  
                          l5622 48D2                            l5550 448C                            l5542 4484  
                          l5534 447C                            l5614 4966                            l5376 498A  
                          l5392 3EF4                            l5384 3ED0                            l5480 3EC8  
                          l5472 3E54                            l5464 3E14                            l5456 3DD8  
                          l5448 41F8                            l5296 4254                            l5288 422A  
                          l5800 3326                            l5608 43BC                            l5632 48C4  
                          l5720 3B84                            l5712 3B40                            l5704 3AFC  
                          l5560 4496                            l5552 448E                            l5544 4486  
                          l5536 447E                            l5616 496A                            l5624 45F0  
                          l5528 47E4                            l9000 1A50                            l5378 498E  
                          l5394 3F04                            l5386 3ED6                            l5466 3E24  
                          l5458 3DE4                            l5298 4262                            l5810 335A  
                          l5634 48C6                            l5650 3CEE                            l5642 3CC0  
                          l5722 3B96                            l5714 3B50                            l5706 3B0C  
                          l5570 44A0                            l5562 4498                            l5554 4490  
                          l5546 4488                            l5538 4480                            l5618 496C  
                          l5626 4628                            l9010 1AAC                            l9002 1A76  
                          l5396 3F14                            l5388 3ED8                            l5468 3E34  
                          l5476 3E64                            l5900 35E2                            l5820 3388  
                          l5812 3366                            l5804 3346                            l5628 48B6  
                          l5660 3D2C                            l5652 3CFA                            l5644 3CC2  
                          l5716 3B64                            l5708 3B1C                            l5724 3BA6  
                          l5580 44BA                            l5572 44A2                            l5564 449A  
                          l5556 4492                            l5548 448A                            l9100 1D46  
                          l9012 1ACA                            l9020 1B1A                            l9004 1A7E  
                          l5398 3F24                            l5478 3EC2                            l5910 3636  
                          l5902 35F0                            l5830 33D4                            l5822 338C  
                          l5814 3374                            l5806 3348                            l5590 435C  
                          l5670 3D74                            l5662 3D3C                            l5654 3D10  
                          l5646 3CC6                            l5726 3BA8                            l5718 3B74  
                          l5582 44BC                            l5574 44B4                            l5566 449C  
                          l5558 4494                            l9110 1D96                            l9102 1D48  
                          l9022 1B36                            l9030 1B74                            l9014 1AE0  
                          l9006 1A8C                            l5912 3648                            l5904 3602  
                          l5840 3410                            l5832 33DA                            l5824 33A2  
                          l5816 3378                            l5920 3678                            l5808 3348  
                          l5592 4362                            l5680 3DAA                            l5672 3D78  
                          l5664 3D4C                            l5656 3D16                            l5648 3CDE  
                          l5728 3BB0                            l5584 44BE                            l5576 44B6  
                          l5568 449E                            l9200 1F2A                            l9120 1DAC  
                          l9112 1D9A                            l9104 1D4C                            l9040 1BBE  
                          l9032 1B82                            l9024 1B42                            l9016 1AEC  
                          l9008 1A9E                            l5930 36D2                            l5922 368A  
                          l5914 365A                            l5906 3614                            l5850 344E  
                          l5842 341C                            l5834 33DE                            l5826 33B2  
                          l5818 337C                            l5594 4364                            l5682 3DC0  
                          l5674 3D8A                            l5666 3D58                            l5658 3D1A  
                          l5690 3A9C                            l5586 44C0                            l5578 44B8  
                          l9210 1F60                            l9202 1F2C                            l9130 1DD4  
                          l9122 1DB0                            l9114 1D9E                            l9106 1D64  
                          l9050 1C0E                            l9034 1B90                            l9042 1BC8  
                          l9026 1B52                            l9018 1AFC                            l5932 36E2  
                          l5940 3708                            l5924 369E                            l5916 3662  
                          l5908 3626                            l5860 3498                            l5852 345E  
                          l5844 3432                            l5836 33F0                            l5828 33BE  
                          l5596 438C                            l5588 4358                            l5684 3DC8  
                          l5676 3D9A                            l5668 3D6E                            l8500 3C0C  
                          l5692 3A9E                            l9300 2150                            l9204 1F34  
                          l9140 1E12                            l9132 1DE6                            l9124 1DB2  
                          l9116 1DA2                            l9108 1D74                            l9220 1F98  
                          l9060 1C4C                            l9052 1C1E                            l9044 1BD6  
                          l9036 1B98                            l9028 1B6A                            l5950 372E  
                          l5942 3710                            l5934 36E4                            l5926 36B0  
                          l5918 366A                            l5870 34EA                            l5862 34A8  
                          l5854 346A                            l5846 3438                            l5838 3400  
                          l5598 438E                            l5678 3DA6                            l8510 3C4E  
                          l8502 3C22                            l5694 3AA6                            l5686 3A94  
                          l9310 2164                            l9302 2154                            l9230 1FD8  
                          l9222 1F9C                            l9150 1E4C                            l9142 1E22  
                          l9126 1DBA                            l9118 1DA6                            l9214 1F6E  
                          l9070 1C86                            l9054 1C30                            l9062 1C50  
                          l9038 1BAC                            l9046 1BFC                            l5960 3754  
                          l5952 3734                            l5944 3718                            l5936 36F0  
                          l5928 36C0                            l5880 353C                            l5872 34EC  
                          l5864 34B8                            l5856 3480                            l5848 343C  
                          l5792 3306                            l8512 3C6C                            l8504 3C2A  
                          l8520 3C8E                            l8600 46C4                            l5696 3AB6  
                          l5688 3A96                            l9400 2388                            l9312 216C  
                          l9304 2158                            l9240 2016                            l9232 1FDE  
                          l9224 1FAC                            l9216 1F80                            l9208 1F4E  
                          l9160 1E60                            l9152 1E50                            l9144 1E2E  
                          l9136 1DF0                            l9080 1CD0                            l9072 1C8E  
                          l9056 1C44                            l9048 1C06                            l5970 3784  
                          l5954 3744                            l5946 3720                            l5938 36F2  
                          l5882 354E                            l5866 34CA                            l5874 3506  
                          l5858 3492                            l5794 3316                            l8522 3C9E  
                          l8514 3C7C                            l8506 3C36                            l8610 46FE  
                          l8602 46D6                            l5698 3AC8                            l8530 499E  
                          l9410 23B8                            l9402 238C                            l9330 21E4  
                          l9306 215E                            l9322 21A2                            l9250 204A  
                          l9242 2018                            l9234 1FEE                            l9226 1FBC  
                          l9218 1F90                            l9162 1E68                            l9154 1E54  
                          l9146 1E44                            l9138 1E02                            l9090 1D12  
                          l9082 1CDC                            l9074 1CA6                            l9066 1C64  
                          l9058 1C48                            l5980 37C6                            l5972 3790  
                          l5964 3774                            l5956 3746                            l5948 3726  
                          l5892 359A                            l5884 3560                            l5876 3516  
                          l5868 34DE                            l5796 3318                            l8524 3CAE  
                          l8516 3C7E                            l8508 3C44                            l8460 486A  
                          l8604 46DE                            l8540 47C2                            l8532 49A2  
                          l9500 25E4                            l9420 240C                            l9412 23D0  
                          l9404 2394                            l9340 2218                            l9332 21E6  
                          l9324 21B4                            l9316 2186                            l9308 2162  
                          l9260 209A                            l9252 204C                            l9244 2024  
                          l9236 1FF6                            l9228 1FCC                            l9180 1EE0  
                          l9156 1E5A                            l9148 1E48                            l9172 1E9E  
                          l9092 1D14                            l9084 1CE2                            l9068 1C76  
                          l9076 1CAE                            l8700 1130                            l8620 1068  
                          l5990 3808                            l5982 37DC                            l5974 3794  
                          l5966 377C                            l5958 3752                            l5894 35A2  
                          l5886 3570                            l5878 3528                            l5798 3324  
                          l8518 3C88                            l8462 4880                            l8470 49AA  
                          l8550 3964                            l8606 46E2                            l8542 47D2  
                          l8534 47B0                            l9510 2618                            l9502 25FE  
                          l9430 243A                            l9422 2410                            l9414 23E8  
                          l9406 23A4                            l9350 222E                            l9342 221C  
                          l9334 21F2                            l9326 21C4                            l9318 2198  
                          l9270 20B0                            l9262 209E                            l9254 2050  
                          l9246 2026                            l9238 2006                            l9190 1F14  
                          l9182 1EE2                            l9174 1EB0                            l9166 1E82  
                          l9158 1E5E                            l9094 1D20                            l9086 1CF2  
                          l9078 1CC0                            l8710 116E                            l8702 1132  
                          l8630 107A                            l8622 106C                            l8614 105C  
                          l5992 3818                            l5984 37E2                            l5976 37AA  
                          l5968 3780                            l5896 35C4                            l5888 3586  
                          l8480 495C                            l8464 49AE                            l8472 4976  
                          l8528 463A                            l8560 3994                            l8552 3968  
                          l8608 46E4                            l8536 47B4                            l8544 44D4  
                          l9600 2902                            l9512 261C                            l9504 2600  
                          l9424 2414                            l9416 2404                            l9408 23B4  
                          l9440 246E                            l9360 2264                            l9352 2230  
                          l9344 2220                            l9336 21F4                            l9328 21D0  
                          l9280 20D8                            l9272 20B4                            l9264 20A2  
                          l9256 2068                            l9192 1F18                            l9184 1EEE  
                          l9176 1EC0                            l9168 1E94                            l9096 1D22  
                          l9088 1D02                            l8800 13EE                            l8720 11C2  
                          l8712 1170                            l8704 114C                            l8640 1084  
                          l8632 107C                            l8624 1070                            l8616 105E  
                          l5994 3824                            l5986 37E6                            l5978 37BA  
                          l5898 35D2                            l8490 3BD6                            l8458 486A  
                          l8482 4960                            l8466 49B2                            l8474 497A  
                          l8570 39C8                            l8562 399C                            l8554 3970  
                          l8538 47BA                            l8546 4532                            l9610 294C  
                          l9602 290A                            l9530 2682                            l9522 2644  
                          l9514 2622                            l9506 2604                            l9450 249A  
                          l9434 2454                            l9426 2418                            l9418 2408  
                          l9370 229C                            l9354 2238                            l9346 2224  
                          l9290 2116                            l9282 20EA                            l9274 20B6  
                          l9266 20A6                            l9258 2078                            l9194 1F1C  
                          l9186 1EF0                            l9178 1ECC                            l8810 142E  
                          l8802 1400                            l8730 11EC                            l8722 11CA  
                          l8714 118C                            l8706 114E                            l8650 108E  
                          l8642 1086                            l8634 107E                            l8626 1074  
                          l8618 1062                            l5996 383A                            l5988 37F8  
                          l8492 3BDA                            l8484 3BB4                            l8476 4954  
                          l8468 49A6                            l8580 39F6                            l8572 39CA  
                          l8564 399E                            l8556 3972                            l9700 2B4E  
                          l9612 2968                            l9620 299A                            l9604 2922  
                          l9540 26E8                            l9532 2694                            l9524 2654  
                          l9516 2624                            l9508 2614                            l9460 24E6  
                          l9452 24B6                            l9444 2476                            l9436 2466  
                          l9428 2432                            l9380 22D4                            l9372 22A0  
                          l9348 222A                            l9292 2126                            l9276 20BE  
                          l9268 20AA                            l9364 2272                            l9196 1F20  
                          l8900 16C2                            l8820 146E                            l8812 143A  
                          l8804 140C                            l8740 122E                            l8732 1208  
                          l8724 11CC                            l8716 1196                            l8708 1166  
                          l8660 10A4                            l8652 1090                            l8644 1088  
                          l8636 1080                            l8628 1078                            l5998 3840  
                          l8494 3BE8                            l8486 3BB8                            l8478 4958  
                          l8590 3A3E                            l8582 3A12                            l8574 39E6  
                          l8566 39BA                            l8558 398E                            l9710 2B66  
                          l9702 2B52                            l9630 29DA                            l9622 299E  
                          l9614 2970                            l9606 292A                            l9550 2778  
                          l9542 2700                            l9534 26AC                            l9526 2658  
                          l9518 263E                            l9470 252A                            l9462 24EE  
                          l9454 24D2                            l9446 2486                            l9390 2314  
                          l9382 22E4                            l9374 22B8                            l9366 2284  
                          l9358 2252                            l9294 2132                            l9286 20F4  
                          l9198 1F26                            l8910 1702                            l8902 16C8  
                          l8830 14DE                            l8822 147A                            l8814 144A  
                          l8806 140E                            l8750 126E                            l8742 123C  
                          l8734 120A                            l8726 11E8                            l8718 11AC  
                          l8670 10BE                            l8662 10A8                            l8654 1094  
                          l8646 108A                            l8638 1082                            l8496 3BF8  
                          l8488 3BC6                            l8584 3A18                            l8576 39EC  
                          l8568 39C0                            l9800 2D86                            l9704 2B58  
                          l9720 2B9C                            l9640 2A12                            l9632 29E0  
                          l9624 29AE                            l9616 2982                            l9608 293C  
                          l9560 27BC                            l9552 2788                            l9544 2712  
                          l9536 26BE                            l9528 266A                            l9480 2544  
                          l9472 253C                            l9464 2508                            l9456 24DE  
                          l9448 2496                            l9384 22F0                            l9376 22C8  
                          l9368 2294                            l9296 2148                            l9288 2106  
                          l8920 173C                            l8904 16DC                            l8912 1704  
                          l8840 1512                            l8832 14E0                            l8816 1456  
                          l8808 1428                            l8752 127A                            l8744 123E  
                          l8736 120E                            l8728 11EA                            l8680 10C8  
                          l8672 10C0                            l8664 10AA                            l8656 1098  
                          l8648 108C                            l8498 3BFC                            l8586 3A20  
                          l8578 39F4                            l8594 3A44                            l9810 2DCA  
                          l9802 2D8E                            l9730 2BE0                            l9722 2BAE  
                          l9714 2B80                            l9706 2B5C                            l9650 2A46  
                          l9642 2A1E                            l9634 29F0                            l9626 29BE  
                          l9618 2992                            l9570 27FE                            l9562 27D6  
                          l9554 278C                            l9546 275A                            l9538 26D6  
                          l9490 257C                            l9482 2554                            l9466 2510  
                          l9458 24E2                            l9386 22FC                            l9394 2320  
                          l9378 22CC                            l9298 214C                            l8922 174E  
                          l8930 1776                            l8914 1706                            l8906 16E4  
                          l8850 1556                            l8842 1524                            l8834 14FC  
                          l8818 1462                            l8826 1486                            l8770 131A  
                          l8754 1286                            l8746 1258                            l8762 12AA  
                          l8738 121E                            l8690 10FA                            l8682 10CA  
                          l8674 10C2                            l8666 10AC                            l8658 109C  
                          l8588 3A22                            l9900 2FF8                            l9820 2E0A  
                          l9812 2DE2                            l9804 2D9E                            l9740 2C16  
                          l9732 2BEC                            l9724 2BBE                            l9716 2B92  
                          l9708 2B5E                            l9660 2A98                            l9652 2A4A  
                          l9644 2A20                            l9636 2A00                            l9628 29CE  
                          l9580 2846                            l9572 2804                            l9556 279E  
                          l9492 2588                            l9484 2558                            l9396 236C  
                          l9388 2308                            l8940 1824                            l8932 1794  
                          l8924 1756                            l8916 1722                            l8908 16E6  
                          l8860 158E                            l8844 1536                            l8852 1558  
                          l8836 14FE                            l8828 14DA                            l8780 134C  
                          l8772 132A                            l8764 12F8                            l8756 1292  
                          l8748 125E                            l8692 1116                            l8684 10DA  
                          l8676 10C4                            l8668 10AE                            l9910 3016  
                          l9902 2FFA                            l9822 2E0E                            l9814 2DFE  
                          l9806 2DAE                            l9750 2C2A                            l9742 2C1A  
                          l9734 2BEE                            l9726 2BCA                            l9670 2AAE  
                          l9662 2A9C                            l9654 2A62                            l9638 2A10  
                          l9574 2816                            l9566 27EA                            l9558 27AA  
                          l9494 2594                            l9486 2560                            l9398 2386  
                          l9590 28C8                            l8950 1894                            l8942 1842  
                          l8934 17B2                            l8926 1758                            l8918 172A  
                          l8870 15E0                            l8862 1594                            l8854 156C  
                          l8846 153A                            l8838 1502                            l8790 1394  
                          l8782 1360                            l8774 132E                            l8766 1314  
                          l8758 129E                            l8694 1118                            l8686 10F4  
                          l8678 10C6                            l9920 303E                            l9912 301C  
                          l9904 2FFE                            l9832 2E4E                            l9824 2E12  
                          l9816 2E02                            l9808 2DB2                            l9752 2C32  
                          l9744 2C1E                            l9728 2BDE                            l9680 2AE4  
                          l9672 2AB0                            l9664 2AA0                            l9656 2A72  
                          l9648 2A44                            l9592 28CC                            l9576 2828  
                          l9568 27FA                            l9488 256C                            l8960 18F8  
                          l8952 18A4                            l8944 185E                            l8936 17C2  
                          l8928 1774                            l8880 1620                            l8872 15F4  
                          l8864 15A6                            l8856 156E                            l8848 153C  
                          l8792 13A6                            l8784 137C                            l8776 1330  
                          l8768 1316                            l8696 111C                            l8688 10F8  
                          l9930 308E                            l9922 304E                            l9914 301E  
                          l9906 300E                            l9850 2EB0                            l9842 2E70  
                          l9834 2E60                            l9826 2E2C                            l9818 2E06  
                          l9770 2C9A                            l9746 2C24                            l9738 2C12  
                          l9690 2B20                            l9674 2AB8                            l9666 2AA4  
                          l9658 2A94                            l9762 2C6C                            l9578 282A  
                          l9498 25A0                            l9586 284C                            l8970 195A  
                          l8962 1906                            l8954 18B6                            l8946 186E  
                          l8938 17E0                            l8882 162C                            l8874 15FC  
                          l8866 15B8                            l8858 158C                            l8794 13B8  
                          l8786 137E                            l8778 134A                            l8698 112C  
                          l9940 30FA                            l9932 30A6                            l9924 3052  
                          l9916 3038                            l9908 3012                            l9860 2EE8  
                          l9852 2ECC                            l9844 2E80                            l9828 2E34  
                          l9780 2CDE                            l9772 2CB2                            l9764 2C7E  
                          l9756 2C4C                            l9748 2C28                            l9692 2B2C  
                          l9668 2AAA                            l9684 2AEE                            l9596 28E0  
                          l9588 28B8                            l8980 19BC                            l8972 1966  
                          l8964 191A                            l8948 1886                            l8956 18C0  
                          l8884 1638                            l8876 15FE                            l8868 15CC  
                          l8796 13CA                            l8788 1382                            l9950 3182  
                          l9942 310C                            l9934 30B8                            l9926 3064  
                          l9870 2F36                            l9862 2F02                            l9854 2ED8  
                          l9846 2E90                            l9838 2E68                            l9782 2CEA  
                          l9774 2CC2                            l9766 2C8E                            l9758 2C5E  
                          l9694 2B42                            l9686 2B00                            l9678 2AD2  
                          l9598 28F2                            l8990 1A0A                            l8982 19CC  
                          l8974 1976                            l8966 1928                            l8958 18F0  
                          l8886 1644                            l8878 161A                            l8894 165C  
                          l8798 13DC                            STR_1 1057                            l9960 31D0  
                          l9952 3186                            l9944 3154                            l9936 30D0  
                          l9928 307C                            l9880 2F4E                            l9864 2F0A  
                          l9856 2EDC                            l9848 2E94                            l9784 2CF6  
                          l9792 2D1A                            l9776 2CC6                            l9768 2C96  
                          l9696 2B46                            l9688 2B10                            l8992 1A12  
                          l8984 19E4                            l8968 1944                            l8976 1994  
                          l8896 16A4                            l8888 1650                            STR_2 1051  
                          STR_3 104A                            l9970 31FE                            l9954 3198  
                          l9938 30E2                            l9890 2F82                            l9882 2F52  
                          l9858 2EE0                            l9794 2D66                            l9786 2D02  
                          l9778 2CCE                            l9698 2B4A                            l8994 1A26  
                          l8978 19B0                            l8986 19EE                            l8898 16C0  
                          STR_4 1036                            l9972 3210                            l9964 31E4  
                          l9956 31A4                            l9948 3172                            l9892 2F8E  
                          l9884 2F5A                            l9868 2F24                            l9796 2D80  
                          l9788 2D0E                            l8996 1A38                            l8988 19FC  
                          STR_6 1054                            l9966 31F4                            l9958 31B6  
                          l9886 2F66                            l9878 2F3E                            l9798 2D82  
                          l8998 1A42                            l9990 32CE                            STR_8 101E  
                          l9976 3228                            l9968 31F8                            l9888 2F76  
                          l9896 2F9A                            l9984 324A                            l9978 3244  
                          l9898 2FDE                            l9986 32B6                            l9988 32C6  
                          u4010 44D0                            u4011 44CC                            u4100 3AFC  
                          u4101 3AF8                            u4030 3D10                            u4110 3B1C  
                          u4031 3D0C                            u4111 3B18                            u4200 33D4  
                          u4040 3D2C                            u4120 3B30                            u4201 33D0  
                          u4025 437A                            u4041 3D28                            u4121 3B2C  
                          u4210 33F0                            u4050 3D6E                            u4130 3B50  
                          u4211 33EC                            u4051 3D6A                            u4131 3B4C  
                          u4300 3528                            u4220 3432                            u4060 3D8A  
                          u4140 3B64                            u4301 3524                            u4221 342E  
                          u4061 3D86                            u4141 3B60                            u4310 353A  
                          u4230 344E                            u4150 3B84                            u4070 3AB6  
                          u4311 3536                            u4231 344A                            u4151 3B80  
                          u4071 3AB2                            u3600 4868                            u4400 3648  
                          u4320 354E                            u4240 3480                            u4160 3B96  
                          u4080 3AC8                            u3601 4864                            u4401 3644  
                          u4321 354A                            u4241 347C                            u4161 3B92  
                          u4081 3AC4                            u4410 365A                            u4330 3560  
                          u4250 3492                            u4090 3AE8                            _PEN2 007B5A  
                          u4411 3656                            u4331 355C                            u4251 348E  
                          u4091 3AE4                            u3620 4418                            u4500 37F8  
                          u4420 368A                            u4340 3596                            u4260 34B8  
                          u4180 3316                            u3621 4414                            u4501 37F4  
                          u4421 3686                            u4341 3592                            u4261 34B4  
                          u4181 3312                            u3630 4436                            u3614 43FC  
                          u4510 383A                            u4430 369C                            u4350 35BC  
                          u4270 34CA                            u4190 335A                            u3631 4432  
                          u3615 43F8                            u4511 3836                            u4431 3698  
                          u4351 35B6                            u4271 34C6                            u4191 3356  
                          u3640 444E                            u4520 3856                            u3720 4092  
                          u3800 4244                            u4440 36B0                            u4360 35BE  
                          u4280 34DC                            u4600 483C                            u7000 17E0  
                          u3641 444A                            u4521 3852                            u3721 408E  
                          u3801 4240                            u4441 36AC                            u4281 34D8  
                          u4601 4838                            u7001 17DC                            u3650 4460  
                          u3570 490E                            u4530 3886                            u3730 40AC  
                          u3810 4262                            u4450 36C0                            u4370 3602  
                          u4290 3516                            u4610 473A                            u7010 185E  
                          u3651 445C                            u3571 490A                            u4531 3882  
                          u3731 40A8                            u3811 425E                            u4451 36BC  
                          u4371 35FE                            u4291 3512                            u4611 4736  
                          u7011 185A                            u3580 4774                            u3900 416C  
                          u4540 38CE                            u3740 40D2                            u3820 4278  
                          u4460 36D2                            u4380 3614                            u7100 19FC  
                          u7020 18DE                            u3581 4770                            u3901 4168  
                          u4541 38CA                            u3741 40CE                            u3821 4274  
                          u4461 36CE                            u4381 3610                            u7101 19F8  
                          u7021 18DA                            u3590 48F8                            u3910 41A6  
                          u4550 38E2                            u3750 40F0                            u3830 429C  
                          u4470 36E2                            u4390 3626                            u7110 1A0A  
                          u7030 18EC                            u3591 48F4                            u3911 41A2  
                          u4551 38DE                            u3751 40EC                            u3831 4298  
                          u4471 36DE                            u4391 3622                            u7111 1A06  
                          u7031 18E8                            u3920 41BC                            u4560 38F6  
                          u4480 3744                            u3760 410C                            u3840 4324  
                          u8000 2E90                            u7200 1B82                            u7120 1A50  
                          u7040 1906                            u3921 41B8                            u4561 38F2  
                          u4481 3740                            u3761 4108                            u3841 4320  
                          u8001 2E8C                            u7201 1B7E                            u7121 1A4C  
                          u7041 1902                            u3930 41F6                            u4570 3906  
                          u4490 37DC                            u3770 4132                            u3850 4334  
                          u8010 2F20                            u7210 1B90                            u7130 1A6E  
                          u7050 191A                            u3931 41F2                            u4571 3902  
                          u4491 37D8                            u3771 412E                            u3851 4330  
                          u8011 2F1C                            u7211 1B8C                            u7131 1A6A  
                          u7051 1916                            u3860 46AA                            u4580 3916  
                          u3780 4210                            u8100 3182                            u8020 2F4E  
                          u7300 1D12                            u7220 1BD6                            u7140 1A8C  
                          u7060 1928                            u3861 46A6                            u4581 3912  
                          u3781 420C                            u8101 317E                            u8021 2F4A  
                          u7301 1D0E                            u7221 1BD2                            u7141 1A88  
                          u7061 1924                            u3870 45AC                            u4590 3956  
                          u3790 422A                            u8110 3198                            u8030 300E  
                          u7310 1D96                            u7230 1BF4                            u7150 1A9E  
                          u7070 1944                            u3871 45A8                            u4591 3952  
                          u3791 4226                            u8111 3194                            u8031 300A  
                          u7311 1D92                            u7231 1BF0                            u7151 1A9A  
                          u7071 1940                            u3880 45BE                            u8120 31B6  
                          u8040 304E                            u7400 1F90                            u7320 1DD0  
                          u7240 1C30                            u7160 1AAC                            u7080 195A  
                          u3881 45BA                            u8121 31B2                            u8041 304A  
                          u7401 1F8C                            u7321 1DCC                            u7241 1C2C  
                          u7161 1AA8                            u7081 1956                            u3890 45DA  
                          u8130 31F4                            u8050 3064                            u7410 1FBC  
                          u7330 1E02                            u7250 1C60                            u7170 1ACA  
                          u7090 19B0                            _SEN2 007B58                            u3891 45D6  
                          u8131 31F0                            u8051 3060                            u7411 1FB8  
                          u7331 1DFE                            u7251 1C5C                            u7171 1AC6  
                          u7091 19AC                            u6700 3C44                            u8140 3210  
                          u8060 308E                            u7500 21E4                            u7420 1FCC  
                          u7340 1E44                            u7260 1C76                            u7180 1AE0  
                          u6701 3C40                            u8141 320C                            u8061 308A  
                          u7501 21E0                            u7421 1FC8                            u7341 1E40  
                          u7261 1C72                            u7181 1ADC                            u6710 3C6C  
                          u8150 3222                            u8070 30B8                            u7510 224E  
                          u7430 2016                            u7350 1E7E                            u7270 1C86  
                          u7190 1B36                            u6711 3C68                            u8151 321E  
                          u8071 30B4                            u7511 224A                            u7431 2012  
                          u7351 1E7A                            u7271 1C82                            u7191 1B32  
                          u6720 3C9E                            u8080 30E2                            u7600 2526  
                          u7520 2284                            u7440 209A                            u7360 1EB0  
                          u7280 1CC0                            u6800 132A                            u6721 3C9A  
                          u8081 30DE                            u7601 2522                            u7521 2280  
                          u7441 2096                            u7361 1EAC                            u7281 1CBC  
                          u6801 1326                            u6650 4880                            u6730 47D2  
                          u8090 310C                            u7610 2554                            u7530 2294  
                          u7450 20D4                            u7370 1EE0                            u7290 1CD0  
                          u6810 1394                            u6651 487C                            u6731 47CE  
                          u8091 3108                            u7611 2550                            u7531 2290  
                          u7451 20D0                            u7371 1EDC                            u7291 1CCC  
                          u8307 187A                            u6811 1390                            u6660 488E  
                          u6740 46D6                            u7700 279E                            u7620 2614  
                          u7540 22C8                            u7460 2106                            u7380 1F4A  
                          u6900 1536                            u6820 13A6                            u6661 488A  
                          u6741 46D2                            u7701 279A                            u7621 2610  
                          u7541 22C4                            u7461 2102                            u7381 1F46  
                          u8317 18AC                            u6901 1532                            u6821 13A2  
                          u6670 3BC6                            u7710 27BC                            u7630 2654  
                          u7550 23A4                            u7470 2148                            u7390 1F80  
                          u6910 15A6                            u6830 13B8                            u6750 112C  
                          u6671 3BC2                            u7711 27B8                            u7631 2650  
                          u7551 23A0                            u7471 2144                            u7391 1F7C  
                          u8407 1E0A                            u8327 1982                            u6911 15A2  
                          u6831 13B4                            u6751 1128                            u6680 3BE8  
                          u7800 2982                            u7720 27FA                            u7640 266A  
                          u7560 23B4                            u7480 2182                            u6920 15B8  
                          u6840 13CA                            u6760 11AC                            u6681 3BE4  
                          u7801 297E                            u7721 27F6                            u7641 2666  
                          u7561 23B0                            u7481 217E                            u8417 1EFC  
                          u8337 19D8                            u6921 15B4                            u6841 13C6  
                          u6761 11A8                            u6690 3C22                            u7810 2992  
                          u7730 2816                            u7650 2694                            u7570 2450  
                          u7490 21B4                            u6930 15CC                            u6850 13DC  
                          u6770 11C2                            u6691 3C1E                            u8507 2A56  
                          u7811 298E                            u7731 2812                            u7651 2690  
                          u7571 244C                            u7491 21B0                            u8427 2032  
                          u8347 1A2E                            u6931 15C8                            u6851 13D8  
                          u6771 11BE                            u7900 2BAE                            u7820 29BE  
                          u7740 2828                            u7660 26BE                            u7580 2486  
                          u6940 15E0                            u6860 13EE                            u6780 121E  
                          u7901 2BAA                            u8517 2B08                            u7821 29BA  
                          u7741 2824                            u7661 26BA                            u7581 2482  
                          u8437 205C                            u8357 1B08                            u6941 15DC  
                          u6861 13EA                            u6781 121A                            u7910 2BDE  
                          u7830 29CE                            u7750 28DC                            u7670 26E8  
                          u7590 2496                            u6950 15F4                            u6870 1400  
                          u6790 122E                            u8607 3330                            u8527 2BFA  
                          u7911 2BDA                            u7831 29CA                            u7751 28D8  
                          u7671 26E4                            u7591 2492                            u8447 210E  
                          u8367 1B5E                            u6951 15F0                            u6871 13FC  
                          u6791 122A                            u8287 10E6                            u7920 2C48  
                          u7840 2A10                            u7760 28F2                            u7680 2712  
                          u6960 16DC                            u6880 1512                            u8617 3396  
                          u8537 2E1E                            u7921 2C44                            u7841 2A0C  
                          u7761 28EE                            u7681 270E                            u8457 2200  
                          u8377 1BB4                            u8297 1830                            u6961 16D8  
                          u6881 150E                            u7930 2C7E                            u7850 2A94  
                          u7770 2902                            u7690 2788                            u6970 173C  
                          u6890 1524                            u8707 379E                            u8627 33F6  
                          u8547 2EF4                            u7931 2C7A                            u7851 2A90  
                          u7771 28FE                            u7691 2784                            u8467 2424  
                          u8387 1D2E                            u6971 1738                            u6891 1520  
                          u7940 2C8E                            u7860 2ACE                            u7780 293C  
                          u6980 174E                            u8717 37FE                            u8637 34F6  
                          u8557 3160                            u7941 2C8A                            u7861 2ACA  
                          u7781 2938                            u8477 24FA                            u8397 1D58  
                          u6981 174A                            u7950 2CC2                            u7870 2B00  
                          u7790 294C                            u6990 17B2                            u8727 38A0  
                          u8647 357A                            u8567 481C                            u7951 2CBE  
                          u7871 2AFC                            u7791 2948                            u8487 2766  
                          u6991 17AE                            u7960 2D9E                            u7880 2B42  
                          u8737 3930                            u8657 35CA                            u8577 3CD0  
                          u7961 2D9A                            u7881 2B3E                            u8497 2A2C  
                          u7970 2DAE                            u7890 2B7C                            u8747 45C4  
                          u8667 35E8                            u8587 3D32                            u7971 2DAA  
                          u7891 2B78                            u7980 2E4A                            u8757 4848  
                          u8677 3670                            u8597 3DB4                            u7981 2E46  
                          u7990 2E80                            u8687 36FC                            u7991 2E7C  
                          u8697 375E                            _TMR1 000FCE                            _Busy 002D  
                          _Stop 002E                            _data 00A1  __end_of_AD_capture_BattVoltage 46C4  
                          _main 105C                            _init 4462                            _temp 008D  
                          fsr2h 000FDA                            indf2 000FDF                            fsr1l 000FE1  
                          fsr2l 000FD9              _MotorPosition_Init 3CC0                            btemp 0057  
                          start 048A                 __end_of_Get7Seg 4080                 __end_of_Clr_RG3 49C6  
   __end_of_Homing_Again_Manual 3726                    ___param_bank 000000                    high_isr@Temp 0037  
           ?_MotorPosition_Init 0032                 __end_of_Read_IR 45F0                 __end_of_Set_RG3 49BE  
                ??_InitSTLED316 0040                 __end_of_MotorON 498A                    _BAUDCON1bits 000F7E  
                  _BAUDCON2bits 000F7C                           l10610 2334                           l10620 3260  
                         l10612 25B4                           l10604 12C0                           l10630 3F68  
                         l10622 32E4                           l10614 2862                           l10606 149C  
                         l10624 3A5C                           l10616 2D2E                           l10608 1674  
                         l10626 4026                           l10618 2FAE                           l10628 3E78  
               __end_of___aldiv 3CC0                           ?_main 0032                           ?_init 0032  
               __end_of___awdiv 4144                           _ADRES 000FC3                           STR_11 1001  
               __end_of___awmod 42AE                 ___awdiv@divisor 003C                           _T1CON 000FCD  
                         _T2CON 000FCA                           _T4CON 000F76                           _RCEN2 007B5B  
                         i2l503 01BA                           i2l526 0336                           i2l560 047E  
                         i2l685 47AC                           i2l950 48AE                           i2l952 48B4  
                         i2l944 492C                           i2l961 493C                           i2l963 494A  
                         i2l947 493A                           i2l955 4916                           i2l964 4950  
               ___awdiv@counter 003E                           i2l958 4924                           _RSEN2 007B59  
                         _TX1IF 007CF4                           _TX2IF 007D24                           _ETemp 0023  
                         _TRISA 000F92                           _TRISB 000F93                           _TRISC 000F94  
                         _TRISD 000F95                           _TRISE 000F96                           _TRISF 000F97  
                         _TRISG 000F98             __end_of_i2c_Address 4966            ??_MotorPosition_Init 0043  
                         _flush 4702                           _fwver 0052                      _Read1USART 4890  
                    _Read2USART 493C                _TMR1IF_triggered 0027                           tablat 000FF5  
      ??_STLED316s_SPI_SendData 003A                 __end_of_pwm_set 4812             __end_of_i2c_Restart 49A6  
                         ttemp5 0058                           ttemp6 005B                           ttemp7 005F  
                         status 000FD8                           wtemp8 0058                   _PWM_Selection 3964  
              PWM_Selection@msg 00A3                   i2_Write1USART 4926                   i2_Write2USART 4910  
         _WriteSTLED316SVibMode 3A94                 __initialization 453C                   _holdTimeRight 008B  
                    _InitTimer1 48B6                    __end_of_main 3306                    __end_of_init 44D4  
              __end_of_i2c_Init 48E4                __end_of_i2c_Read 47E4                __end_of_i2c_Wait 4890  
              __end_of_i2c_Stop 49AE                          ??_main 00A9                          ??_init 003A  
                 __activetblptr 000003                          _ACKEN2 007B5C                          _ACKDT2 007B5D  
                        ?_flush 0032                          _ADRESH 000FC4                          _ADRESL 000FC3  
                        _CCPR1L 000FBC                ___awdiv@dividend 003A                       ??_Get7Seg 003C  
                        i2l6102 4928                          i2l6104 4912                          i2l6080 478E  
                        i2l6064 4890                          i2l6072 493C                          i2l6082 4794  
                        i2l6066 489E                          i2l6074 494E                          i2l6084 47AA  
                        i2l6068 48B2                          i2l6078 4776                          i2l7600 0104  
                        i2l7602 0116                          i2l7612 0130                          i2l7604 0118  
                        i2l7620 015C                          i2l7710 0320                          i2l7702 02F4  
                        i2l7630 0174                          i2l7614 0136                          i2l7606 012C  
                        i2l7704 02FA                          i2l7632 0184                          i2l7616 0138  
                        i2l7720 034A                          i2l7730 03BC                          i2l7722 035A  
                        i2l7706 02FC                          i2l7642 01C8                          i2l7634 0198  
                        i2l7626 016C                          i2l7618 0148                          i2l7570 0038  
                        i2l7740 03F6                          i2l7732 03D0                          i2l7724 0378  
                        i2l7708 030C                          i2l7660 0224                          i2l7644 01CE  
                        i2l7636 01AA                          i2l7628 0172                          i2l7572 0048  
                        i2l7580 007C                          i2l7564 0012                          i2l7750 043A  
                        i2l7742 03FE                          i2l7734 03E0                          i2l7726 038C  
                        i2l7718 0344                          i2l7670 0288                          i2l7662 023A  
                        i2l7646 01E0                          i2l7590 00DE                          i2l7638 01B2  
                        i2l7582 008C                          i2l7574 0058                          i2l7566 0020  
                        i2l7760 047C                          i2l7752 0448                          i2l7744 0404  
                        i2l7736 03E4                          i2l7728 039C                          i2l7680 02A0  
                        i2l7664 024C                          i2l7648 01F0                          i2l7656 0204  
                        i2l7592 00EE                          i2l7584 009C                          i2l7576 0064  
                        i2l7568 0026                          i2l7754 0454                          i2l7746 0412  
                        i2l7738 03E8                          i2l7690 02BE                          i2l7682 02B4  
                        i2l7666 0266                          i2l7658 0214                          i2l7594 0100  
                        i2l7586 00B2                          i2l7578 0074                          i2l7756 0466  
                        i2l7748 0428                          i2l7692 02C0                          i2l7676 028C  
                        i2l7668 0276                          i2l7588 00C4                          i2l7758 0474  
                        i2l7694 02D0                          i2l7678 029E                          i2l7688 02B8  
                        i2l7696 02E4                          _RCREG1 000FAF                       ??_Clr_RG3 003A  
                        _RCREG2 000FAA                          _SPBRG1 000FB0                          _SPBRG2 000FAB  
                        _TMR1IE 007CE8                          _TMR1IF 007CF0                  ?_PWM_Selection 00A3  
                        _TRISC2 007CA2                          _TRISD5 007CAD                          _TRISD6 007CAE  
                ?i2_Write1USART 0032                  ?i2_Write2USART 0032                          _TXREG1 000FAE  
                        _TXREG2 000FA9                      _MotorBREAK 498A                       ??_Read_IR 003C  
                     ??_Set_RG3 003A                 read_i2c@address 0048                          _OpMode 002B  
                     ??_MotorON 003A                __end_of_high_isr 048A                       ??___aldiv 0042  
                     ??___awdiv 003E                       ??___awmod 003E                  _PWM_Duty_Cycle 0031  
              __end_of_flushOut 4776                __end_of_read_i2c 453C                     _i2c_Address 4952  
                        clear_0 4582                          clear_1 458E                ___awdiv@quotient 0040  
               ___awmod@divisor 003C                          isa$std 000001                 ___awmod@counter 003E  
              Read1USART@result 0032      __end_of_WriteSTLED316SData 4356      __end_of_WriteSTLED316SMode 3ECC  
                        flush@i 003A                   i2c_Write@data 003B                    __pdataCOMRAM 004E  
                  __mediumconst 0000                          tblptrh 000FF7                          tblptrl 000FF6  
                        tblptru 000FF8                     _i2c_Restart 499E                       ??_pwm_set 003C  
                   ?_Read1USART 0032                     ?_Read2USART 0032            __end_of_InitSTLED316 43E2  
                    __accesstop 0060                      _i_RUN_ZERO 001D         __end_of__initialization 4594  
           _Low_Power_Indicator 4776               _WriteSTLED316SErr 3ECC                   ___rparam_used 000001  
        ?_WriteSTLED316SVibMode 0040              ?_WriteSTLED316SErr 0032                  __pcstackCOMRAM 0032  
                   ?_InitTimer1 0032                    __pidataBANK0 49C6                   __end_of_flush 473C  
             __end_of_i2c_Start 49B6             ??_WriteSTLED316SErr 0040               __end_of_i2c_Write 4980  
          ?_Low_Power_Indicator 0032                Read2USART@result 0032                         ??_flush 003A  
                     ?_i2c_Init 0032                       ?_i2c_Read 003B                 ??_PWM_Selection 00A5  
                    __pbssBANK0 0060                       ?_i2c_Wait 0032                      _delay2_1ms 4812  
               ??i2_Write1USART 0032                       ?_i2c_Stop 0032                 ??i2_Write2USART 0032  
     __end_of_WriteSTLED316SErr 3FB4                   ??_Write1USART 003A                   ??_Write2USART 003A  
                   ?_MotorBREAK 0032                   _dutyCycle_reg 0013                         _CCP1CON 000FBB  
                       _CCP4CON 000F73           ??_Low_Power_Indicator 0032          _STLED316s_SPI_SendData 43E2  
              _readWeighingData 4144              i2c_Address@address 003C                         _SPBRGH1 000F7F  
                       _SPBRGH2 000F7D     WriteSTLED316SVibMode@dc_reg 0040                         _SSP2ADD 000F6E  
                       _SSP2BUF 000F6F                         _NUM_REC 001B                         _VOLTAGE 0093  
                     ?_high_isr 0032                      ??_i2c_Init 003A                      ??_i2c_Read 003D  
                       _PWM_reg 0056                      ??_i2c_Wait 003A                         _Get7Seg 3FB4  
   WriteSTLED316SVibMode@v_mode 0042                      ??_i2c_Stop 003B                         _Clr_RG3 49BE  
             __end_of_delay_1ms 486A               i2Write1USART@data 0032                       ?_flushOut 0032  
                     ?_read_i2c 0048                     _Serial_Flag 0030                         _Read_IR 459E  
         WriteSTLED316SMode@msg 0042                         _Set_RG3 49B6                         __Hparam 0000  
                       __Lparam 0000               i2Write2USART@data 0032                         _MotorON 4980  
           __end_of_Write1USART 4910             __end_of_Write2USART 48FA      WriteSTLED316SData@NUM_DIG0 0045  
    WriteSTLED316SData@NUM_DIG1 0047                         ___aldiv 3BB4                     _Motor_Speed 0099  
                       ___awdiv 4080                         ___awmod 41FE                    Get7Seg@Digit 003A  
                  __psmallconst 1000                         __pcinit 453C                         __ramtop 1000  
             __end_of_initUSART 463A                         __ptext0 105C                         __ptext1 44D4  
                       __ptext2 499E                         __ptext3 47AE                         __ptext4 47E4  
                       __ptext5 45F0                         __ptext6 4966                         __ptext7 4462  
                       __ptext8 48CE                         __ptext9 4702               __end_of_initMotor 4974  
                     _T2CONbits 000FCA                       _T3CONbits 000F79                ___awmod@dividend 003A  
                    _duty_cycle 009F                ___aldiv@dividend 003A                       _T4CONbits 000F76  
                 delay_1ms@time 003A                         _pwm_set 47E4                      _pause_Time 002A  
                     _EAdd_High 009D                      ??_high_isr 0033            end_of_initialization 4594  
                   ?_delay2_1ms 003A            i2c_Address@l_address 003D                      ??_flushOut 003A  
                    ??_read_i2c 004C         WriteSTLED316SData@data3 0049         WriteSTLED316SData@data4 004A  
              ___aldiv@quotient 0044                         postdec1 000FE5                         postinc0 000FEE  
                  ?_i2c_Address 003B                    _InitSTLED316 4356                       _PORTAbits 000F80  
                     _PORTBbits 000F81               __end_of_write_i2c 4684                       _TRISBbits 000F93  
                     _TRISCbits 000F94                       _TRISGbits 000F98                    ?_i2c_Restart 0032  
      ??_AD_capture_BattVoltage 003D                    ??_Read1USART 0032                    ??_Read2USART 0032  
            _WriteSTLED316SData 42AE         ??_WriteSTLED316SVibMode 0043              _WriteSTLED316SMode 3DCC  
                   _Write1USART 48FA                     _CCP1CONbits 000FBB                     _Write2USART 48E4  
           ?_WriteSTLED316SData 0042             ?_WriteSTLED316SMode 0032                    ??_InitTimer1 003A  
                _ToggleVIB_Mode 46C4                       _Device_ID 0097                     _Vmotor_Time 0054  
                 __pidataCOMRAM 4994              __end_of_Read1USART 48B6              __end_of_Read2USART 4952  
                 _Serial_Buffer 0070                  delay2_1ms@time 003A                       _i2c_Start 49AE  
                     _i2c_Write 4974            ??_WriteSTLED316SData 0045             start_initialization 453C  
          ??_WriteSTLED316SMode 0040                    _holdTimeLeft 0089                    _holdTimeMode 0087  
            __end_of_InitTimer1 48CE                 _LowPowerCounter 00AB        __end_of_readWeighingData 41FE  
                   pwm_set@duty 003A                    ??_MotorBREAK 003A          __end_of_ToggleVIB_Mode 4702  
       ?_STLED316s_SPI_SendData 0032                     __pdataBANK0 00AB                      ?_i2c_Start 0032  
                    ?_i2c_Write 0032                     __pbssCOMRAM 0001              __end_of_MotorBREAK 4994  
                 __pcstackBANK0 00A3                        ?_Get7Seg 003A             _Homing_Again_Manual 3306  
                      ?_Clr_RG3 0032           __end_of_PWM_Selection 3A94           __end_ofi2_Write1USART 493C  
         __end_ofi2_Write2USART 4926                        ?_Read_IR 003A                       _delay_1ms 483E  
             _Homing_Again_Auto 3726                        ?_Set_RG3 0032                 ?_ToggleVIB_Mode 0032  
                      ?_MotorON 0032  __end_of_STLED316s_SPI_SendData 4462         PWM_Selection@dcSelected 00A7  
   __end_of_Low_Power_Indicator 47AE              ?_Homing_Again_Auto 0032                       __pintcode 0008  
                      ?___aldiv 003A                        ?___awdiv 003A                        ?___awmod 003A  
          ?_Homing_Again_Manual 0032                    _errorcounter 004E             ??_Homing_Again_Auto 0043  
                   __smallconst 1000            WriteSTLED316SErr@msg 0042                       _initUSART 45F0  
                     _initMotor 4966                     Get7Seg@Data 003E                        ?_pwm_set 003A  
               Write1USART@data 003A                    ??_delay2_1ms 003C                 ___aldiv@divisor 003E  
               ___aldiv@counter 0042       __end_of_Homing_Again_Auto 3964                        _LATAbits 000F89  
                      _EAdd_Low 009B                        _LATCbits 000F8B                        _LATDbits 000F8C  
                      _LATGbits 000F8F                 Write2USART@data 003A                        _IPR1bits 000F9F  
                      _IPR3bits 000FA5                        _PIE1bits 000F9D                        _PIE3bits 000FA3  
                    ?_delay_1ms 003A               readWeighingData@i 003C                        _PIR1bits 000F9E  
                      i2u610_40 0020                        i2u610_41 001C                        i2u611_40 0038  
                      i2u611_41 0034                        i2u620_40 0128                        i2u612_40 0048  
                      i2u620_41 0124                        i2u612_41 0044                        i2u621_40 0148  
                      i2u613_40 0058                        i2u621_41 0144                        i2u613_41 0054  
                      _PIR3bits 000FA4                        i2u462_40 489E                        i2u630_40 023A  
                      i2u622_40 0184                        i2u614_40 008C                        i2u462_41 489A  
                      i2u630_41 0236                        i2u622_41 0180                        i2u614_41 0088  
                      i2u463_40 494A                        i2u631_40 024C                        i2u623_40 0198  
                      i2u615_40 00B2                        i2u463_41 4946                        i2u631_41 0248  
                      i2u623_41 0194                        i2u615_41 00AE                        i2u464_40 478E  
                      i2u640_40 0344                        i2u632_40 0266                        i2u624_40 01AA  
                      i2u616_40 00C4                        i2u464_41 478A                        i2u640_41 0340  
                      i2u632_41 0262                        i2u624_41 01A6                        i2u616_41 00C0  
                      i2u465_40 47AA                        i2u641_40 035A                        i2u633_40 0276  
                      i2u625_40 01C8                        i2u617_40 00DE                        i2u465_41 47A6  
                      i2u641_41 0356                        i2u633_41 0272                        i2u625_41 01C4  
                      i2u617_41 00DA                        i2u642_40 0378                        i2u634_40 0288  
                      i2u626_40 01E0                        i2u618_40 00EE                        i2u642_41 0374  
                      i2u634_41 0284                        i2u626_41 01DC                        i2u618_41 00EA  
                      i2u467_40 493A                        i2u643_40 03BC                        i2u635_40 02B0  
                      i2u627_40 01F0                        i2u619_40 0100                        i2u467_41 4936  
                      i2u643_41 03B8                        i2u635_41 02AC                        i2u627_41 01EC  
                      i2u619_41 00FC                        i2u468_40 4924                        i2u644_40 03F6  
                      i2u636_40 02D0                        i2u628_40 0200                        i2u468_41 4920  
                      i2u644_41 03F2                        i2u636_41 02CC                        i2u628_41 01FC  
                      i2u645_40 0412                        i2u637_40 030C                        i2u629_40 0214  
                      i2u645_41 040E                        i2u637_41 0308                        i2u629_41 0210  
                      i2u646_40 043A                        i2u638_40 0320                        i2u646_41 0436  
                      i2u638_41 031C                        i2u647_40 0448                        i2u639_40 0332  
                      i2u647_41 0444                        i2u639_41 032E                        i2u648_40 0466  
                      i2u648_41 0462                        i2u649_40 0474                        i2u649_41 0470  
                      i2u876_47 041C                        _RCONbits 000FD0          _AD_capture_BattVoltage 4684  
                      _SSP2CON1 000F6C                        _SSP2CON2 000F6B                        _SSP2STAT 000F6D  
         ??_Homing_Again_Manual 004B                       _pwm_count 0091                      _ADCON0bits 000FC2  
                    _ADCON1bits 000FC1              __end_of_delay2_1ms 483E                       high_isr@c 0038  
                     high_isr@i 0039                     ??_i2c_Start 003B                     ??_i2c_Write 003B  
    __end_of_MotorPosition_Init 3DCC                      ?_initUSART 0032           _delay_motor_stop_time 0028  
                    ?_initMotor 0032                    _Serial_GData 002F                       _write_i2c 463A  
                   _INTCON3bits 000FF0                       copy_data0 4550                       copy_data1 4570  
        InitSTLED316@Brightness 0042                    _Serial_Count 0025                        _i2c_Init 48CE  
                      _i2c_Read 47AE                        _i2c_Wait 486A                        _i2c_Stop 49A6  
                  ?_Write1USART 0032                    ?_Write2USART 0032   __end_of_WriteSTLED316SVibMode 3BB4  
                     flushOut@i 003A                      _ANCON0bits 000FC1                        __Hrparam 0000  
                      __Lrparam 0000               sendResponse@F6061 0080                  _vibration_mode 002C  
                      __ptext10 4812                        __ptext11 3A94                        __ptext20 3BB4  
                      __ptext12 46C4                        __ptext21 3CC0                        __ptext13 3964  
                      __ptext30 4144                        __ptext22 48B6                        __ptext14 463A  
                      __ptext31 473C                        __ptext23 4356                        __ptext15 4974  
                      __ptext40 498A                        __ptext32 48E4                        __ptext24 3306  
                      __ptext16 49A6                        __ptext41 49BE                        __ptext33 48FA  
                      __ptext25 42AE                        __ptext17 49AE                        __ptext42 4684  
                      __ptext34 3DCC                        __ptext26 41FE                        __ptext18 4952  
                      __ptext43 483E                        __ptext35 3ECC                        __ptext27 4080  
                      __ptext19 486A                        __ptext36 43E2                        __ptext28 3FB4  
                      __ptext45 4910                        __ptext37 459E                        __ptext29 3726  
                      __ptext46 4926                        __ptext38 4980                        __ptext47 493C  
                      __ptext39 49B6                        __ptext48 4890                        __ptext49 4776  
                    ?_write_i2c 0048                write_i2c@address 0048                        _high_isr 0008  
                      _dispense 0011               read_i2c@read_byte 004C                        _flushOut 473C  
                      _read_i2c 44D4               ?_readWeighingData 0032                     ??_delay_1ms 003C  
            ??_readWeighingData 003C                        _vib_Time 0029           _Motor_Stop_Delay_Time 0021  
                      isa$xinst 000000                        int$flags 0057                        _pwm_mode 008F  
             _Serial_Buffer_Out 0001      STLED316s_SPI_SendData@Data 003C                      _INTCONbits 000FF2  
                   ??_initUSART 003A      STLED316s_SPI_SendData@temp 003D                     ??_initMotor 003A  
                      intlevel2 0000                    _motor_status 00A2                ??_ToggleVIB_Mode 004E  
               i2c_Address@mode 003B                      _RCSTA1bits 000FAC                      _RCSTA2bits 000F9C  
                    _OSCCONbits 000FD3        WriteSTLED316SData@v_mode 0044        WriteSTLED316SData@number 0042  
                    _IR_SENSORF 0017                _Motor_Pause_Time 0095              _Serial_Temp_Buffer 0060  
       STLED316s_SPI_SendData@i 003E         STLED316s_SPI_SendData@t 003F                    ___aldiv@sign 0043  
                    _WDTCONbits 000FC0                     ??_write_i2c 004E             i2c_Read@i2cReadData 003E  
                 write_i2c@data 004C                     _test_redled 0085                     _productType 0015  
       ?_AD_capture_BattVoltage 0032  
